condition,stage_id,label,area,mean_intensity
BE0,1,1,380.0,-324.761170869604
BE0,1,2,203.0,-141.17882707909325
BE0,1,3,587.0,-136.9737683770011
BE0,1,4,337.0,-80.68294191442672
BE0,1,5,413.0,-23.838257654362497
BE0,1,6,454.0,-133.0358288802694
BE0,1,7,423.0,-155.6225494934686
BE0,1,8,461.0,-372.60490873922384
BE0,1,9,316.0,-230.6973467523488
BE0,1,10,505.0,-41.335584626769176
BE0,1,11,392.0,-361.87859836691865
BE0,1,12,300.0,-72.2471357818847
BE0,1,13,550.0,-355.7192569940059
BE0,1,14,417.0,-56.08934201689668
BE0,1,15,651.0,-8.05143685715351
BE0,1,16,708.0,-291.09007363499205
BE0,1,17,721.0,-253.02281770513943
BE0,1,18,443.0,-178.5950665569035
BE0,1,19,464.0,-154.16681968993066
BE0,1,20,577.0,2.080651624238935
BE0,1,21,364.0,-25.700615635364546
BE0,1,22,448.0,-77.99594530569422
BE0,1,23,549.0,-113.44276419718524
BE0,1,24,482.0,-157.78143730332314
BE0,1,25,297.0,-139.20067113542004
BE0,1,26,499.0,4.331888934214171
BE0,1,27,462.0,-48.28652972127863
BE0,1,28,483.0,-144.5862662166673
BE0,1,29,542.0,-78.52671757770266
BE0,1,30,598.0,34.11328785245198
BE0,1,31,554.0,-20.008387286096486
BE0,1,32,431.0,9.342346043327991
BE0,1,33,295.0,11.89297721246559
BE0,1,34,604.0,-43.85651768033944
BE0,1,35,647.0,-431.3638797283041
BE0,1,36,514.0,29.040672259619846
BE0,1,37,739.0,4.226386996644852
BE0,1,38,620.0,-35.687995996938454
BE0,1,39,649.0,-142.92674543776553
BE0,1,40,524.0,-73.78288641801701
BE0,1,41,515.0,-28.841957788357185
BE0,1,42,577.0,41.05465509044345
BE0,1,43,525.0,-183.2966595914085
BE0,1,44,549.0,33.57909372631203
BE0,1,45,431.0,23.323784558409198
BE0,1,46,604.0,-167.482345494909
BE0,1,47,751.0,57.158634302447304
BE0,1,48,263.0,-145.734334767943
BE0,1,49,329.0,-38.760003056454096
BE0,1,50,337.0,-250.28234844261664
BE0,1,51,455.0,66.26421952947061
BE0,1,52,505.0,-170.94746581488798
BE0,1,53,270.0,108.06397532922642
BE0,1,54,492.0,-24.048355294079816
BE0,1,55,496.0,-11.777915351777166
BE0,1,56,406.0,-288.0581374239208
BE0,1,57,506.0,-218.14423723116005
BE0,1,58,551.0,135.10507232458838
BE0,1,59,310.0,122.56361690628734
BE0,1,60,640.0,122.66588505144864
BE0,1,61,603.0,-67.87864490294605
BE0,1,62,591.0,-161.31414085802683
BE0,1,63,1005.0,127.0891826260755
BE0,1,64,789.0,66.93740160721543
BE0,1,65,338.0,-230.57001546630283
BE0,1,66,491.0,-184.37938289661656
BE0,1,67,528.0,118.58847027872137
BE0,1,68,498.0,137.77334614582617
BE0,1,69,1037.0,73.73884943187294
BE0,1,70,668.0,135.08050892869414
BE0,1,71,732.0,65.35095164980929
BE0,1,72,451.0,27.133647662313386
BE0,1,73,619.0,-178.41202538877755
BE0,1,74,348.0,96.83389870087393
BE0,1,75,799.0,142.25340656271274
BE0,1,76,472.0,45.46924839890627
BE0,1,77,570.0,141.91426772688723
BE0,1,78,632.0,158.14758995651192
BE0,1,79,529.0,154.20831475371708
BE0,1,80,736.0,113.9209801601443
BE0,1,81,590.0,-192.5799041434666
BE0,1,82,403.0,70.80133402787544
BE0,1,83,363.0,-197.81683275158164
BE0,1,84,455.0,169.00048326573437
BE0,1,85,589.0,82.86820094703438
BE0,1,86,569.0,180.41238384318854
BE0,1,87,444.0,-41.21425289900181
BE0,1,88,480.0,-100.63255244855137
BE0,1,89,748.0,147.4340585140155
BE0,1,90,983.0,209.40074485561956
BE0,1,91,455.0,66.32795579320688
BE0,1,92,427.0,-234.58640198016727
BE0,1,93,634.0,78.24644991737925
BE0,1,94,358.0,146.26552716038717
BE0,1,95,279.0,-42.90448345213559
BE0,1,96,664.0,116.30396863578599
BE0,1,97,461.0,185.03283529548338
BE0,1,98,563.0,58.2055581198323
BE0,1,99,605.0,-37.685703274997636
BE0,1,100,698.0,214.49622620474375
BE0,1,101,416.0,122.77465908991017
BE0,1,102,492.0,-183.51176992822616
BE0,1,103,650.0,224.2169667822179
BE0,1,104,723.0,133.2400011475759
BE0,1,105,731.0,171.116840506305
BE0,1,106,625.0,-22.67860244855136
BE0,1,107,408.0,96.47639362988001
BE0,1,108,412.0,3.309013085429223
BE0,1,109,376.0,-8.221249257061999
BE0,1,110,401.0,-195.72078499219225
BE0,1,111,338.0,-8.401376413048402
BE0,1,112,534.0,79.35698406830257
BE0,1,113,602.0,19.758622800618074
BE0,1,114,788.0,88.09533460728622
BE0,1,115,479.0,229.18348356397476
BE0,1,116,893.0,123.9072501830276
BE0,1,117,377.0,-195.84536743528875
BE0,1,118,437.0,81.28024789469808
BE0,1,119,468.0,226.56525738050848
BE0,1,120,518.0,234.19469175994286
BE0,1,121,755.0,239.16434324681288
BE0,1,122,670.0,274.61604829771727
BE0,1,123,432.0,182.12277162552272
BE0,1,124,726.0,159.92008184896932
BE0,1,125,445.0,114.65698406830258
BE0,1,126,441.0,119.74923610020147
BE0,1,127,483.0,249.227398379606
BE0,1,128,716.0,255.70547129446544
BE0,1,129,485.0,-175.13648286092248
BE0,1,130,518.0,77.61361067886176
BE0,1,131,697.0,235.1576466188805
BE0,1,132,673.0,224.69124955739218
BE0,1,133,365.0,158.1382523459692
BE0,1,134,332.0,-58.70958558108148
BE0,1,135,573.0,148.91551692317637
BE0,1,136,411.0,-34.43594356777277
BE0,1,137,689.0,155.493454445498
BE0,1,138,683.0,281.9107949160167
BE0,1,139,654.0,57.97396513554649
BE0,1,140,125.0,86.25419755144864
BE0,1,141,970.0,166.26042435557238
BE0,1,142,360.0,256.94730866255975
BE0,1,143,466.0,141.2737511995173
BE0,1,144,455.0,162.18729645254754
BE0,1,145,531.0,253.578476270846
BE0,1,146,832.0,301.39364947452555
BE0,1,147,468.0,98.56312062837172
BE0,1,148,283.0,129.2812505549822
BE0,1,149,534.0,258.7202799484524
BE0,1,150,428.0,-116.61660618686912
BE0,1,151,662.0,114.18257217380513
BE0,1,152,573.0,263.1580998202096
BE0,1,153,760.0,39.16514491986969
BE0,1,154,598.0,106.5631206283717
BE0,1,155,550.0,303.55892482417596
BE0,1,156,316.0,159.0684760324613
BE0,1,157,687.0,-71.78017799440289
BE0,1,158,634.0,270.74802720444546
BE0,1,159,528.0,-2.8831206303695414
BE0,1,160,464.0,197.0896458273107
BE0,1,161,746.0,287.57064795359344
BE0,1,162,371.0,75.96598191802545
BE0,1,163,404.0,165.7040193336269
BE0,1,164,570.0,159.83882913039602
BE0,1,165,804.0,303.8991328748317
BE0,1,166,637.0,232.47206882303425
BE0,1,167,723.0,118.32298869944312
BE0,1,168,887.0,101.81426970477446
BE0,1,169,634.0,40.79534581643287
BE0,1,170,615.0,217.03904307990393
BE0,1,171,661.0,120.03233976022324
BE0,1,172,322.0,97.35886835890206
BE0,1,173,505.0,210.10995992768628
BE0,1,174,685.0,225.69203696750702
BE0,1,175,636.0,-47.729211253582804
BE0,1,176,632.0,131.15866590587902
BE0,1,177,624.0,215.7121590899102
BE0,1,178,305.0,201.25013197767817
BE0,1,179,668.0,228.2466765933648
BE0,1,180,842.0,248.54082938042728
BE0,1,181,856.0,280.97801998135515
BE0,1,182,498.0,160.6930248606856
BE0,1,183,557.0,239.87578462505724
BE0,1,184,380.0,55.35461860408022
BE0,1,185,108.0,-205.29158022632907
BE0,1,186,527.0,327.4027060903481
BE0,1,187,626.0,76.21942438850935
BE0,1,188,543.0,111.18969663063832
BE0,1,189,1013.0,207.3302251921199
BE0,1,190,542.0,209.53785806805382
BE0,1,191,772.0,312.413658691345
BE0,1,192,409.0,201.8162709010819
BE0,1,193,649.0,345.40607428488465
BE0,1,194,440.0,233.4907430059941
BE0,1,195,831.0,339.42362234085897
BE0,1,196,510.0,250.49207990438984
BE0,1,197,770.0,73.05113261638371
BE0,1,198,783.0,253.32272373280242
BE0,1,199,398.0,232.61433825496624
BE0,1,200,995.0,75.42288096853407
BE0,1,201,499.0,211.16555626888353
BE0,1,202,589.0,267.30792930017526
BE0,1,203,671.0,67.77680857976459
BE0,1,204,928.0,289.91399927558655
BE0,1,205,470.0,169.05641031740612
BE0,1,206,573.0,270.95391133853417
BE0,1,207,224.0,246.8433404085915
BE0,1,208,743.0,183.8778530023235
BE0,1,209,862.0,104.44327411757392
BE0,1,210,628.0,237.91772621386897
BE0,1,211,747.0,248.83693382989574
BE0,1,212,422.0,-11.006693443812024
BE0,1,213,531.0,246.41840094127915
BE0,1,214,665.0,-0.3213212455438409
BE0,1,215,574.0,186.76145887549043
BE0,1,216,441.0,218.8762202271856
BE0,1,217,723.0,166.19159174232
BE0,1,218,310.0,248.75071368048094
BE0,1,219,709.0,256.9163809082893
BE0,1,220,813.0,265.06061329560606
BE0,1,221,845.0,276.34773601298707
BE0,1,222,491.0,188.52285742924903
BE0,1,223,595.0,274.2761135178352
BE0,1,224,680.0,50.19060931615452
BE0,1,225,568.0,185.86119755144864
BE0,1,226,547.0,186.44597817302088
BE0,1,227,475.0,64.27988176197495
BE0,1,228,527.0,52.2888540979382
BE0,1,229,712.0,87.55501777616774
BE0,1,230,290.0,210.5827492755866
BE0,1,231,349.0,31.480466892422854
BE0,1,232,742.0,258.0967096808287
BE0,1,233,647.0,235.34245721141775
BE0,1,234,786.0,44.74446727155043
BE0,1,235,486.0,236.26191771605772
BE0,1,236,639.0,138.9963696954236
BE0,1,237,705.0,239.67485003371814
BE0,1,238,189.0,-208.34449027923915
BE0,1,239,786.0,88.52818228427307
BE0,1,240,742.0,257.47272046249986
BE0,1,241,597.0,-175.34127313531852
BE0,1,242,462.0,-2.061421496170407
BE0,1,243,763.0,153.4508109197317
BE0,1,244,769.0,241.50960457355527
BE0,1,245,340.0,13.445021080860405
BE0,1,246,606.0,-1.309181986505155
BE0,1,247,655.0,35.805281520914285
BE0,1,248,647.0,18.322364475714483
BE0,1,249,839.0,113.7066981473962
BE0,1,250,833.0,239.75990703524215
BE0,1,251,606.0,226.99774870656415
BE0,1,252,859.0,127.28480057822395
BE0,1,253,412.0,101.71192570678845
BE0,1,254,933.0,163.67805178510352
BE0,1,255,436.0,198.5871149826413
BE0,1,256,828.0,147.5526226722216
BE0,1,257,525.0,91.43667374192484
BE0,1,258,676.0,130.50246974079775
BE0,1,259,537.0,36.732007607314564
BE0,1,260,424.0,14.76921641937317
BE0,1,261,743.0,39.55349230245806
BE0,1,262,566.0,-36.595074533357014
BE0,1,263,493.0,119.31986895104296
BE0,1,264,489.0,171.69887648805397
BE0,1,265,671.0,142.40721096426532
BE0,1,266,720.0,110.2417531070042
BE0,1,267,653.0,162.95480398330162
BE0,1,268,750.0,59.06753088478197
BE0,1,269,832.0,186.3804283206794
BE0,1,270,647.0,165.53256540307152
BE0,1,271,665.0,147.35537048377947
BE0,1,272,424.0,-82.16002886364569
BE0,1,273,700.0,-67.80094530569421
BE0,1,274,615.0,-0.25689187944566866
BE0,1,275,891.0,86.00359373551149
BE0,1,276,677.0,-13.903758135405127
BE0,1,277,732.0,-121.45369315893389
BE0,1,278,888.0,-143.41357722332614
BE0,1,279,844.0,-236.32659865708214
BE0,1,280,444.0,-99.67146010620901
BE0,1,281,474.0,64.02417223499295
BE0,1,282,721.0,-96.7690035581214
BE0,1,283,361.0,-25.059508819742497
BE0,1,284,284.0,-239.5278869555936
BE0,1,285,1105.0,-108.30656262954683
BE0,1,286,703.0,44.21734975628505
BE0,1,287,522.0,-222.5789365481682
BE0,1,288,637.0,9.184784678607196
BE0,1,289,394.0,60.930359987996866
BE0,1,290,394.0,0.9176696326669144
BE0,1,291,846.0,28.47910535286708
BE0,1,292,754.0,71.3164362782391
BE0,1,293,865.0,-116.16813770866696
BE0,1,294,295.0,14.381112805685929
BE0,1,295,708.0,-56.50250301352311
BE0,1,296,825.0,60.682561187812276
BE0,1,297,606.0,48.433392270920585
BE0,1,298,443.0,82.02570093745315
BE0,1,299,609.0,31.335130227967525
BE0,1,300,379.0,-7.743353899738695
BE0,1,301,939.0,-163.2145479224598
BE0,1,302,589.0,59.431868179632005
BE0,1,303,636.0,-12.00751314037526
BE0,1,304,343.0,-0.0006829150236629098
BE0,1,305,472.0,-126.7998193977039
BE0,1,306,847.0,-173.22336561266
BE0,1,307,534.0,37.39256459264714
BE0,1,308,511.0,-221.83474178318932
BE0,1,309,411.0,24.851161055098274
BE0,1,310,498.0,-83.34512774975617
BE0,1,311,190.0,21.35461860408022
BE0,1,312,901.0,-210.3051454008266
BE0,1,313,552.0,-130.17503433260933
BE0,1,314,715.0,-60.759956294705205
BE0,1,315,193.0,-305.7728698060643
BE0,1,316,768.0,23.020051718115308
BE0,1,317,484.0,-104.07165368822078
BE0,1,318,680.0,-180.11968480149253
BE0,1,319,553.0,-176.07438111039585
BE0,1,320,369.0,-45.70079431847005
BE0,1,321,663.0,-26.972324318837938
BE0,1,322,823.0,-117.25013294672875
BE0,1,323,748.0,-94.47235859828399
BE0,1,324,857.0,-21.890698597909584
BE0,1,325,537.0,-154.39648401279717
BE0,1,326,541.0,-220.05354366851438
BE0,1,327,334.0,-125.88206592160526
BE0,1,328,577.0,-50.233039883560025
BE0,1,329,612.0,-38.93210310214613
BE0,1,330,535.0,-208.39043796257002
BE0,1,331,567.0,-244.78717105525328
BE0,1,332,332.0,-74.83910365337064
BE0,1,333,761.0,-186.63469600965516
BE0,1,334,1040.0,-212.10418706393597
BE0,1,335,711.0,-129.09326799004222
BE0,1,336,767.0,-320.2008950169998
BE0,1,337,584.0,-104.66791203759246
BE0,1,338,415.0,-160.11380244855133
BE0,1,339,367.0,-44.3966362360173
BE0,1,340,564.0,-31.141462023019447
BE0,1,341,725.0,-171.52897486234446
BE0,1,342,794.0,-253.7253893503146
BE0,1,343,391.0,-167.84116817745158
BE0,1,344,283.0,-56.85302506339235
BE0,1,345,386.0,-152.99048638637518
BE0,1,346,294.0,-111.51380244855137
BE0,1,347,269.0,-103.59558683516845
BE0,1,348,217.0,-135.92394069739927
BE0,10,1,374.0,-134.90113638088744
BE0,10,2,300.0,4.475441159219518
BE0,10,3,486.0,-47.9314724210274
BE0,10,4,860.0,-145.3054890733386
BE0,10,5,704.0,-162.70018384078048
BE0,10,6,706.0,9.607225861769093
BE0,10,7,417.0,-254.04067394869418
BE0,10,8,277.0,-66.99322310070828
BE0,10,9,296.0,-132.61023451645616
BE0,10,10,599.0,50.68522413083888
BE0,10,11,808.0,-97.2835687417706
BE0,10,12,1012.0,1.2828324635673436
BE0,10,13,507.0,65.1862498377205
BE0,10,14,731.0,-52.06280781478869
BE0,10,15,618.0,-238.02760091197788
BE0,10,16,721.0,-112.41756854951834
BE0,10,17,648.0,-97.84968229757061
BE0,10,18,804.0,24.370167527378722
BE0,10,19,739.0,16.238986490748612
BE0,10,20,584.0,17.505509652370204
BE0,10,21,785.0,64.19633287896474
BE0,10,22,869.0,-105.45613536552158
BE0,10,23,723.0,21.686810453825327
BE0,10,24,467.0,17.254413321960417
BE0,10,25,571.0,-102.36494412974722
BE0,10,26,427.0,-92.36957055038236
BE0,10,27,584.0,10.870235679767463
BE0,10,28,847.0,34.589939388263204
BE0,10,29,871.0,34.287312571389435
BE0,10,30,663.0,54.1894984744533
BE0,10,31,630.0,-129.23059058681224
BE0,10,32,849.0,-94.1704245651621
BE0,10,33,683.0,47.02627571266022
BE0,10,34,420.0,-13.29170169792334
BE0,10,35,654.0,-18.563763733746843
BE0,10,36,708.0,13.943972232665844
BE0,10,37,441.0,-121.44759738953331
BE0,10,38,943.0,-67.1898610677158
BE0,10,39,508.0,58.7367010017392
BE0,10,40,517.0,8.726466304287216
BE0,10,41,651.0,69.86459630514885
BE0,10,42,349.0,41.23377926810203
BE0,10,43,825.0,1.549986613764972
BE0,10,44,630.0,-21.624241380463022
BE0,10,45,515.0,23.265926596112724
BE0,10,46,810.0,67.33766338144174
BE0,10,47,852.0,107.2015913939613
BE0,10,48,736.0,-103.62477623208483
BE0,10,49,656.0,-56.10986371882926
BE0,10,50,514.0,-6.416076350508109
BE0,10,51,645.0,72.45885201193269
BE0,10,52,434.0,60.35000337120108
BE0,10,53,411.0,-20.654145215476344
BE0,10,54,682.0,-83.97341514576583
BE0,10,55,752.0,79.36863264858123
BE0,10,56,854.0,93.25806411003919
BE0,10,57,244.0,44.13511329036706
BE0,10,58,668.0,71.7450818777824
BE0,10,59,821.0,30.83249353437177
BE0,10,60,596.0,72.08725323975642
BE0,10,61,764.0,-23.125658317220275
BE0,10,62,699.0,-166.7439293701081
BE0,10,63,416.0,110.04621038998874
BE0,10,64,503.0,-29.959906753305333
BE0,10,65,769.0,132.45913426715188
BE0,10,66,406.0,45.17997317892396
BE0,10,67,223.0,-20.31460368382981
BE0,10,68,672.0,-175.99854693601858
BE0,10,69,934.0,23.75869597720667
BE0,10,70,524.0,79.29063199891418
BE0,10,71,673.0,134.61187503737702
BE0,10,72,781.0,165.35961529494296
BE0,10,73,717.0,149.3691371145891
BE0,10,74,674.0,54.305055402542955
BE0,10,75,830.0,173.33351344837615
BE0,10,76,1238.0,93.55938300089964
BE0,10,77,537.0,15.971865740225102
BE0,10,78,753.0,114.41703478471753
BE0,10,79,851.0,160.93177488424888
BE0,10,80,680.0,77.37720586510187
BE0,10,81,388.0,175.13245146849786
BE0,10,82,803.0,156.07820579184718
BE0,10,83,631.0,36.2940465474921
BE0,10,84,511.0,153.27532374238976
BE0,10,85,395.0,160.1141753364347
BE0,10,86,875.0,102.15829830207666
BE0,10,87,551.0,135.70110359116146
BE0,10,88,457.0,152.97736676097006
BE0,10,89,796.0,183.44735070695822
BE0,10,90,488.0,17.141260831350664
BE0,10,91,481.0,130.83207317585152
BE0,10,92,501.0,156.10885433287223
BE0,10,93,621.0,143.4885490497187
BE0,10,94,265.0,2.672044932804423
BE0,10,95,753.0,35.34930570105219
BE0,10,96,423.0,-189.84176924267175
BE0,10,97,687.0,73.31616896125736
BE0,10,98,785.0,147.21161950316858
BE0,10,99,764.0,40.88350398644465
BE0,10,100,704.0,100.78987297740133
BE0,10,101,526.0,-176.39748659743447
BE0,10,102,866.0,197.8189053624528
BE0,10,103,892.0,194.6640958677397
BE0,10,104,807.0,179.59239283208197
BE0,10,105,512.0,107.04786303421952
BE0,10,106,443.0,-49.225190894956555
BE0,10,107,871.0,-51.90901349060827
BE0,10,108,870.0,212.65337219370224
BE0,10,109,518.0,158.7208465646249
BE0,10,110,466.0,78.56866004333969
BE0,10,111,658.0,190.45221927472105
BE0,10,112,606.0,-50.18455884078048
BE0,10,113,405.0,77.35618189996025
BE0,10,114,1184.0,86.29601548354384
BE0,10,115,827.0,122.45389339622072
BE0,10,116,726.0,117.14464226114788
BE0,10,117,413.0,65.064835832343
BE0,10,118,735.0,112.626325512961
BE0,10,119,687.0,190.67133635572605
BE0,10,120,533.0,182.88673571831896
BE0,10,121,217.0,166.96290659700753
BE0,10,122,758.0,120.88008495869181
BE0,10,123,618.0,72.51608840841045
BE0,10,124,817.0,107.71140199153287
BE0,10,125,756.0,183.54295438673276
BE0,10,126,792.0,-149.59996288118452
BE0,10,127,600.0,87.92710782588618
BE0,10,128,587.0,184.25496415751593
BE0,10,129,724.0,216.7753859106007
BE0,10,130,799.0,141.82295054595292
BE0,10,131,983.0,183.49906272585227
BE0,10,132,616.0,115.17745414623249
BE0,10,133,1006.0,119.72398986697299
BE0,10,134,576.0,209.1400939369973
BE0,10,135,846.0,134.52347898427863
BE0,10,136,828.0,-65.98649120793024
BE0,10,137,781.0,202.42491619122973
BE0,10,138,944.0,207.56014454905005
BE0,10,139,770.0,176.48167492545326
BE0,10,140,505.0,127.89464908001159
BE0,10,141,608.0,70.23155958027215
BE0,10,142,645.0,150.5952861204598
BE0,10,143,361.0,190.52458243345774
BE0,10,144,1043.0,228.40796273160686
BE0,10,145,522.0,61.60088177224633
BE0,10,146,790.0,122.52303609592838
BE0,10,147,338.0,187.74443524205975
BE0,10,148,820.0,166.23739237873173
BE0,10,149,584.0,200.83598910442498
BE0,10,150,759.0,249.99594181798102
BE0,10,151,636.0,98.63776820324468
BE0,10,152,975.0,88.00313346691182
BE0,10,153,765.0,179.72393789124567
BE0,10,154,695.0,241.2542900800828
BE0,10,155,558.0,142.3853336323378
BE0,10,156,762.0,144.92174037181792
BE0,10,157,805.0,29.050223767915167
BE0,10,158,499.0,177.4346796361734
BE0,10,159,950.0,84.23438852764056
BE0,10,160,852.0,224.35065242682512
BE0,10,161,744.0,20.060064815133497
BE0,10,162,858.0,232.2315250753034
BE0,10,163,1035.0,-11.521756908413332
BE0,10,164,878.0,-101.97043583394677
BE0,10,165,492.0,195.12235172832519
BE0,10,166,559.0,236.7886075277347
BE0,10,167,753.0,192.67732694939218
BE0,10,168,538.0,18.04964190271394
BE0,10,169,636.0,69.50412040450254
BE0,10,170,704.0,-31.32376338623503
BE0,10,171,743.0,161.60951922113068
BE0,10,172,632.0,216.0844285009917
BE0,10,173,488.0,227.89126083135065
BE0,10,174,641.0,-22.360845892262542
BE0,10,175,865.0,-83.34062820494235
BE0,10,176,296.0,204.68706278084113
BE0,10,177,471.0,137.90885941824286
BE0,10,178,514.0,201.43800925260473
BE0,10,179,727.0,177.17169975619336
BE0,10,180,884.0,3.6570701184955356
BE0,10,181,842.0,192.29881408083472
BE0,10,182,597.0,-98.77249853927296
BE0,10,183,508.0,52.07331517496755
BE0,10,184,711.0,184.12486450661754
BE0,10,185,615.0,137.55853059011383
BE0,10,186,675.0,82.20210782588619
BE0,10,187,479.0,-15.748233162283615
BE0,10,188,227.0,79.58636626935166
BE0,10,189,435.0,-117.79375424307933
BE0,10,190,802.0,130.80795986246142
BE0,10,191,672.0,77.57288163541
BE0,10,192,842.0,-105.62161347260945
BE0,10,193,296.0,152.0553060240844
BE0,10,194,815.0,148.99949023897412
BE0,10,195,181.0,113.99776160120844
BE0,10,196,890.0,9.440160260343113
BE0,10,197,506.0,170.80951230546455
BE0,10,198,361.0,-140.19840925629296
BE0,10,199,918.0,190.25443898057028
BE0,10,200,790.0,-30.88835630913491
BE0,10,201,806.0,-1.2813330343288696
BE0,10,202,621.0,162.80416901751258
BE0,10,203,559.0,154.4737595849798
BE0,10,204,517.0,70.50983187488683
BE0,10,205,552.0,146.02196289834993
BE0,10,206,738.0,198.58644386924664
BE0,10,207,793.0,168.683032584188
BE0,10,208,697.0,154.0249103127346
BE0,10,209,511.0,143.01504976978705
BE0,10,210,620.0,7.063828255993711
BE0,10,211,617.0,189.2416972370153
BE0,10,212,925.0,148.19057629435466
BE0,10,213,888.0,-30.160910192131833
BE0,10,214,843.0,107.87356690061928
BE0,10,215,638.0,172.4643439805361
BE0,10,216,1044.0,8.439962232016452
BE0,10,217,637.0,-41.32898584235034
BE0,10,218,440.0,60.94044115921952
BE0,10,219,1009.0,61.582537294006436
BE0,10,220,679.0,93.43252510620036
BE0,10,221,676.0,64.21780802312483
BE0,10,222,413.0,5.517620335974965
BE0,10,223,615.0,-58.16992469443902
BE0,10,224,642.0,83.50391467946874
BE0,10,225,683.0,36.20636356039082
BE0,10,226,897.0,78.22123826066878
BE0,10,227,709.0,26.945201384889472
BE0,10,228,829.0,103.02533259468393
BE0,10,229,820.0,137.05080701287804
BE0,10,230,1117.0,147.75366855402703
BE0,10,231,837.0,142.0281054363999
BE0,10,232,660.0,100.49119873497709
BE0,10,233,941.0,33.5816473228752
BE0,10,234,606.0,159.88474808991256
BE0,10,235,620.0,44.428344385025966
BE0,10,236,804.0,-28.19077774625312
BE0,10,237,688.0,149.51456906619626
BE0,10,238,773.0,162.54377233645107
BE0,10,239,665.0,46.756794542678165
BE0,10,240,497.0,43.511618221593764
BE0,10,241,711.0,-36.26754055667359
BE0,10,242,770.0,159.1998567436351
BE0,10,243,641.0,18.467547243462885
BE0,10,244,219.0,-31.476796283702857
BE0,10,245,473.0,174.07759760742246
BE0,10,246,554.0,153.72879855994154
BE0,10,247,584.0,-18.405449251739388
BE0,10,248,655.0,141.89483047219662
BE0,10,249,623.0,106.45107518811196
BE0,10,250,729.0,155.47387737321128
BE0,10,251,463.0,137.2106895393491
BE0,10,252,711.0,64.5453989651267
BE0,10,253,876.0,122.95927677565786
BE0,10,254,850.0,90.12367645333717
BE0,10,255,880.0,151.32112297740136
BE0,10,256,780.0,-19.964046020267663
BE0,10,257,829.0,102.66465708201807
BE0,10,258,831.0,68.67344356595838
BE0,10,259,519.0,95.21043152530815
BE0,10,260,492.0,-22.27195721476422
BE0,10,261,559.0,96.62760573882596
BE0,10,262,659.0,119.62120747181434
BE0,10,263,704.0,43.64356615921952
BE0,10,264,188.0,74.28884541453867
BE0,10,265,585.0,-140.6050716612933
BE0,10,266,577.0,71.5936040708313
BE0,10,267,782.0,-111.29836958246845
BE0,10,268,771.0,106.36667332523768
BE0,10,269,519.0,36.53413094727347
BE0,10,270,458.0,115.50321408498371
BE0,10,271,812.0,58.27849534641164
BE0,10,272,785.0,66.01926281527047
BE0,10,273,448.0,64.59222687350523
BE0,10,274,596.0,15.250004917608779
BE0,10,275,408.0,-45.51544119372166
BE0,10,276,449.0,48.18292445543332
BE0,10,277,273.0,-106.25781891404056
BE0,10,278,680.0,-90.86691178195696
BE0,10,279,575.0,20.025875941828215
BE0,10,280,1004.0,43.685959087506376
BE0,10,281,900.0,50.758774492552845
BE0,10,282,600.0,-21.01122550744715
BE0,10,283,492.0,-19.481306808260157
BE0,10,284,544.0,-65.0613970760746
BE0,10,285,595.0,-115.0265756475032
BE0,10,286,613.0,-80.5157170789534
BE0,10,287,828.0,7.617373526369276
BE0,10,288,688.0,20.312534182475332
BE0,10,289,822.0,-59.603050324965395
BE0,10,290,444.0,-81.23410839033004
BE0,10,291,853.0,39.55166624714449
BE0,10,292,649.0,-5.438796128916076
BE0,10,293,453.0,-49.11833367521757
BE0,10,294,693.0,-66.82958048580214
BE0,10,295,750.0,-42.27389217411381
BE0,10,296,741.0,-46.75405951554431
BE0,10,297,450.0,15.86877449255285
BE0,10,298,198.0,-76.79566995189163
BE0,10,299,423.0,-51.9552444199767
BE0,10,300,977.0,-10.99929783770986
BE0,10,301,292.0,-198.06812048461612
BE0,10,302,683.0,-170.6838267763588
BE0,10,303,583.0,-105.90497050458838
BE0,10,304,650.0,-7.889174225395867
BE0,10,305,973.0,-39.957426261129925
BE0,10,306,697.0,-134.83592182499856
BE0,10,307,741.0,-59.62045627667791
BE0,10,308,535.0,-109.74156818657487
BE0,10,309,1077.0,-11.038783539016324
BE0,10,310,744.0,-88.6630534644364
BE0,10,311,511.0,-145.6131302693519
BE0,10,312,924.0,-37.202957109178755
BE0,10,313,434.0,-150.86658649055008
BE0,10,314,709.0,-20.006843749102064
BE0,10,315,388.0,-99.86239389232688
BE0,10,316,533.0,-118.15641625166229
BE0,10,317,503.0,-69.27402206145642
BE0,10,318,603.0,-59.216067961841844
BE0,10,319,594.0,-123.57849823471987
BE0,10,320,759.0,-42.58508585000314
BE0,10,321,753.0,-64.6998310851364
BE0,10,322,648.0,-66.07344772966937
BE0,10,323,717.0,-92.63086288541089
BE0,10,324,800.0,-133.9620588407805
BE0,10,325,779.0,-99.71729311549166
BE0,10,326,486.0,-58.41706912884632
BE0,10,327,648.0,-170.11202797658297
BE0,10,328,413.0,-104.70029733956984
BE0,10,329,672.0,-100.79765407887572
BE0,10,330,542.0,-58.108913084322914
BE0,10,331,564.0,-41.57817586205708
BE0,10,332,397.0,-110.1669265989669
BE0,10,333,580.0,-113.03800711664256
BE0,10,334,342.0,-57.705026677037786
BE0,10,335,101.0,-95.03604398929538
BE0,11,1,238.0,-473.5856959524144
BE0,11,2,551.0,13.789260200645641
BE0,11,3,512.0,-19.76536703959937
BE0,11,4,840.0,-399.9898276050755
BE0,11,5,503.0,-108.32077288577234
BE0,11,6,826.0,23.410031151986587
BE0,11,7,572.0,-371.58449127473926
BE0,11,8,825.0,-54.9437453539933
BE0,11,9,704.0,-333.720090050963
BE0,11,10,590.0,-340.5260463298536
BE0,11,11,578.0,14.194333706507898
BE0,11,12,660.0,80.91352737327942
BE0,11,13,418.0,-129.71478203660894
BE0,11,14,562.0,78.49628915479565
BE0,11,15,904.0,100.8055158420378
BE0,11,16,734.0,-113.76249855356396
BE0,11,17,771.0,85.06164080329945
BE0,11,18,691.0,20.980424272810183
BE0,11,19,499.0,6.792682653536904
BE0,11,20,385.0,-359.61006570031367
BE0,11,21,620.0,80.40145503701353
BE0,11,22,882.0,-1.220950054055151
BE0,11,23,915.0,7.457069350427954
BE0,11,24,864.0,61.39370414095619
BE0,11,25,355.0,-20.10181620333176
BE0,11,26,709.0,134.31796170246693
BE0,11,27,281.0,132.0087446708099
BE0,11,28,242.0,-348.2491448030291
BE0,11,29,563.0,-10.53429812863134
BE0,11,30,681.0,-2.2059960548343174
BE0,11,31,928.0,-225.4646531387373
BE0,11,32,568.0,95.68762041638655
BE0,11,33,836.0,156.05674906386952
BE0,11,34,637.0,-233.88133728587098
BE0,11,35,770.0,10.501622611374657
BE0,11,36,518.0,146.18298449273652
BE0,11,37,314.0,-6.055561605682171
BE0,11,38,556.0,-1.5265096879806634
BE0,11,39,815.0,24.502642450431306
BE0,11,40,765.0,166.7331649252699
BE0,11,41,663.0,192.34804677544588
BE0,11,42,833.0,66.09677703678119
BE0,11,43,798.0,167.97865610419763
BE0,11,44,986.0,216.99674392008623
BE0,11,45,882.0,186.31192976453897
BE0,11,46,553.0,43.37872272644945
BE0,11,47,813.0,157.58069163583113
BE0,11,48,995.0,-114.6861604598255
BE0,11,49,761.0,206.92348038566345
BE0,11,50,581.0,152.83502896405813
BE0,11,51,341.0,173.78004741238013
BE0,11,52,1056.0,103.4356864641885
BE0,11,53,983.0,105.58999243077194
BE0,11,54,188.0,180.57352092582616
BE0,11,55,656.0,212.91894126832747
BE0,11,56,743.0,239.63365666077075
BE0,11,57,866.0,54.81952849302188
BE0,11,58,674.0,110.00858627086058
BE0,11,59,664.0,-82.53459237845479
BE0,11,60,677.0,103.82365449382013
BE0,11,61,577.0,250.83024130637116
BE0,11,62,839.0,-50.087879424134535
BE0,11,63,387.0,233.3583359239019
BE0,11,64,909.0,38.52757377791989
BE0,11,65,523.0,25.20490288750388
BE0,11,66,481.0,-56.31063000087796
BE0,11,67,1026.0,-170.3734742216169
BE0,11,68,1118.0,175.02699026697488
BE0,11,69,798.0,231.57640046509988
BE0,11,70,703.0,240.95416921128967
BE0,11,71,563.0,-50.62666047321393
BE0,11,72,956.0,178.6480335226391
BE0,11,73,582.0,169.53681697028034
BE0,11,74,933.0,-33.0501820684043
BE0,11,75,462.0,235.17608148583352
BE0,11,76,938.0,252.55496628262878
BE0,11,77,1000.0,279.08664858540067
BE0,11,78,799.0,276.858877621696
BE0,11,79,861.0,173.25009690131236
BE0,11,80,698.0,154.97622165130323
BE0,11,81,509.0,239.88861518657941
BE0,11,82,1227.0,210.46635763185537
BE0,11,83,959.0,28.613500514493435
BE0,11,84,599.0,267.3691377339816
BE0,11,85,940.0,-146.3615854571526
BE0,11,86,496.0,94.15468084346514
BE0,11,87,757.0,237.14222718513645
BE0,11,88,701.0,100.61231049695556
BE0,11,89,417.0,20.246871606983365
BE0,11,90,680.0,202.39035446775358
BE0,11,91,638.0,197.53897146941316
BE0,11,92,759.0,-150.28298119062046
BE0,11,93,784.0,243.1863628711149
BE0,11,94,832.0,206.55209089309295
BE0,11,95,1046.0,258.31866961790536
BE0,11,96,546.0,155.2518390615911
BE0,11,97,706.0,231.84788654574058
BE0,11,98,505.0,211.222183238866
BE0,11,99,713.0,196.75250693042167
BE0,11,100,706.0,202.97253243809186
BE0,11,101,284.0,176.00804295159782
BE0,11,102,1023.0,122.07134751013182
BE0,11,103,696.0,-174.10078819620855
BE0,11,104,796.0,-168.52711523369487
BE0,11,105,807.0,229.06499183199296
BE0,11,106,675.0,116.20898191873395
BE0,11,107,656.0,209.1308315122299
BE0,11,108,891.0,151.3777810208664
BE0,11,109,705.0,128.09834362086164
BE0,11,110,1013.0,92.73862982923085
BE0,11,111,365.0,-192.92435141459936
BE0,11,112,313.0,-196.51987857114887
BE0,11,113,246.0,52.36101443905917
BE0,11,114,446.0,209.5065902894365
BE0,11,115,680.0,225.2565309383418
BE0,11,116,766.0,-170.72174044854194
BE0,11,117,885.0,186.43610056280178
BE0,11,118,948.0,58.08261061071709
BE0,11,119,818.0,213.0824945511708
BE0,11,120,816.0,158.03055054618494
BE0,11,121,522.0,207.1760317271631
BE0,11,122,694.0,179.72089354217294
BE0,11,123,730.0,91.36468968129105
BE0,11,124,713.0,234.2588182908705
BE0,11,125,1127.0,131.35639392701555
BE0,11,126,829.0,150.12486450819918
BE0,11,127,733.0,164.74631707107594
BE0,11,128,890.0,7.650929484277036
BE0,11,129,834.0,-87.43538258965931
BE0,11,130,885.0,-63.40231751629428
BE0,11,131,651.0,-11.341862935336696
BE0,11,132,644.0,-70.88894768789129
BE0,11,133,757.0,-112.25539500773014
BE0,11,134,904.0,2.0687901783209854
BE0,11,135,881.0,102.71946243330075
BE0,11,136,766.0,-42.86273261564376
BE0,11,137,761.0,115.83412427528238
BE0,11,138,847.0,-42.053749289451794
BE0,11,139,745.0,-23.74448564278729
BE0,11,140,632.0,-79.49492103485254
BE0,11,141,517.0,93.26017469758632
BE0,11,142,894.0,121.61904903282792
BE0,11,143,797.0,80.5341178451246
BE0,11,144,780.0,128.1628280725801
BE0,11,145,677.0,-0.19407076467322382
BE0,11,146,912.0,-28.329614572494105
BE0,11,147,793.0,92.04235728653556
BE0,11,148,931.0,12.04578822020192
BE0,11,149,717.0,6.855843843420157
BE0,11,150,960.0,2.6912735854006313
BE0,11,151,650.0,-18.208966799214753
BE0,11,152,752.0,23.678574117315524
BE0,11,153,750.0,82.12098191873396
BE0,11,154,209.0,-28.13104997919267
BE0,11,155,105.0,-249.89577998602795
BE0,11,156,785.0,57.344438394317834
BE0,11,157,296.0,22.336459396211442
BE0,11,158,437.0,-105.02412258164742
BE0,11,159,1275.0,-214.13533180675626
BE0,11,160,726.0,-56.239502929750884
BE0,11,161,538.0,24.784942265698028
BE0,11,162,703.0,-264.6418478584116
BE0,11,163,790.0,67.60729415502088
BE0,11,164,627.0,61.144867086198076
BE0,11,165,741.0,50.260803781082146
BE0,11,166,672.0,47.01820810921016
BE0,11,167,1056.0,-67.10692717217512
BE0,11,168,599.0,26.15878714967442
BE0,11,169,358.0,77.56335808260734
BE0,11,170,657.0,72.81141723075832
BE0,11,171,623.0,51.63680428363498
BE0,11,172,579.0,-298.4238332798843
BE0,11,173,548.0,35.038422308028366
BE0,11,174,1022.0,-37.72141599385573
BE0,11,175,703.0,-21.751378441626397
BE0,11,176,998.0,-294.09809890958934
BE0,11,177,851.0,10.388457046035178
BE0,11,178,720.0,21.699259696511742
BE0,11,179,758.0,10.93659845347451
BE0,11,180,816.0,-134.9155278851876
BE0,11,181,464.0,-29.5584031387373
BE0,11,182,924.0,-30.02629946654742
BE0,11,183,427.0,-161.0522202670584
BE0,11,184,997.0,-66.6260565299454
BE0,11,185,255.0,-16.32827298322682
BE0,11,186,727.0,-155.12875306521835
BE0,11,187,660.0,-122.50616959641755
BE0,11,188,303.0,-158.62864184364227
BE0,11,189,941.0,-70.17068510216578
BE0,11,190,330.0,-64.11829080853876
BE0,11,191,865.0,-109.40643233945485
BE0,11,192,486.0,-65.45891931583394
BE0,11,193,193.0,-194.097408409418
BE0,11,194,58.0,-167.13814451804765
BE0,12,1,486.0,-51.78475521414793
BE0,12,2,215.0,17.699616496063584
BE0,12,3,221.0,10.2874940084281
BE0,12,4,589.0,-70.95504453761589
BE0,12,5,693.0,48.39711641216815
BE0,12,6,747.0,-19.003655506676058
BE0,12,7,500.0,-25.298895131843395
BE0,12,8,595.0,45.09344100261039
BE0,12,9,863.0,33.26909559816819
BE0,12,10,376.0,-83.86498023822637
BE0,12,11,636.0,-267.0462662010258
BE0,12,12,284.0,-23.1750641459279
BE0,12,13,360.0,0.07532709037882847
BE0,12,14,493.0,39.62795273833916
BE0,12,15,587.0,0.5754217335739827
BE0,12,16,273.0,14.384240399292135
BE0,12,17,497.0,-1.8893498602136152
BE0,12,18,624.0,14.60470743225917
BE0,12,19,290.0,-279.7710330628779
BE0,12,20,379.0,50.68687795522785
BE0,12,21,404.0,-264.56273671600184
BE0,12,22,778.0,50.540765536537066
BE0,12,23,833.0,-97.73032850519274
BE0,12,24,650.0,63.971566406618145
BE0,12,25,210.0,49.71500963006137
BE0,12,26,574.0,30.663209397773333
BE0,12,27,424.0,33.169142604005664
BE0,12,28,391.0,12.809626607287042
BE0,12,29,462.0,4.757866772918511
BE0,12,30,630.0,34.541993757045496
BE0,12,31,746.0,4.965705404349635
BE0,12,32,480.0,40.544771534823276
BE0,12,33,671.0,75.65489324371546
BE0,12,34,612.0,-102.83970558935974
BE0,12,35,842.0,66.89586021257466
BE0,12,36,749.0,-93.53274292890613
BE0,12,37,808.0,-34.04540998332854
BE0,12,38,759.0,104.27471224628572
BE0,12,39,464.0,-54.00680892494684
BE0,12,40,698.0,-34.17268309745944
BE0,12,41,611.0,102.74181190579982
BE0,12,42,239.0,75.20038520288462
BE0,12,43,838.0,111.21229341230935
BE0,12,44,576.0,61.82879931260105
BE0,12,45,331.0,-60.228466128822255
BE0,12,46,446.0,126.89122146008486
BE0,12,47,270.0,52.77903079408254
BE0,12,48,710.0,134.26155557238195
BE0,12,49,666.0,75.7479997630515
BE0,12,50,821.0,110.78367734075101
BE0,12,51,335.0,-122.81853692288819
BE0,12,52,590.0,90.1395455461227
BE0,12,53,456.0,102.41231539447239
BE0,12,54,657.0,-34.76028934797734
BE0,12,55,630.0,-108.60562529057354
BE0,12,56,619.0,141.89349259028907
BE0,12,57,757.0,-190.52206025733875
BE0,12,58,467.0,-30.617987208931186
BE0,12,59,701.0,12.058525695546049
BE0,12,60,826.0,76.4705382822002
BE0,12,61,562.0,18.844208071003578
BE0,12,62,824.0,157.59825049922458
BE0,12,63,333.0,9.741993757045496
BE0,12,64,527.0,68.60073295164806
BE0,12,65,595.0,108.07327293538349
BE0,12,66,491.0,127.93253460339082
BE0,12,67,652.0,153.51568155527318
BE0,12,68,689.0,188.08822823535544
BE0,12,69,451.0,165.97727338256902
BE0,12,70,185.0,175.6368886519404
BE0,12,71,464.0,166.18931176470832
BE0,12,72,729.0,-159.68050281359922
BE0,12,73,761.0,186.26966202978605
BE0,12,74,829.0,201.1245162071192
BE0,12,75,923.0,85.30597594074598
BE0,12,76,590.0,164.90225741052947
BE0,12,77,743.0,168.94193393948905
BE0,12,78,483.0,144.54668664869493
BE0,12,79,605.0,61.544013959065694
BE0,12,80,893.0,160.36598280768632
BE0,12,81,876.0,-97.68913257476578
BE0,12,82,789.0,181.44879561593862
BE0,12,83,725.0,175.84069107505317
BE0,12,84,414.0,170.79754931260106
BE0,12,85,594.0,108.95579847085021
BE0,12,86,747.0,164.3336938909143
BE0,12,87,683.0,-90.87603129582583
BE0,12,88,851.0,187.44534928648798
BE0,12,89,529.0,-151.21683842106836
BE0,12,90,565.0,151.64071548762564
BE0,12,91,749.0,202.40050139686156
BE0,12,92,713.0,-82.03188811922067
BE0,12,93,485.0,100.17887806403289
BE0,12,94,843.0,-54.00217389815419
BE0,12,95,248.0,-178.4009273899079
BE0,12,96,374.0,162.5402706435577
BE0,12,97,729.0,121.621280451147
BE0,12,98,807.0,193.48011849888772
BE0,12,99,662.0,27.640113931600713
BE0,12,100,634.0,110.54080202903988
BE0,12,101,790.0,138.62525676689077
BE0,12,102,509.0,53.28336027090709
BE0,12,103,382.0,62.06776455402047
BE0,12,104,367.0,178.11468524962802
BE0,12,105,795.0,145.91977153482327
BE0,12,106,761.0,114.03838739115268
BE0,12,107,654.0,179.7644198528661
BE0,12,108,756.0,210.87955989461162
BE0,12,109,709.0,-15.727995272887117
BE0,12,110,381.0,41.79536208600437
BE0,12,111,666.0,75.12487663992837
BE0,12,112,527.0,119.00111245828943
BE0,12,113,300.0,-129.3668951318434
BE0,12,114,834.0,233.71161805760505
BE0,12,115,823.0,-55.269616881539626
BE0,12,116,617.0,221.09783744514203
BE0,12,117,702.0,216.5240450390968
BE0,12,118,843.0,237.56366240077818
BE0,12,119,216.0,-120.2117099466582
BE0,12,120,609.0,241.26032982710572
BE0,12,121,589.0,-99.99239598073983
BE0,12,122,320.0,229.3593548681566
BE0,12,123,1018.0,48.26076695067134
BE0,12,124,1023.0,123.20012344098163
BE0,12,125,616.0,-102.54462240457067
BE0,12,126,736.0,-20.85749295793035
BE0,12,127,760.0,-11.099526710790762
BE0,12,128,339.0,-91.0878980816959
BE0,12,129,483.0,99.33136573772182
BE0,12,130,689.0,30.221755085863425
BE0,12,131,535.0,100.07740393357716
BE0,12,132,731.0,138.37294070946987
BE0,12,133,810.0,101.2629814113665
BE0,12,134,783.0,222.9259018030225
BE0,12,135,730.0,5.017488429800442
BE0,12,136,869.0,-8.836193175571818
BE0,12,137,753.0,219.9978591842257
BE0,12,138,372.0,64.75633067460821
BE0,12,139,829.0,112.9870011287115
BE0,12,140,783.0,-37.40870866951901
BE0,12,141,599.0,-22.001653061726532
BE0,12,142,701.0,200.92300501080996
BE0,12,143,857.0,171.02580031739814
BE0,12,144,660.0,113.41219577724752
BE0,12,145,360.0,-73.42467290962117
BE0,12,146,571.0,79.14907684714085
BE0,12,147,603.0,91.67731714013007
BE0,12,148,682.0,144.6698204106786
BE0,12,149,817.0,93.41124440304033
BE0,12,150,713.0,171.3201455413684
BE0,12,151,174.0,108.2554037187313
BE0,12,152,542.0,64.6501528386363
BE0,12,153,743.0,208.92982088430736
BE0,12,154,893.0,88.30775212459558
BE0,12,155,325.0,150.6007971758489
BE0,12,156,732.0,181.26567317416752
BE0,12,157,971.0,216.627564188445
BE0,12,158,524.0,183.30157815059937
BE0,12,159,712.0,180.4092846434375
BE0,12,160,273.0,162.59669461174633
BE0,12,161,395.0,5.569560564359138
BE0,12,162,767.0,82.72403055264161
BE0,12,163,690.0,-5.18892411735064
BE0,12,164,162.0,-176.01726550221377
BE0,12,165,754.0,77.67803855515926
BE0,12,166,1008.0,-58.97725227470053
BE0,12,167,703.0,51.72365963344821
BE0,12,168,754.0,128.58917913871363
BE0,12,169,684.0,74.91158440032035
BE0,12,170,973.0,32.03912747863965
BE0,12,171,642.0,66.3328556469728
BE0,12,172,259.0,-175.86118084612912
BE0,12,173,579.0,-65.3161524720852
BE0,12,174,830.0,85.51455065128914
BE0,12,175,669.0,-16.699959406880765
BE0,12,176,856.0,130.1346469242314
BE0,12,177,367.0,42.550652552080315
BE0,12,178,665.0,-62.41757182357273
BE0,12,179,666.0,53.545297060348794
BE0,12,180,389.0,31.966215408002363
BE0,12,181,514.0,-38.49514415908075
BE0,12,182,720.0,94.91699375704549
BE0,12,183,591.0,118.07476307458639
BE0,12,184,574.0,66.00989929324372
BE0,12,185,865.0,77.80108174676933
BE0,12,186,603.0,-81.35253360613858
BE0,12,187,522.0,45.238162339420974
BE0,12,188,747.0,77.08603659506423
BE0,12,189,629.0,-68.42988400306756
BE0,12,190,739.0,85.89234708737176
BE0,12,191,441.0,59.646755661807404
BE0,12,192,813.0,100.06712700837802
BE0,12,193,876.0,-47.162876867003206
BE0,12,194,712.0,-167.94464794083217
BE0,12,195,834.0,50.293152829787296
BE0,12,196,646.0,25.08530301057147
BE0,12,197,473.0,70.5148384833786
BE0,12,198,959.0,-49.95398585134288
BE0,12,199,509.0,-47.05652185090037
BE0,12,200,655.0,61.39203616586652
BE0,12,201,742.0,89.28032858783314
BE0,12,202,602.0,40.439483605698136
BE0,12,203,706.0,71.96783574634357
BE0,12,204,417.0,-175.13490472416953
BE0,12,205,518.0,50.4476994627512
BE0,12,206,1093.0,67.18887796971195
BE0,12,207,661.0,33.0512894369917
BE0,12,208,665.0,20.878668777931043
BE0,12,209,462.0,46.974316989368724
BE0,12,210,438.0,56.12936057591916
BE0,12,211,320.0,22.181229868156606
BE0,12,212,532.0,23.36626276289345
BE0,12,213,370.0,5.43688865194039
BE0,12,214,607.0,23.32756944805776
BE0,12,215,814.0,44.40593042098216
BE0,12,216,562.0,-62.20027591476154
BE0,12,217,197.0,-78.76110832981294
BE0,12,218,959.0,-76.22927260838145
BE0,12,219,741.0,-45.518015239805614
BE0,12,220,640.0,-43.69689513184339
BE0,12,221,546.0,-62.45275593770421
BE0,12,222,686.0,-38.07109338257226
BE0,12,223,592.0,-102.94757080751909
BE0,12,224,935.0,10.846687755857142
BE0,12,225,319.0,-58.87103306287789
BE0,12,226,353.0,-59.51233422532782
BE0,12,227,556.0,-2.204449088677926
BE0,12,228,287.0,-53.592888163202275
BE0,12,229,501.0,-57.60797297615477
BE0,12,230,777.0,-3.8843468692951313
BE0,12,231,793.0,-3.308307489977064
BE0,12,232,770.0,-1.7417003266485886
BE0,12,233,866.0,-15.290082198817991
BE0,12,234,684.0,-45.736076418393104
BE0,12,235,530.0,-98.44689513184339
BE0,12,236,298.0,21.940353190304258
BE0,12,237,295.0,-123.5468951318434
BE0,12,238,49.0,-117.59587472368014
BE0,2,1,564.0,-151.20275647806147
BE0,2,2,588.0,-90.16950275103873
BE0,2,3,340.0,-54.94735389149493
BE0,2,4,225.0,-16.376373499338065
BE0,2,5,465.0,-43.76519070363914
BE0,2,6,226.0,-27.487228956565204
BE0,2,7,729.0,-38.34877404803491
BE0,2,8,719.0,-152.4116261650775
BE0,2,9,782.0,-92.24939992730056
BE0,2,10,364.0,-52.6330035359681
BE0,2,11,783.0,-19.824342847997073
BE0,2,12,583.0,-99.4880258721225
BE0,2,13,269.0,-114.47431649809889
BE0,2,14,750.0,-22.037706832671404
BE0,2,15,554.0,-89.45497759079414
BE0,2,16,430.0,13.698200144072786
BE0,2,17,616.0,31.33490355693899
BE0,2,18,119.0,-23.110379101578964
BE0,2,19,750.0,-51.909706832671404
BE0,2,20,616.0,28.232630829666263
BE0,2,21,627.0,35.908411189657144
BE0,2,22,434.0,-26.23155015064375
BE0,2,23,706.0,-20.74557085533429
BE0,2,24,318.0,23.136330903177658
BE0,2,25,619.0,62.62360496054347
BE0,2,26,427.0,-20.696685755388028
BE0,2,27,740.0,5.741914788950222
BE0,2,28,765.0,74.2434957817077
BE0,2,29,275.0,-19.76061592358049
BE0,2,30,493.0,67.28428911053346
BE0,2,31,981.0,67.79557349352636
BE0,2,32,737.0,32.51466223110065
BE0,2,33,440.0,66.18392953096496
BE0,2,34,727.0,75.82338807792009
BE0,2,35,699.0,80.40291119307966
BE0,2,36,639.0,74.32616171192954
BE0,2,37,796.0,-20.688500802520647
BE0,2,38,332.0,-35.96283936279188
BE0,2,39,809.0,36.06349465064133
BE0,2,40,722.0,80.96780009253636
BE0,2,41,622.0,48.47543786186236
BE0,2,42,765.0,-99.84016434901126
BE0,2,43,734.0,62.36865828994441
BE0,2,44,454.0,-209.02221784588724
BE0,2,45,630.0,111.9591820562175
BE0,2,46,594.0,17.98948508652052
BE0,2,47,722.0,-184.19147968585696
BE0,2,48,416.0,92.2313508596363
BE0,2,49,204.0,4.138920618308992
BE0,2,50,418.0,99.84541278455349
BE0,2,51,883.0,51.80132374490505
BE0,2,52,785.0,-34.750725940951654
BE0,2,53,1001.0,50.516347113382544
BE0,2,54,883.0,146.36078014354604
BE0,2,55,414.0,-94.2871947553767
BE0,2,56,755.0,126.37559118057364
BE0,2,57,708.0,66.62820277184838
BE0,2,58,523.0,-212.89624602961214
BE0,2,59,217.0,134.9066986972825
BE0,2,60,727.0,-205.80384713528488
BE0,2,61,731.0,26.040881402622716
BE0,2,62,765.0,-103.16565454508968
BE0,2,63,560.0,-27.697563975528542
BE0,2,64,476.0,-21.188110194015938
BE0,2,65,522.0,57.09519738188799
BE0,2,66,632.0,125.70162228125264
BE0,2,67,833.0,165.5642907663682
BE0,2,68,513.0,47.98939648116876
BE0,2,69,447.0,-74.77198871186603
BE0,2,70,380.0,-198.2139173589872
BE0,2,71,489.0,31.104035498616945
BE0,2,72,504.0,55.2984677705032
BE0,2,73,784.0,116.01544622855309
BE0,2,74,377.0,-47.89920285389156
BE0,2,75,631.0,148.95064182026047
BE0,2,76,530.0,-62.8485747571997
BE0,2,77,459.0,152.32192715425668
BE0,2,78,965.0,139.28221026577418
BE0,2,79,547.0,148.03464417281307
BE0,2,80,682.0,-32.06607046903503
BE0,2,81,785.0,163.9499110017235
BE0,2,82,943.0,-115.79662093659505
BE0,2,83,699.0,96.68760361081931
BE0,2,84,758.0,174.98981823329166
BE0,2,85,243.0,-12.17044757341214
BE0,2,86,570.0,128.6545036936444
BE0,2,87,776.0,45.14890141475128
BE0,2,88,612.0,171.98042388628286
BE0,2,89,632.0,58.745926078721006
BE0,2,90,612.0,128.8251951281129
BE0,2,91,262.0,109.24586568641256
BE0,2,92,805.0,172.99638012385037
BE0,2,93,511.0,-21.50602777200604
BE0,2,94,500.0,66.5322931673286
BE0,2,95,772.0,-196.72892963059886
BE0,2,96,524.0,-118.72359996244238
BE0,2,97,836.0,175.19708742570182
BE0,2,98,769.0,138.0631410216849
BE0,2,99,150.0,191.1569598339953
BE0,2,100,904.0,114.90104537971798
BE0,2,101,486.0,160.31309152123808
BE0,2,102,466.0,127.6389626952256
BE0,2,103,1180.0,43.83893723512521
BE0,2,104,765.0,190.40950885360309
BE0,2,105,965.0,119.00863513624053
BE0,2,106,470.0,41.06816550775413
BE0,2,107,809.0,75.80267882863886
BE0,2,108,428.0,183.37636793368375
BE0,2,109,858.0,147.04232113935657
BE0,2,110,647.0,-45.68627561165131
BE0,2,111,751.0,158.0083757239198
BE0,2,112,537.0,118.27979037403252
BE0,2,113,721.0,68.73118082336188
BE0,2,114,500.0,150.8922931673286
BE0,2,115,1223.0,203.99956544860416
BE0,2,116,801.0,-116.93657324965018
BE0,2,117,464.0,103.21253454663895
BE0,2,118,1013.0,188.87828921866128
BE0,2,119,542.0,195.71973966179354
BE0,2,120,530.0,122.26274599751729
BE0,2,121,610.0,122.81947349519746
BE0,2,122,629.0,-125.7444922062803
BE0,2,123,554.0,123.40964334783403
BE0,2,124,400.0,184.8652931673286
BE0,2,125,1067.0,100.7371160351824
BE0,2,126,834.0,-167.90212889502152
BE0,2,127,819.0,151.70582430285975
BE0,2,128,617.0,210.21534989342263
BE0,2,129,890.0,67.89164148193534
BE0,2,130,688.0,197.12407223709602
BE0,2,131,698.0,221.08175448538017
BE0,2,132,1351.0,131.65541529908288
BE0,2,133,695.0,97.76022122488257
BE0,2,134,404.0,-191.6648553475229
BE0,2,135,1077.0,150.63343151458952
BE0,2,136,814.0,209.5752071722426
BE0,2,137,1056.0,95.68771740975285
BE0,2,138,286.0,220.1507127477482
BE0,2,139,972.0,117.31412032782242
BE0,2,140,1222.0,116.8779854750209
BE0,2,141,544.0,109.75044022615214
BE0,2,142,837.0,-93.54679165943364
BE0,2,143,339.0,57.74138461275633
BE0,2,144,836.0,226.4423027367066
BE0,2,145,591.0,-68.2892669003533
BE0,2,146,620.0,110.75577703829636
BE0,2,147,545.0,220.93359591962218
BE0,2,148,555.0,-70.68195908492366
BE0,2,149,742.0,179.51773252042832
BE0,2,150,737.0,90.96649398143987
BE0,2,151,1187.0,220.34956865174308
BE0,2,152,664.0,-138.81976707363526
BE0,2,153,431.0,-159.28585532455074
BE0,2,154,654.0,208.73390173001974
BE0,2,155,303.0,-161.69373323531164
BE0,2,156,856.0,226.22566699910433
BE0,2,157,757.0,-2.796945934388705
BE0,2,158,225.0,190.07251538955083
BE0,2,159,511.0,-139.73499059000994
BE0,2,160,578.0,225.37306133341858
BE0,2,161,843.0,82.19781392652195
BE0,2,162,180.0,-158.57415127711582
BE0,2,163,869.0,190.73715162532633
BE0,2,164,532.0,147.4311954229677
BE0,2,165,684.0,-6.6504670665895285
BE0,2,166,767.0,202.70458260670281
BE0,2,167,812.0,158.812904004767
BE0,2,168,592.0,-10.257409535374103
BE0,2,169,154.0,191.8689944660299
BE0,2,170,927.0,138.0945650119888
BE0,2,171,545.0,189.0235041765029
BE0,2,172,927.0,243.46349705082375
BE0,2,173,600.0,238.5519598339953
BE0,2,174,817.0,178.58620504003363
BE0,2,175,663.0,129.96848321257747
BE0,2,176,731.0,218.25975965159674
BE0,2,177,597.0,220.8768258306452
BE0,2,178,807.0,215.6049895737722
BE0,2,179,575.0,117.02768447167642
BE0,2,180,937.0,103.2703998909145
BE0,2,181,356.0,204.03658530216006
BE0,2,182,888.0,110.9374102844457
BE0,2,183,759.0,101.53999013702558
BE0,2,184,783.0,143.74909265647293
BE0,2,185,442.0,207.0544560632562
BE0,2,186,440.0,130.5612022582377
BE0,2,187,780.0,198.39593419296963
BE0,2,188,835.0,-39.08838946740194
BE0,2,189,566.0,141.03142390937808
BE0,2,190,539.0,87.73726904859019
BE0,2,191,574.0,185.30722696523802
BE0,2,192,864.0,102.30987650066193
BE0,2,193,982.0,171.79330742394777
BE0,2,194,780.0,128.6651649622004
BE0,2,195,516.0,140.43463425259992
BE0,2,196,798.0,142.61665908211558
BE0,2,197,442.0,127.16531579176299
BE0,2,198,942.0,181.7698685388785
BE0,2,199,787.0,193.0556807149779
BE0,2,200,583.0,-49.20157647246557
BE0,2,201,893.0,187.15595946072165
BE0,2,202,384.0,148.9531056673286
BE0,2,203,844.0,192.21128842799212
BE0,2,204,895.0,106.90660601649063
BE0,2,205,531.0,109.18611237636816
BE0,2,206,726.0,159.1198799441881
BE0,2,207,1042.0,116.13651197730941
BE0,2,208,748.0,180.9459616165265
BE0,2,209,474.0,185.53442818842564
BE0,2,210,951.0,189.79006183189222
BE0,2,211,839.0,188.21391652847285
BE0,2,212,810.0,182.2233795870817
BE0,2,213,956.0,37.72510488280977
BE0,2,214,817.0,5.07090516243264
BE0,2,215,518.0,165.39461749165292
BE0,2,216,798.0,119.59034329264188
BE0,2,217,514.0,105.74149939300953
BE0,2,218,617.0,166.71940175727997
BE0,2,219,1017.0,155.62929021747607
BE0,2,220,430.0,180.10285130686353
BE0,2,221,255.0,169.67225395164235
BE0,2,222,794.0,175.6974971975553
BE0,2,223,679.0,181.558511134928
BE0,2,224,726.0,46.90500391113025
BE0,2,225,596.0,169.8689508854494
BE0,2,226,628.0,40.25659889981268
BE0,2,227,351.0,-22.455347858312425
BE0,2,228,956.0,132.64560697486
BE0,2,229,330.0,195.19756589460133
BE0,2,230,330.0,155.10362650066193
BE0,2,231,871.0,195.69199236365466
BE0,2,232,371.0,27.14172173875717
BE0,2,233,502.0,105.60814177290628
BE0,2,234,629.0,173.29525342170064
BE0,2,235,715.0,209.6835798806153
BE0,2,236,458.0,182.98514032890068
BE0,2,237,659.0,133.4033735922148
BE0,2,238,732.0,142.78614016186413
BE0,2,239,939.0,132.5287596210027
BE0,2,240,752.0,34.783059124775406
BE0,2,241,684.0,-146.21040858705734
BE0,2,242,590.0,29.24995418427775
BE0,2,243,359.0,164.11625417011413
BE0,2,244,1041.0,-111.18955313430445
BE0,2,245,674.0,9.485723434390914
BE0,2,246,333.0,-148.6519290548936
BE0,2,247,490.0,120.97233398365513
BE0,2,248,947.0,31.407674371130078
BE0,2,249,342.0,136.3714627579719
BE0,2,250,396.0,88.56019215722758
BE0,2,251,827.0,126.3175724901823
BE0,2,252,750.0,58.992959833995265
BE0,2,253,465.0,-170.7823950047144
BE0,2,254,705.0,-103.38715364118204
BE0,2,255,891.0,49.82618542322085
BE0,2,256,516.0,96.23308386500302
BE0,2,257,693.0,85.70882130585674
BE0,2,258,388.0,117.14245811578222
BE0,2,259,892.0,-99.38710593581041
BE0,2,260,536.0,111.03297973449278
BE0,2,261,348.0,103.30017822479988
BE0,2,262,932.0,65.8320957424359
BE0,2,263,770.0,17.28847498551042
BE0,2,264,673.0,96.59109554474317
BE0,2,265,751.0,69.88853551087054
BE0,2,266,421.0,15.819699343100572
BE0,2,267,628.0,131.95564348579995
BE0,2,268,690.0,57.19782939921266
BE0,2,269,739.0,-12.504131731182904
BE0,2,270,618.0,84.829192843704
BE0,2,271,532.0,-135.79060908831053
BE0,2,272,301.0,89.71979482845818
BE0,2,273,488.0,82.15226038044335
BE0,2,274,811.0,32.19174816116337
BE0,2,275,704.0,109.9737022582377
BE0,2,276,847.0,117.53959659117747
BE0,2,277,643.0,-11.037793924428787
BE0,2,278,973.0,-25.629090183133886
BE0,2,279,646.0,75.061005241632
BE0,2,280,656.0,-147.07299951559824
BE0,2,281,912.0,59.418977377854915
BE0,2,282,506.0,43.76396905665667
BE0,2,283,637.0,-37.55372567097595
BE0,2,284,733.0,48.80358102544592
BE0,2,285,514.0,26.91076009339864
BE0,2,286,396.0,30.873323470358905
BE0,2,287,513.0,-66.43555478588777
BE0,2,288,680.0,20.633528461446247
BE0,2,289,738.0,27.16785414293836
BE0,2,290,625.0,37.1878931673286
BE0,2,291,812.0,-36.03315510853347
BE0,2,292,495.0,-24.825666428631
BE0,2,293,505.0,-28.675251387126842
BE0,2,294,756.0,42.75415560119104
BE0,2,295,528.0,-76.2762977417623
BE0,2,296,622.0,36.26321921234467
BE0,2,297,931.0,44.764707775277046
BE0,2,298,754.0,7.1551738039333745
BE0,2,299,437.0,22.211025432774825
BE0,2,300,348.0,-75.26878729244152
BE0,2,301,635.0,-64.44860447046668
BE0,2,302,779.0,-10.731375638833146
BE0,2,303,461.0,-12.919945444385066
BE0,2,304,369.0,-149.65734910909416
BE0,2,305,347.0,15.172598642832924
BE0,2,306,648.0,-84.88649695612818
BE0,2,307,881.0,-46.053997411559024
BE0,2,308,463.0,27.114569625211967
BE0,2,309,832.0,-38.69412990959448
BE0,2,310,739.0,61.13862875596189
BE0,2,311,711.0,-126.65192905489361
BE0,2,312,471.0,-37.57195736345697
BE0,2,313,824.0,-57.80956120160344
BE0,2,314,484.0,-18.037144849200324
BE0,2,315,555.0,-32.5306077335723
BE0,2,316,589.0,43.544826274289555
BE0,2,317,400.0,-104.1547068326714
BE0,2,318,739.0,-23.680045127664634
BE0,2,319,867.0,10.499935612541979
BE0,2,320,623.0,-17.439337651290984
BE0,2,321,925.0,-30.56916629213086
BE0,2,322,833.0,-7.925505151999131
BE0,2,323,645.0,-72.56614094119853
BE0,2,324,507.0,16.536762595336487
BE0,2,325,819.0,21.874322471357903
BE0,2,326,424.0,-29.797631360973288
BE0,2,327,683.0,3.9641438261865796
BE0,2,328,737.0,-49.52468647988985
BE0,2,329,683.0,-240.54390888245177
BE0,2,330,686.0,5.256882088611399
BE0,2,331,760.0,-14.640233148460874
BE0,2,332,546.0,-52.75205115501572
BE0,2,333,199.0,-70.19855105377694
BE0,2,334,708.0,-95.35626050498777
BE0,2,335,1067.0,-156.95829164991602
BE0,2,336,510.0,-54.04147153855376
BE0,2,337,690.0,-62.12535900658444
BE0,2,338,417.0,-31.58798021396636
BE0,2,339,290.0,-39.257293039567955
BE0,2,340,569.0,-80.18014619998247
BE0,2,341,725.0,-93.22694821198174
BE0,2,342,466.0,-96.63786133910916
BE0,2,343,805.0,-137.7104521742863
BE0,2,344,642.0,-90.83001835915115
BE0,2,345,344.0,-109.3657533442993
BE0,2,346,775.0,-38.54067457460688
BE0,2,347,683.0,-36.09588545639029
BE0,2,348,350.0,-165.61542111838568
BE0,2,349,773.0,-16.279642149618358
BE0,2,350,872.0,-47.16021141982736
BE0,2,351,419.0,-90.41061375391244
BE0,2,352,569.0,-141.49649066395435
BE0,2,353,580.0,-57.09694821198174
BE0,2,354,681.0,-95.94953062121765
BE0,2,355,477.0,-47.94752653917034
BE0,2,356,183.0,-41.314952734310744
BE0,2,357,411.0,-110.5951569543259
BE0,2,358,235.0,-40.55311108799055
BE0,2,359,205.0,-93.03946293023235
BE0,2,360,161.0,-50.56635279540432
BE0,3,1,416.0,-330.89698318284053
BE0,3,2,375.0,-17.631380618737968
BE0,3,3,207.0,-77.21905211632247
BE0,3,4,681.0,-53.89244376117556
BE0,3,5,377.0,-56.58149909795989
BE0,3,6,796.0,-442.7965531480512
BE0,3,7,836.0,-397.6461780669039
BE0,3,8,389.0,-42.832827062611145
BE0,3,9,622.0,-42.01488758551182
BE0,3,10,555.0,-27.30438962774698
BE0,3,11,541.0,-392.0032056341415
BE0,3,12,962.0,-104.39087611423346
BE0,3,13,660.0,-420.48780486116215
BE0,3,14,224.0,-431.37603538064275
BE0,3,15,548.0,-21.964115411925317
BE0,3,16,386.0,-11.695035195594619
BE0,3,17,240.0,-27.341213952071303
BE0,3,18,666.0,28.655670432313084
BE0,3,19,568.0,6.153328301449824
BE0,3,20,601.0,-7.8260517224539985
BE0,3,21,626.0,-7.882068584659162
BE0,3,22,502.0,49.97646533079722
BE0,3,23,630.0,-3.7366504600078105
BE0,3,24,575.0,32.515633874015656
BE0,3,25,830.0,14.454418578049179
BE0,3,26,886.0,81.34239214273683
BE0,3,27,683.0,64.30569307574714
BE0,3,28,168.0,-14.056094904452255
BE0,3,29,781.0,62.150287328338436
BE0,3,30,880.0,-81.38325940661676
BE0,3,31,629.0,98.24346410834205
BE0,3,32,590.0,-100.8880359859696
BE0,3,33,557.0,99.11958048239909
BE0,3,34,358.0,33.80201230491194
BE0,3,35,584.0,94.39286139039444
BE0,3,36,443.0,108.14826121722894
BE0,3,37,650.0,65.7112860479287
BE0,3,38,647.0,134.3647945487015
BE0,3,39,767.0,-10.675910822996988
BE0,3,40,515.0,41.95186857220054
BE0,3,41,718.0,130.89245596436322
BE0,3,42,738.0,45.52738360890431
BE0,3,43,648.0,85.5891872824966
BE0,3,44,181.0,142.43979433522153
BE0,3,45,950.0,60.73233867950764
BE0,3,46,750.0,176.2299527145954
BE0,3,47,618.0,164.55283944598693
BE0,3,48,372.0,144.5481677683588
BE0,3,49,441.0,176.02978944928924
BE0,3,50,480.0,88.08170271459537
BE0,3,51,666.0,150.20672148336413
BE0,3,52,731.0,102.15979493985756
BE0,3,53,742.0,193.63786286733574
BE0,3,54,678.0,105.55594681489036
BE0,3,55,567.0,118.89121550119151
BE0,3,56,836.0,182.8657836555842
BE0,3,57,712.0,121.37100514905231
BE0,3,58,439.0,123.557163041095
BE0,3,59,599.0,144.95659489600885
BE0,3,60,407.0,171.7442590209017
BE0,3,61,769.0,159.56192323908604
BE0,3,62,752.0,135.21410519686486
BE0,3,63,561.0,179.26682971994293
BE0,3,64,991.0,145.26775426185404
BE0,3,65,928.0,234.68831190999765
BE0,3,66,450.0,-248.8598250631824
BE0,3,67,631.0,211.27049365490177
BE0,3,68,767.0,171.67350247556885
BE0,3,69,848.0,167.33378604792873
BE0,3,70,570.0,210.30111060933223
BE0,3,71,732.0,-183.35986149305492
BE0,3,72,539.0,175.7712860479287
BE0,3,73,931.0,-167.89573865668999
BE0,3,74,1009.0,203.8109292590288
BE0,3,75,1287.0,245.05722233386498
BE0,3,76,765.0,240.61442330283066
BE0,3,77,456.0,235.10461938126204
BE0,3,78,714.0,181.49677624400712
BE0,3,79,854.0,260.6284289050716
BE0,3,80,782.0,243.0717975568801
BE0,3,81,195.0,233.62256809921075
BE0,3,82,958.0,-178.31639662430513
BE0,3,83,1017.0,60.960076608400676
BE0,3,84,882.0,257.7792225558652
BE0,3,85,605.0,259.52831084131714
BE0,3,86,707.0,-202.5398879266116
BE0,3,87,1080.0,262.49721197385463
BE0,3,88,550.0,264.60764968429237
BE0,3,89,789.0,284.0158994826562
BE0,3,90,880.0,264.6951496842923
BE0,3,91,583.0,38.87934779749988
BE0,3,92,787.0,214.81194678490456
BE0,3,93,750.0,285.25528604792873
BE0,3,94,552.0,-4.58197482163652
BE0,3,95,773.0,33.91746974779933
BE0,3,96,647.0,296.60127059197816
BE0,3,97,691.0,217.09255956457125
BE0,3,98,608.0,267.42095710056026
BE0,3,99,600.0,53.6912860479287
BE0,3,100,405.0,10.040421850397832
BE0,3,101,970.0,47.6393272850421
BE0,3,102,236.0,91.86874367504736
BE0,3,103,838.0,270.0839352126065
BE0,3,104,605.0,118.32335216363118
BE0,3,105,939.0,-69.79101427156012
BE0,3,106,788.0,107.99463630173581
BE0,3,107,702.0,35.540516817159464
BE0,3,108,914.0,305.18922915514975
BE0,3,109,717.0,296.18551198935126
BE0,3,110,1006.0,171.11919857277962
BE0,3,111,753.0,282.46451313956214
BE0,3,112,824.0,-38.82701492294509
BE0,3,113,710.0,-174.01462944502904
BE0,3,114,620.0,290.79709249954163
BE0,3,115,981.0,241.42673966668505
BE0,3,116,617.0,-22.745731780272273
BE0,3,117,824.0,-171.89740327245966
BE0,3,118,814.0,106.00347278011543
BE0,3,119,672.0,244.94241700030966
BE0,3,120,1070.0,-16.865162550202147
BE0,3,121,707.0,87.6793482827236
BE0,3,122,1110.0,-168.36294818630554
BE0,3,123,838.0,298.85004499780933
BE0,3,124,892.0,0.03810219142645522
BE0,3,125,739.0,281.7942901074686
BE0,3,126,466.0,-187.74588133404555
BE0,3,127,963.0,-112.68458103410661
BE0,3,128,667.0,-173.7759403388779
BE0,3,129,1133.0,-215.64707229275973
BE0,3,130,940.0,189.82022221814148
BE0,3,131,1622.0,124.40877063485841
BE0,3,132,1188.0,175.5894678661105
BE0,3,133,1101.0,130.57964208789235
BE0,3,134,658.0,-214.8882884201564
BE0,3,135,798.0,221.99183742637481
BE0,3,136,787.0,241.78780447232515
BE0,3,137,1039.0,250.40266237131658
BE0,3,138,668.0,242.41350161679097
BE0,3,139,837.0,-48.18689794251336
BE0,3,140,473.0,147.85373847921835
BE0,3,141,675.0,75.7786934553361
BE0,3,142,691.0,251.465931489318
BE0,3,143,605.0,161.08533563470556
BE0,3,144,423.0,73.69563592972538
BE0,3,145,736.0,-48.137681343375654
BE0,3,146,237.0,-46.739262475278046
BE0,3,147,511.0,211.46013144910287
BE0,3,148,827.0,87.68422437924671
BE0,3,149,832.0,207.79051681715947
BE0,3,150,1210.0,-181.7973089933936
BE0,3,151,585.0,93.72171339835604
BE0,3,152,612.0,-125.28263552069875
BE0,3,153,793.0,87.30596448424647
BE0,3,154,863.0,218.03663946623695
BE0,3,155,750.0,189.2299527145954
BE0,3,156,877.0,-119.31081201364485
BE0,3,157,436.0,169.22541448829568
BE0,3,158,693.0,193.60389788054053
BE0,3,159,913.0,179.21925976096267
BE0,3,160,867.0,129.57520761655616
BE0,3,161,976.0,-249.64674673895652
BE0,3,162,720.0,133.53934160348425
BE0,3,163,813.0,117.13536968876511
BE0,3,164,378.0,106.57551885216151
BE0,3,165,427.0,-249.60107929164974
BE0,3,166,701.0,111.17927463566052
BE0,3,167,862.0,98.82929068829995
BE0,3,168,796.0,70.25495438963723
BE0,3,169,506.0,65.85429000049787
BE0,3,170,723.0,41.80724732040449
BE0,3,171,541.0,-185.6797305879308
BE0,3,172,840.0,104.87842890507156
BE0,3,173,809.0,-184.63415276542113
BE0,3,174,832.0,50.69917066331331
BE0,3,175,483.0,19.301306751862445
BE0,3,176,681.0,-201.59141586102874
BE0,3,177,926.0,71.92031412568248
BE0,3,178,272.0,8.083786047928697
BE0,3,179,727.0,-57.44604545138355
BE0,3,180,1105.0,86.28350324249882
BE0,3,181,328.0,93.86884702353845
BE0,3,182,699.0,-53.15861380900978
BE0,3,183,1167.0,41.810703357268885
BE0,3,184,1009.0,72.91598376844405
BE0,3,185,934.0,9.098909174267027
BE0,3,186,658.0,55.98709151905332
BE0,3,187,425.0,-41.30165512854189
BE0,3,188,802.0,66.09422869132023
BE0,3,189,1077.0,42.38781343882935
BE0,3,190,685.0,74.52457071946155
BE0,3,191,767.0,-18.33823155311433
BE0,3,192,876.0,-201.88282354111237
BE0,3,193,679.0,27.375115208458887
BE0,3,194,901.0,-19.002298857731677
BE0,3,195,876.0,-192.9867048196512
BE0,3,196,462.0,-49.269839493196834
BE0,3,197,659.0,31.21589909800457
BE0,3,198,647.0,-126.48064594588892
BE0,3,199,620.0,41.10676991889644
BE0,3,200,512.0,-112.2970733270713
BE0,3,201,312.0,-24.5235857469431
BE0,3,202,791.0,-112.2957177447388
BE0,3,203,413.0,-162.90183743875411
BE0,3,204,857.0,-44.47492165335485
BE0,3,205,885.0,-146.81289474303176
BE0,3,206,399.0,-337.4392402678608
BE0,3,207,582.0,-154.09641154657302
BE0,3,208,223.0,-317.80718928839417
BE0,4,1,85.0,-221.79378950946236
BE0,4,2,321.0,-156.71535813691327
BE0,4,3,448.0,-24.721310517865668
BE0,4,4,696.0,-118.31449606794776
BE0,4,5,629.0,-142.37884515334147
BE0,4,6,602.0,-180.93019756105502
BE0,4,7,267.0,-211.85018959758744
BE0,4,8,650.0,36.8518213502662
BE0,4,9,637.0,-70.30353186794416
BE0,4,10,438.0,-187.27928507755254
BE0,4,11,657.0,61.5038199452785
BE0,4,12,890.0,52.42584036495937
BE0,4,13,559.0,-95.20134501824901
BE0,4,14,761.0,-2.9129052240792954
BE0,4,15,366.0,-95.53503026806084
BE0,4,16,611.0,51.005863903457694
BE0,4,17,518.0,-331.3183182398734
BE0,4,18,490.0,-148.8044737831718
BE0,4,19,582.0,56.30697863284617
BE0,4,20,680.0,23.97238696112593
BE0,4,21,587.0,29.51576054565344
BE0,4,22,917.0,34.063994825645786
BE0,4,23,248.0,-328.32960544874123
BE0,4,24,461.0,22.411901443708548
BE0,4,25,681.0,-112.13532876833767
BE0,4,26,535.0,22.90956398146678
BE0,4,27,780.0,114.9590008374457
BE0,4,28,512.0,2.0867251964200477
BE0,4,29,139.0,-63.64821185393966
BE0,4,30,891.0,116.24087081931566
BE0,4,31,712.0,-260.67696862380467
BE0,4,32,110.0,-122.29111571267092
BE0,4,33,714.0,-106.45345337500852
BE0,4,34,643.0,85.49666882005923
BE0,4,35,672.0,98.945356148801
BE0,4,36,723.0,98.678832734456
BE0,4,37,446.0,96.7525043444021
BE0,4,38,774.0,136.31306563569652
BE0,4,39,371.0,-119.72434286287915
BE0,4,40,625.0,15.971575196420046
BE0,4,41,413.0,26.6203965039261
BE0,4,42,472.0,147.73450062014888
BE0,4,43,637.0,14.613265620281899
BE0,4,44,672.0,162.43940376784863
BE0,4,45,1065.0,130.26022871754682
BE0,4,46,648.0,171.34019741864225
BE0,4,47,819.0,46.97817055661541
BE0,4,48,447.0,120.89090584518961
BE0,4,49,458.0,129.6267088208742
BE0,4,50,747.0,151.35157626737052
BE0,4,51,421.0,46.73911533893786
BE0,4,52,834.0,188.65634450097642
BE0,4,53,729.0,-42.75925388451274
BE0,4,54,775.0,166.20120100287164
BE0,4,55,478.0,-44.06194112157158
BE0,4,56,388.0,104.3550885984819
BE0,4,57,468.0,165.6286589571038
BE0,4,58,598.0,187.11630295561739
BE0,4,59,692.0,-18.741851393175327
BE0,4,60,660.0,123.73161156005641
BE0,4,61,446.0,168.6269438062855
BE0,4,62,462.0,91.8733864518313
BE0,4,63,372.0,-39.099766739063824
BE0,4,64,926.0,147.2832019782775
BE0,4,65,639.0,103.71813169094274
BE0,4,66,666.0,-88.96310588466103
BE0,4,67,336.0,204.81440376784863
BE0,4,68,493.0,-96.18729863725136
BE0,4,69,663.0,237.57272632764173
BE0,4,70,718.0,155.4160253356958
BE0,4,71,749.0,220.12131298013162
BE0,4,72,617.0,221.98588443466969
BE0,4,73,974.0,77.21859121284716
BE0,4,74,878.0,7.242120982297041
BE0,4,75,935.0,249.68963295043076
BE0,4,76,481.0,206.7635053419502
BE0,4,77,797.0,214.21772425539118
BE0,4,78,288.0,93.49644741864228
BE0,4,79,732.0,172.54966918549107
BE0,4,80,512.0,1.3074283214200477
BE0,4,81,551.0,106.9246902599409
BE0,4,82,674.0,235.95922148722119
BE0,4,83,735.0,204.89280512839284
BE0,4,84,566.0,210.73104940136704
BE0,4,85,469.0,186.53695174226226
BE0,4,86,680.0,113.70768107877298
BE0,4,87,643.0,186.52155217931272
BE0,4,88,416.0,230.4280713502662
BE0,4,89,548.0,192.39899709423025
BE0,4,90,594.0,210.02538260382744
BE0,4,91,777.0,206.34384392228876
BE0,4,92,502.0,16.33909073426865
BE0,4,93,326.0,142.61797519642002
BE0,4,94,768.0,173.8184960297534
BE0,4,95,454.0,-12.17057105908656
BE0,4,96,264.0,147.91721762066248
BE0,4,97,526.0,-28.944762446165505
BE0,4,98,709.0,30.430387044092825
BE0,4,99,825.0,-14.012327833882983
BE0,4,100,847.0,193.18350058012726
BE0,4,101,884.0,148.21299782085444
BE0,4,102,907.0,211.97960694945203
BE0,4,103,499.0,134.53180285173065
BE0,4,104,679.0,199.9007439740342
BE0,4,105,154.0,154.50109207953693
BE0,4,106,746.0,243.41690281036105
BE0,4,107,753.0,147.8424107873895
BE0,4,108,796.0,238.75742243260095
BE0,4,109,324.0,182.88649371493855
BE0,4,110,1013.0,282.4314006653243
BE0,4,111,489.0,219.65887499192107
BE0,4,112,593.0,188.17784028916876
BE0,4,113,718.0,177.50237631062618
BE0,4,114,658.0,-8.935216292941654
BE0,4,115,664.0,160.48996314822728
BE0,4,116,1017.0,262.88936162709854
BE0,4,117,518.0,-35.592449514004656
BE0,4,118,783.0,171.36127021557715
BE0,4,119,519.0,-69.39165871494797
BE0,4,120,649.0,45.386850389024055
BE0,4,121,699.0,242.8554573137305
BE0,4,122,500.0,126.86597519642005
BE0,4,123,733.0,255.1132002987393
BE0,4,124,267.0,102.42696396046499
BE0,4,125,613.0,44.48094420131401
BE0,4,126,511.0,262.50838615532416
BE0,4,127,415.0,180.77219206388992
BE0,4,128,530.0,276.33872991340115
BE0,4,129,640.0,-137.28202480357996
BE0,4,130,386.0,241.22160213942524
BE0,4,131,557.0,137.98242762011841
BE0,4,132,564.0,197.52223051556896
BE0,4,133,426.0,223.2564728490022
BE0,4,134,405.0,-49.56474085296267
BE0,4,135,701.0,72.90613496817468
BE0,4,136,658.0,235.9492821873015
BE0,4,137,629.0,-32.350228301195216
BE0,4,138,742.0,236.83360861960062
BE0,4,139,613.0,-84.18952888188338
BE0,4,140,690.0,140.83246795004322
BE0,4,141,741.0,-106.99875894662989
BE0,4,142,523.0,150.05583370502427
BE0,4,143,910.0,218.94105211949696
BE0,4,144,929.0,202.88385248382588
BE0,4,145,716.0,167.25065676066586
BE0,4,146,638.0,-4.0763821703511125
BE0,4,147,349.0,140.50049668639136
BE0,4,148,419.0,-112.71854031670645
BE0,4,149,607.0,139.62127008933604
BE0,4,150,576.0,210.93221130753116
BE0,4,151,609.0,178.51452692055798
BE0,4,152,332.0,-7.270579020447422
BE0,4,153,535.0,14.28713407492472
BE0,4,154,662.0,37.64063380669195
BE0,4,155,762.0,212.53792270298175
BE0,4,156,384.0,-161.1893164702466
BE0,4,157,543.0,196.90342639347344
BE0,4,158,510.0,-155.01731892122703
BE0,4,159,921.0,-70.27453294690244
BE0,4,160,867.0,195.59144693805789
BE0,4,161,736.0,139.0731382398983
BE0,4,162,541.0,100.32592344041265
BE0,4,163,413.0,69.15066284775176
BE0,4,164,400.0,111.28047519642004
BE0,4,165,511.0,-72.44464711277762
BE0,4,166,398.0,78.61043750797784
BE0,4,167,579.0,-70.88806970858859
BE0,4,168,635.0,130.76600669248302
BE0,4,169,841.0,208.28266009534988
BE0,4,170,707.0,63.28558481452472
BE0,4,171,806.0,-72.54579651573876
BE0,4,172,824.0,158.35583927408996
BE0,4,173,680.0,163.9753281375965
BE0,4,174,734.0,160.18473268960804
BE0,4,175,497.0,-89.59731655408297
BE0,4,176,764.0,162.4452003273101
BE0,4,177,585.0,62.11541109385594
BE0,4,178,642.0,15.772180803896683
BE0,4,179,633.0,8.392066823592243
BE0,4,180,425.0,141.3003281375965
BE0,4,181,719.0,-123.8409955963477
BE0,4,182,285.0,9.386396249051627
BE0,4,183,526.0,-110.50559894806665
BE0,4,184,624.0,-35.870806854862
BE0,4,185,758.0,108.93855567135408
BE0,4,186,838.0,15.440170900477327
BE0,4,187,785.0,32.48931277603788
BE0,4,188,657.0,11.567746885917764
BE0,4,189,757.0,120.01691839324964
BE0,4,190,861.0,125.69463024868485
BE0,4,191,309.0,95.08075836794109
BE0,4,192,398.0,-32.85187404981111
BE0,4,193,608.0,95.70843572273584
BE0,4,194,858.0,119.2659938444387
BE0,4,195,422.0,103.52555813480866
BE0,4,196,535.0,-58.112865925075276
BE0,4,197,407.0,-7.114211535766684
BE0,4,198,518.0,-0.49978542134057
BE0,4,199,683.0,-39.88422099684496
BE0,4,200,573.0,115.94432772696105
BE0,4,201,505.0,138.06946034493492
BE0,4,202,702.0,-2.2965547181098667
BE0,4,203,492.0,118.79073942406234
BE0,4,204,411.0,-4.91730460893275
BE0,4,205,459.0,38.890306351104144
BE0,4,206,568.0,120.44896111191302
BE0,4,207,749.0,65.04387639802218
BE0,4,208,610.0,73.89010634396102
BE0,4,209,450.0,-36.6464692480244
BE0,4,210,321.0,5.100841240033755
BE0,4,211,495.0,-59.04061066216581
BE0,4,212,690.0,52.4455114283041
BE0,4,213,478.0,25.4317827278008
BE0,4,214,738.0,-67.7004529878618
BE0,4,215,474.0,49.46818616688418
BE0,4,216,631.0,-40.38202480357995
BE0,4,217,471.0,57.33347413484893
BE0,4,218,329.0,-64.01424364856476
BE0,4,219,854.0,69.68003608634979
BE0,4,220,561.0,-75.4461959265746
BE0,4,221,968.0,67.2130165187341
BE0,4,222,385.0,-21.106700128255277
BE0,4,223,665.0,12.787900008450121
BE0,4,224,672.0,29.318868053562905
BE0,4,225,617.0,-69.29774603534658
BE0,4,226,812.0,-166.90296076417107
BE0,4,227,481.0,-30.022357443912593
BE0,4,228,581.0,-117.44570810822711
BE0,4,229,844.0,32.49830694997455
BE0,4,230,521.0,-12.852274323733504
BE0,4,231,706.0,8.773782561859141
BE0,4,232,337.0,-96.055615308031
BE0,4,233,431.0,29.796629488763436
BE0,4,234,949.0,-64.32196157913317
BE0,4,235,248.0,-0.7086377068057588
BE0,4,236,841.0,-5.742310178134055
BE0,4,237,708.0,-214.61366322165904
BE0,4,238,650.0,25.688744427189274
BE0,4,239,605.0,-57.33904959696839
BE0,4,240,675.0,-132.08572850728368
BE0,4,241,752.0,-242.28628012272887
BE0,4,242,424.0,-67.66740216207052
BE0,4,243,926.0,-59.37446540833158
BE0,4,244,569.0,-6.148281394089619
BE0,4,245,438.0,3.309756018337856
BE0,4,246,596.0,-2.3266556760631736
BE0,4,247,485.0,-226.5407876901779
BE0,4,248,849.0,-22.003932930788434
BE0,4,249,333.0,-254.24989267144784
BE0,4,250,412.0,-134.42085975503628
BE0,4,251,425.0,-241.4032012741682
BE0,4,252,359.0,-87.59929499856604
BE0,5,1,373.0,-149.14041431640797
BE0,5,2,289.0,-83.19418204649324
BE0,5,3,663.0,-26.884537826814412
BE0,5,4,203.0,-625.1721764897065
BE0,5,5,845.0,18.687175829062138
BE0,5,6,721.0,-421.21478971845977
BE0,5,7,797.0,-84.25153813528641
BE0,5,8,600.0,-88.21042772123371
BE0,5,9,999.0,75.4740017081957
BE0,5,10,659.0,-103.19215002775876
BE0,5,11,264.0,46.82108743028143
BE0,5,12,270.0,-45.11098327678928
BE0,5,13,788.0,-6.549336350675342
BE0,5,14,568.0,90.27168495482262
BE0,5,15,672.0,-50.73667772123372
BE0,5,16,567.0,7.894660462187798
BE0,5,17,790.0,77.43571151927262
BE0,5,18,871.0,138.0790154475378
BE0,5,19,569.0,51.800284053810216
BE0,5,20,809.0,92.9481569512014
BE0,5,21,542.0,-130.09195908654738
BE0,5,22,595.0,104.98911009389232
BE0,5,23,431.0,-483.05055533144247
BE0,5,24,761.0,-114.28262877248207
BE0,5,25,830.0,-10.272295191113237
BE0,5,26,671.0,136.9402503711657
BE0,5,27,605.0,142.79829128703076
BE0,5,28,816.0,-341.29856497613565
BE0,5,29,520.0,-37.10927387507987
BE0,5,30,699.0,-123.45614302881599
BE0,5,31,671.0,156.5363755574548
BE0,5,32,300.0,-314.7254277212337
BE0,5,33,374.0,126.4055348456112
BE0,5,34,371.0,150.28446446205467
BE0,5,35,612.0,-10.319806806201038
BE0,5,36,273.0,157.77351000770403
BE0,5,37,634.0,-258.5547968064072
BE0,5,38,192.0,-303.9554277212337
BE0,5,39,202.0,-110.62374455291689
BE0,5,40,714.0,192.02076275495676
BE0,5,41,604.0,193.96841333836892
BE0,5,42,718.0,-290.4526422059134
BE0,5,43,589.0,-314.15067390119975
BE0,5,44,704.0,-186.51366635759734
BE0,5,45,836.0,-170.8334181518557
BE0,5,46,596.0,180.5160487888334
BE0,5,47,687.0,222.78110794106613
BE0,5,48,207.0,159.0107558536455
BE0,5,49,939.0,50.82199506896862
BE0,5,50,279.0,220.17718876622146
BE0,5,51,505.0,-163.9376059390555
BE0,5,52,668.0,223.2346920392453
BE0,5,53,684.0,51.24194069981891
BE0,5,54,351.0,166.38075461494861
BE0,5,55,854.0,225.94269874246652
BE0,5,56,708.0,149.58977001887928
BE0,5,57,680.0,236.57839580817804
BE0,5,58,875.0,252.76571513590915
BE0,5,59,433.0,53.24318659747298
BE0,5,60,697.0,184.3229080033
BE0,5,61,799.0,-314.6838382343752
BE0,5,62,503.0,131.0167392767782
BE0,5,63,556.0,250.13629889747128
BE0,5,64,667.0,264.70574169405864
BE0,5,65,456.0,-310.6615680721109
BE0,5,66,592.0,222.10031552200954
BE0,5,67,766.0,-56.33532328259142
BE0,5,68,954.0,319.7028532011982
BE0,5,69,304.0,306.2847038577136
BE0,5,70,909.0,315.2172895504935
BE0,5,71,183.0,-332.9062473933649
BE0,5,72,750.0,-309.4074277212337
BE0,5,73,609.0,-36.12619947821237
BE0,5,74,672.0,259.9195722787663
BE0,5,75,628.0,257.25157864819306
BE0,5,76,636.0,191.6404842284518
BE0,5,77,1115.0,328.97461712181564
BE0,5,78,278.0,298.19205429315474
BE0,5,79,510.0,152.3171212983741
BE0,5,80,794.0,327.0672423039552
BE0,5,81,727.0,193.07483362677178
BE0,5,82,892.0,21.283361516434443
BE0,5,83,604.0,34.41212194764045
BE0,5,84,722.0,345.54872740342006
BE0,5,85,1036.0,368.5368502710443
BE0,5,86,513.0,-178.72540822805632
BE0,5,87,647.0,359.2995954626921
BE0,5,88,808.0,-133.15839801826343
BE0,5,89,393.0,240.3804501413617
BE0,5,90,757.0,379.4197374042617
BE0,5,91,471.0,114.00423257600619
BE0,5,92,833.0,163.09739340721768
BE0,5,93,894.0,-65.971087676491
BE0,5,94,759.0,269.16710192303503
BE0,5,95,638.0,344.7216882662271
BE0,5,96,877.0,185.71960078503767
BE0,5,97,533.0,-38.05674104205924
BE0,5,98,806.0,315.78898915221544
BE0,5,99,579.0,179.55579853092516
BE0,5,100,812.0,337.661567352658
BE0,5,101,518.0,311.7839545181485
BE0,5,102,284.0,273.11147368721697
BE0,5,103,834.0,312.89349314207567
BE0,5,104,495.0,230.72538035957436
BE0,5,105,647.0,276.814278615706
BE0,5,106,313.0,-0.051274366601130474
BE0,5,107,757.0,60.498997642042376
BE0,5,108,569.0,330.82664609247456
BE0,5,109,736.0,274.4453874961576
BE0,5,110,786.0,340.3130201159164
BE0,5,111,818.0,329.9565527188641
BE0,5,112,868.0,128.18742942162342
BE0,5,113,535.0,347.7342919049345
BE0,5,114,774.0,114.05878416507119
BE0,5,115,723.0,388.00861100629044
BE0,5,116,798.0,266.4731437073377
BE0,5,117,546.0,259.1489678831619
BE0,5,118,593.0,112.6347915030496
BE0,5,119,353.0,346.905762080466
BE0,5,120,558.0,372.2560418128164
BE0,5,121,522.0,363.47369105271264
BE0,5,122,532.0,278.2776549855332
BE0,5,123,487.0,203.39570164221595
BE0,5,124,755.0,298.3637775767795
BE0,5,125,771.0,213.78127785593875
BE0,5,126,307.0,242.30190126899427
BE0,5,127,255.0,72.22104286700157
BE0,5,128,655.0,243.45220586655253
BE0,5,129,727.0,303.4379698028378
BE0,5,130,948.0,-6.386862320389836
BE0,5,131,522.0,299.0962964166973
BE0,5,132,683.0,-35.0198493903406
BE0,5,133,908.0,220.80999078096892
BE0,5,134,890.0,184.4018756495528
BE0,5,135,591.0,-175.39705208671595
BE0,5,136,500.0,183.3865722787663
BE0,5,137,768.0,-149.37860480456706
BE0,5,138,734.0,197.99280116160006
BE0,5,139,643.0,189.14410571578028
BE0,5,140,802.0,219.14432290220768
BE0,5,141,539.0,214.68464649026905
BE0,5,142,666.0,231.30132903552305
BE0,5,143,726.0,65.8847926644412
BE0,5,144,610.0,51.95604768860235
BE0,5,145,312.0,206.86829022748424
BE0,5,146,467.0,38.80474358497613
BE0,5,147,921.0,62.61351907572611
BE0,5,148,705.0,173.66301199507834
BE0,5,149,229.0,46.965969658678944
BE0,5,150,911.0,-49.16398974099223
BE0,5,151,458.0,-44.60608274306778
BE0,5,152,644.0,-15.748905982103283
BE0,5,153,571.0,140.54719924899393
BE0,5,154,912.0,160.10707227876628
BE0,5,155,776.0,-40.242798855254335
BE0,5,156,218.0,-373.2535928588484
BE0,5,157,642.0,71.73771869621176
BE0,5,158,703.0,-107.9284006942067
BE0,5,159,725.0,87.36871020980077
BE0,5,160,914.0,88.20978015622799
BE0,5,161,488.0,-87.40624739336486
BE0,5,162,962.0,90.81484254903656
BE0,5,163,750.0,-40.61409438790039
BE0,5,164,496.0,-140.42115352768533
BE0,5,165,723.0,78.66006328844816
BE0,5,166,398.0,-167.94035234434932
BE0,5,167,491.0,21.610763724794793
BE0,5,168,917.0,55.697789290761925
BE0,5,169,765.0,-134.16588523757358
BE0,5,170,598.0,44.743568934284674
BE0,5,171,754.0,-66.93686008197642
BE0,5,172,389.0,50.0574257492033
BE0,5,173,777.0,25.19129042548443
BE0,5,174,636.0,-144.61580507972428
BE0,5,175,991.0,-276.07449936603695
BE0,5,176,609.0,-322.7321108082616
BE0,5,177,401.0,-150.9130337062711
BE0,5,178,853.0,-148.2836809451493
BE0,5,179,975.0,-174.5020943879004
BE0,5,180,804.0,-49.852193890387944
BE0,5,181,648.0,-171.5264153755547
BE0,5,182,612.0,-108.13189830946901
BE0,5,183,487.0,-264.8794523618908
BE0,5,184,783.0,-211.78939962417115
BE0,5,185,810.0,-159.21098327678928
BE0,5,186,816.0,-109.34023164280235
BE0,5,187,731.0,-178.7173976254745
BE0,5,188,442.0,-181.80610645426538
BE0,6,1,355.0,-204.133243002104
BE0,6,2,384.0,-136.0613533307425
BE0,6,3,380.0,-19.43876561144426
BE0,6,4,609.0,-70.89725234552083
BE0,6,5,762.0,-55.42700293704171
BE0,6,6,733.0,-14.150228956026721
BE0,6,7,532.0,-31.919592679113432
BE0,6,8,1001.0,-49.64999385688303
BE0,6,9,652.0,-101.03694126530284
BE0,6,10,906.0,-38.66579593559902
BE0,6,11,1230.0,-92.04499154212462
BE0,6,12,742.0,-64.9342756128629
BE0,6,13,602.0,-148.14655543483997
BE0,6,14,571.0,-292.85123219822646
BE0,6,15,1071.0,-67.15746677612064
BE0,6,16,280.0,-18.403615235504407
BE0,6,17,691.0,-7.007114305175689
BE0,6,18,153.0,-143.36568339610199
BE0,6,19,551.0,-121.03976379656223
BE0,6,20,518.0,-185.63672334361252
BE0,6,21,794.0,-268.9005116011036
BE0,6,22,568.0,-139.88676412886457
BE0,6,23,673.0,13.773125371585383
BE0,6,24,690.0,-69.27312869306134
BE0,6,25,409.0,-243.67723556383137
BE0,6,26,846.0,-50.766879335470634
BE0,6,27,842.0,-75.34079711538226
BE0,6,28,779.0,-1.3121288977086971
BE0,6,29,784.0,-40.228870337545224
BE0,6,30,652.0,-281.6090271548734
BE0,6,31,577.0,-8.465852175341
BE0,6,32,686.0,-35.314329521218696
BE0,6,33,560.0,-175.45004380693297
BE0,6,34,785.0,47.79886429133818
BE0,6,35,464.0,-163.3451176985586
BE0,6,36,605.0,-69.00429410209236
BE0,6,37,531.0,-43.25756331191011
BE0,6,38,896.0,-51.56321344979012
BE0,6,39,1003.0,33.98548531997202
BE0,6,40,840.0,-25.75004380693298
BE0,6,41,719.0,66.80985088807992
BE0,6,42,872.0,-29.646406847562073
BE0,6,43,860.0,20.82653426615672
BE0,6,44,672.0,58.87912285973369
BE0,6,45,324.0,29.629233089010587
BE0,6,46,970.0,-139.2922382104676
BE0,6,47,626.0,-143.75271382062533
BE0,6,48,725.0,39.12902023247589
BE0,6,49,547.0,54.94317896663714
BE0,6,50,736.0,84.75341116201112
BE0,6,51,974.0,67.64342935235126
BE0,6,52,521.0,73.91133540886082
BE0,6,53,339.0,24.259627495216204
BE0,6,54,590.0,-138.65718666407585
BE0,6,55,629.0,45.660460394747695
BE0,6,56,317.0,41.22420134854246
BE0,6,57,436.0,-101.3126912512318
BE0,6,58,717.0,75.3963698212798
BE0,6,59,836.0,-96.68804790809497
BE0,6,60,747.0,89.57360316189472
BE0,6,61,426.0,14.946569204468766
BE0,6,62,873.0,56.70203441267102
BE0,6,63,403.0,41.55522028381498
BE0,6,64,874.0,126.53366001784637
BE0,6,65,734.0,-42.59751363955267
BE0,6,66,1123.0,57.49650879451722
BE0,6,67,822.0,42.70948000259083
BE0,6,68,548.0,122.87310530672708
BE0,6,69,423.0,-193.24442070662903
BE0,6,70,659.0,55.16345066521096
BE0,6,71,443.0,101.50443861809121
BE0,6,72,497.0,-28.32438988339173
BE0,6,73,783.0,24.366568125196196
BE0,6,74,1005.0,58.825400400600785
BE0,6,75,847.0,135.18744143509772
BE0,6,76,706.0,69.67879067303464
BE0,6,77,614.0,120.24965372680364
BE0,6,78,597.0,-187.1205032469904
BE0,6,79,684.0,-52.41625099156122
BE0,6,80,838.0,-21.287735590090154
BE0,6,81,675.0,137.2672577803686
BE0,6,82,690.0,156.1355669591126
BE0,6,83,517.0,58.09987329723944
BE0,6,84,734.0,116.59867164655086
BE0,6,85,673.0,108.78352656029267
BE0,6,86,626.0,-82.60734640848479
BE0,6,87,355.0,-32.840285255625126
BE0,6,88,522.0,139.03515050067512
BE0,6,89,526.0,139.34129242337661
BE0,6,90,763.0,56.4497596006686
BE0,6,91,540.0,152.57799852110932
BE0,6,92,336.0,112.04876571687655
BE0,6,93,920.0,132.99824811853284
BE0,6,94,685.0,2.8085067665810994
BE0,6,95,711.0,-73.35873378081283
BE0,6,96,831.0,168.79311417828276
BE0,6,97,406.0,-24.74536400397731
BE0,6,98,547.0,11.99802357358413
BE0,6,99,607.0,118.10788747101475
BE0,6,100,766.0,-56.95196473196095
BE0,6,101,512.0,90.70687583592417
BE0,6,102,953.0,158.5606517409609
BE0,6,103,468.0,-78.31402427091345
BE0,6,104,868.0,142.7398179442191
BE0,6,105,763.0,4.955657372621413
BE0,6,106,897.0,148.26299170827645
BE0,6,107,673.0,16.651282875300094
BE0,6,108,746.0,120.93155328230488
BE0,6,109,915.0,51.55483519384766
BE0,6,110,736.0,125.9055850750546
BE0,6,111,490.0,-61.324533602851346
BE0,6,112,669.0,159.52786565281502
BE0,6,113,542.0,126.87860669385772
BE0,6,114,801.0,-54.352317750218155
BE0,6,115,607.0,-63.870695725031354
BE0,6,116,898.0,165.48267970563464
BE0,6,117,686.0,-67.70500007515456
BE0,6,118,412.0,-174.38194394562927
BE0,6,119,1208.0,158.323442474997
BE0,6,120,555.0,-70.55628576317494
BE0,6,121,1206.0,134.64563257307174
BE0,6,122,494.0,-93.76083038877219
BE0,6,123,640.0,151.25062583592415
BE0,6,124,997.0,90.44752747835145
BE0,6,125,916.0,-139.07290718809332
BE0,6,126,934.0,-49.02570914801588
BE0,6,127,668.0,-63.17275552635128
BE0,6,128,674.0,13.484949834440485
BE0,6,129,623.0,-94.55991539601806
BE0,6,130,614.0,72.94835079520755
BE0,6,131,747.0,21.418315343956294
BE0,6,132,790.0,80.6225601713672
BE0,6,133,689.0,76.15674657249892
BE0,6,134,1052.0,-73.05414483898078
BE0,6,135,387.0,82.97175390439962
BE0,6,136,903.0,181.0843415751268
BE0,6,137,351.0,8.659622452733283
BE0,6,138,602.0,178.51125187413012
BE0,6,139,258.0,-176.25176030748668
BE0,6,140,656.0,92.66933772616805
BE0,6,141,810.0,27.544047903825398
BE0,6,142,472.0,178.41569469185634
BE0,6,143,912.0,222.8092607043452
BE0,6,144,605.0,24.71636705493243
BE0,6,145,755.0,176.93486631605663
BE0,6,146,680.0,138.87075451239477
BE0,6,147,860.0,158.71723194057535
BE0,6,148,1125.0,173.01570222481305
BE0,6,149,986.0,195.23652530346982
BE0,6,150,377.0,204.0839273942796
BE0,6,151,973.0,220.8788873338687
BE0,6,152,834.0,-16.6586255129967
BE0,6,153,615.0,199.44525236031444
BE0,6,154,758.0,-149.71048481711014
BE0,6,155,669.0,142.6893006303935
BE0,6,156,748.0,223.1243641380632
BE0,6,157,619.0,106.44426729392094
BE0,6,158,636.0,108.46734163781096
BE0,6,159,696.0,156.54137655431498
BE0,6,160,400.0,157.99031333592416
BE0,6,161,499.0,113.7452181455434
BE0,6,162,675.0,-2.603853330742501
BE0,6,163,648.0,86.7835540766649
BE0,6,164,924.0,121.03090857401939
BE0,6,165,875.0,174.91652762163847
BE0,6,166,823.0,126.81863350603352
BE0,6,167,845.0,201.97239913474073
BE0,6,168,802.0,212.62261383467725
BE0,6,169,852.0,125.61206216221524
BE0,6,170,1356.0,208.69178088754657
BE0,6,171,1093.0,193.24638149694886
BE0,6,172,718.0,5.4118941158684555
BE0,6,173,855.0,172.6024624587312
BE0,6,174,360.0,13.795591113701944
BE0,6,175,660.0,97.39281333592416
BE0,6,176,810.0,74.89219605197354
BE0,6,177,651.0,207.20333560934966
BE0,6,178,924.0,161.72679601990683
BE0,6,179,1178.0,29.38067411690889
BE0,6,180,972.0,159.6456939943604
BE0,6,181,900.0,79.83392444703527
BE0,6,182,427.0,139.3624854670717
BE0,6,183,624.0,173.0380056436165
BE0,6,184,1071.0,111.64832220613893
BE0,6,185,487.0,248.0623205227825
BE0,6,186,429.0,110.8971256902365
BE0,6,187,659.0,243.55191804002126
BE0,6,188,786.0,80.39141384483001
BE0,6,189,1010.0,195.0794469992905
BE0,6,190,863.0,130.49298714820688
BE0,6,191,816.0,250.89943098298295
BE0,6,192,697.0,184.88571147078787
BE0,6,193,429.0,173.80388559699645
BE0,6,194,707.0,262.80872564144045
BE0,6,195,251.0,-123.04682809833879
BE0,6,196,989.0,198.50439068678364
BE0,6,197,783.0,174.9336179336253
BE0,6,198,938.0,-120.12243186663446
BE0,6,199,885.0,185.9450732229298
BE0,6,200,1021.0,147.86504644072338
BE0,6,201,615.0,149.5932198399892
BE0,6,202,675.0,150.19170222481304
BE0,6,203,941.0,160.0337803922472
BE0,6,204,345.0,86.57759594461982
BE0,6,205,706.0,148.02439973819045
BE0,6,206,946.0,149.1464074162624
BE0,6,207,878.0,171.9562529714595
BE0,6,208,696.0,141.49683632442992
BE0,6,209,739.0,96.30194730074149
BE0,6,210,716.0,181.51627702307502
BE0,6,211,857.0,109.23709571632088
BE0,6,212,934.0,197.13917307896483
BE0,6,213,869.0,166.95593186296676
BE0,6,214,824.0,136.98941527767175
BE0,6,215,743.0,169.09193850416105
BE0,6,216,446.0,173.3813783583457
BE0,6,217,1011.0,154.9681347998213
BE0,6,218,1046.0,78.87742136651688
BE0,6,219,668.0,191.91856183891815
BE0,6,220,1285.0,174.68055652658563
BE0,6,221,912.0,197.5515852657487
BE0,6,222,291.0,180.99298515723
BE0,6,223,686.0,170.83435852542854
BE0,6,224,843.0,191.25455710816615
BE0,6,225,929.0,172.2414139817799
BE0,6,226,833.0,202.00859965044998
BE0,6,227,750.0,66.8081466692575
BE0,6,228,856.0,203.50426193405502
BE0,6,229,564.0,177.7715367401795
BE0,6,230,870.0,155.56580184167132
BE0,6,231,313.0,8.16262164263343
BE0,6,232,1130.0,205.61272484034896
BE0,6,233,743.0,169.6222211421153
BE0,6,234,807.0,31.550248280162084
BE0,6,235,766.0,-1.0015730870523358
BE0,6,236,703.0,-63.18833886891225
BE0,6,237,1045.0,144.2834831923835
BE0,6,238,572.0,141.29980634291718
BE0,6,239,1037.0,47.278589613648364
BE0,6,240,881.0,-43.515075426845414
BE0,6,241,918.0,163.09401159300475
BE0,6,242,928.0,34.14841678420003
BE0,6,243,717.0,53.69762505140533
BE0,6,244,832.0,104.75915948977033
BE0,6,245,813.0,38.56741358192663
BE0,6,246,803.0,-71.91297744863374
BE0,6,247,1086.0,72.16712272818936
BE0,6,248,621.0,144.38983426990163
BE0,6,249,342.0,-93.147245143608
BE0,6,250,498.0,33.15927919937798
BE0,6,251,829.0,155.58262033230534
BE0,6,252,1023.0,92.34633239750774
BE0,6,253,697.0,-93.77425983480754
BE0,6,254,2797.0,87.15704286756521
BE0,6,255,737.0,-30.888665632868236
BE0,6,256,981.0,124.13098866721876
BE0,6,257,756.0,136.32059111370194
BE0,6,258,829.0,-64.15561850967293
BE0,6,259,1221.0,87.24469703780787
BE0,6,260,739.0,130.2207565023653
BE0,6,261,397.0,-19.32620429631765
BE0,6,262,737.0,105.01906842411955
BE0,6,263,612.0,-17.545421958193483
BE0,6,264,1064.0,160.69882837351813
BE0,6,265,733.0,57.274054809321164
BE0,6,266,718.0,117.63194982617485
BE0,6,267,880.0,61.15644969956053
BE0,6,268,472.0,-44.06100022339787
BE0,6,269,577.0,-9.179890303590566
BE0,6,270,587.0,115.61606716897356
BE0,6,271,644.0,-78.84849101190193
BE0,6,272,1116.0,140.084031973917
BE0,6,273,1010.0,-30.324513396749104
BE0,6,274,2518.0,77.41413978548732
BE0,6,275,880.0,4.262131517742348
BE0,6,276,795.0,161.35413409064114
BE0,6,277,926.0,112.70372046335396
BE0,6,278,640.0,126.23968833592417
BE0,6,279,325.0,100.22896718207801
BE0,6,280,315.0,-146.11432952121868
BE0,6,281,613.0,-132.72635469017698
BE0,6,282,842.0,129.37535490362012
BE0,6,283,235.0,64.09174950613692
BE0,6,284,953.0,66.55435583330087
BE0,6,285,273.0,52.17284996596079
BE0,6,286,1131.0,93.14847204503116
BE0,6,287,520.0,-106.97257127946045
BE0,6,288,794.0,75.84885867597454
BE0,6,289,1100.0,-138.969004845894
BE0,6,290,792.0,137.35215677026758
BE0,6,291,702.0,140.63683042994126
BE0,6,292,782.0,8.550485970195265
BE0,6,293,463.0,-138.76172230122486
BE0,6,294,797.0,71.75611321045365
BE0,6,295,562.0,8.98053575585299
BE0,6,296,450.0,106.95836889147972
BE0,6,297,746.0,-35.76013572573803
BE0,6,298,566.0,85.9650748200231
BE0,6,299,880.0,63.293949699560535
BE0,6,300,869.0,115.79943013684476
BE0,6,301,813.0,99.17380964588727
BE0,6,302,637.0,116.70293892462118
BE0,6,303,421.0,-59.19115340991907
BE0,6,304,741.0,-138.99159961954143
BE0,6,305,775.0,127.78668430366609
BE0,6,306,795.0,72.24218440510656
BE0,6,307,205.0,-74.36938178602706
BE0,6,308,543.0,-27.68738924234471
BE0,6,309,507.0,-24.007482522064
BE0,6,310,895.0,-37.21025928977416
BE0,6,311,681.0,77.33723330655559
BE0,6,312,689.0,61.880984598623726
BE0,6,313,1020.0,-48.0738533307425
BE0,6,314,859.0,105.1202289354585
BE0,6,315,888.0,-2.1092136911028616
BE0,6,316,655.0,-140.8617668167476
BE0,6,317,770.0,62.86229385540469
BE0,6,318,271.0,21.78635577134852
BE0,6,319,663.0,-1.887050917469499
BE0,6,320,829.0,27.311208993342746
BE0,6,321,859.0,86.53000774803125
BE0,6,322,571.0,-72.20324620873433
BE0,6,323,1244.0,92.73172008833573
BE0,6,324,786.0,54.00337313236182
BE0,6,325,679.0,-25.411531288523552
BE0,6,326,808.0,-127.74555300070948
BE0,6,327,889.0,53.35833639554172
BE0,6,328,885.0,69.93377378790156
BE0,6,329,460.0,-33.16153449016279
BE0,6,330,888.0,77.8074529755638
BE0,6,331,828.0,3.411170823846871
BE0,6,332,697.0,3.5385091752354993
BE0,6,333,792.0,-10.048095754984926
BE0,6,334,1086.0,69.6054284372133
BE0,6,335,709.0,-31.68285662176272
BE0,6,336,348.0,-161.03764643419078
BE0,6,337,638.0,28.873534339058963
BE0,6,338,868.0,70.06239858938038
BE0,6,339,1047.0,-0.5994980298829018
BE0,6,340,701.0,-138.50568880387613
BE0,6,341,791.0,-34.39523976142097
BE0,6,342,754.0,29.337243044146977
BE0,6,343,712.0,-62.13415295621067
BE0,6,344,349.0,43.534217347385486
BE0,6,345,705.0,27.653451633796504
BE0,6,346,392.0,-62.92147237836155
BE0,6,347,794.0,62.14986623264961
BE0,6,348,1508.0,-9.631589847099708
BE0,6,349,780.0,51.56204410515494
BE0,6,350,872.0,-36.01337932462629
BE0,6,351,1005.0,38.63236557473014
BE0,6,352,929.0,-3.738133919188859
BE0,6,353,1022.0,-21.769319736482878
BE0,6,354,737.0,-117.20074161658601
BE0,6,355,548.0,34.639528664391314
BE0,6,356,825.0,-85.05839878528795
BE0,6,357,617.0,-111.74730011626383
BE0,6,358,729.0,-63.191068694254156
BE0,6,359,798.0,-20.52861523550441
BE0,6,360,814.0,33.93101972413056
BE0,6,361,861.0,-161.91130977673552
BE0,6,362,658.0,-55.835606116963376
BE0,6,363,785.0,-20.317059275540803
BE0,6,364,780.0,-93.87128922817841
BE0,6,365,974.0,-114.13480473389103
BE0,6,366,1019.0,-74.2746547700621
BE0,6,367,531.0,-102.9750774362039
BE0,6,368,1089.0,-85.83000576416767
BE0,6,369,932.0,-44.051607264934205
BE0,6,370,825.0,-61.01839878528795
BE0,6,371,291.0,-100.01732412112051
BE0,6,372,991.0,-6.819447007163624
BE0,6,373,844.0,-103.07922457876778
BE0,6,374,779.0,-106.2723342892363
BE0,6,375,631.0,-27.956394271048893
BE0,6,376,545.0,-120.14526005857125
BE0,6,377,857.0,-96.65321933618786
BE0,6,378,672.0,-89.23397237836154
BE0,6,379,773.0,-104.65641046743936
BE0,6,380,948.0,-87.95191240247246
BE0,6,381,499.0,-138.50127484042852
BE0,6,382,1022.0,-9.30845867973141
BE0,6,383,659.0,-103.88055540459177
BE0,6,384,786.0,-24.804514908350644
BE0,6,385,726.0,-133.79740704975077
BE0,6,386,861.0,-103.195862622264
BE0,6,387,668.0,-94.98263576587225
BE0,6,388,590.0,-137.69447479966905
BE0,6,389,752.0,-37.26569730237371
BE0,6,390,363.0,-91.65277895057723
BE0,6,391,691.0,-107.57296090430738
BE0,6,392,729.0,-81.69724153376033
BE0,6,393,397.0,-149.15743855324462
BE0,6,394,528.0,-78.41173211862129
BE0,6,395,379.0,-102.54953494903626
BE0,6,396,421.0,-111.08664034578605
BE0,6,397,300.0,-24.6338533307425
BE0,6,398,353.0,-65.78296570090303
BE0,6,399,295.0,-181.69786463017755
BE0,6,400,179.0,-104.67506375904792
BE0,6,401,205.0,-10.544991542124615
BE0,6,402,117.0,-40.67940888629808
BE0,7,1,277.0,-510.59692686959824
BE0,7,2,272.0,-547.7119725268502
BE0,7,3,645.0,-352.55549737865135
BE0,7,4,561.0,-538.4022577318412
BE0,7,5,983.0,-330.8759812636104
BE0,7,6,695.0,50.05867918707281
BE0,7,7,556.0,-73.87045750357467
BE0,7,8,504.0,56.77028704364469
BE0,7,9,366.0,61.42439841496918
BE0,7,10,661.0,-59.19593176864069
BE0,7,11,666.0,-441.3111157877582
BE0,7,12,319.0,-64.32653088938012
BE0,7,13,469.0,75.59290016849663
BE0,7,14,648.0,74.88007540343305
BE0,7,15,567.0,-397.85801983466223
BE0,7,16,461.0,-396.83692467690764
BE0,7,17,658.0,106.14727117062881
BE0,7,18,331.0,116.16367168853992
BE0,7,19,515.0,95.85184814705046
BE0,7,20,709.0,106.64575998787645
BE0,7,21,502.0,98.76593935503406
BE0,7,22,577.0,12.50280471853672
BE0,7,23,650.0,217.27232611568377
BE0,7,24,602.0,45.936307715479316
BE0,7,25,605.0,55.78717671962528
BE0,7,26,423.0,213.66061125843694
BE0,7,27,339.0,-4.25643721538045
BE0,7,28,755.0,48.82182178557679
BE0,7,29,247.0,252.20568643957034
BE0,7,30,798.0,-209.90160100982231
BE0,7,31,434.0,44.57814674666569
BE0,7,32,721.0,270.45795078227934
BE0,7,33,517.0,285.9563344477772
BE0,7,34,903.0,-178.56922938308105
BE0,7,35,556.0,-228.809306424438
BE0,7,36,704.0,196.51638643036907
BE0,7,37,397.0,264.38044857257194
BE0,7,38,996.0,300.289267728288
BE0,7,39,447.0,170.89287679542906
BE0,7,40,773.0,270.10864614752774
BE0,7,41,600.0,271.5398902182479
BE0,7,42,671.0,209.3310054691172
BE0,7,43,808.0,146.65858658788483
BE0,7,44,474.0,208.09362439546305
BE0,7,45,788.0,345.8488665295846
BE0,7,46,714.0,216.92458209499856
BE0,7,47,860.0,317.04062665235637
BE0,7,48,601.0,295.2409246053804
BE0,7,49,414.0,335.6538274163155
BE0,7,50,529.0,78.26042266941359
BE0,7,51,890.0,119.01099508716172
BE0,7,52,726.0,123.22519324855091
BE0,7,53,522.0,102.83473696154287
BE0,7,54,330.0,99.53428415764179
BE0,7,55,767.0,345.0988450205077
BE0,7,56,480.0,294.4261402182479
BE0,7,57,613.0,243.87623877724732
BE0,7,58,600.0,386.6315568849146
BE0,7,59,947.0,262.25120841606554
BE0,7,60,563.0,332.9699050199057
BE0,7,61,499.0,225.95374125365203
BE0,7,62,518.0,74.3229468463045
BE0,7,63,643.0,89.41987725816493
BE0,7,64,815.0,105.09468571927036
BE0,7,65,1743.0,350.1266171258784
BE0,7,66,642.0,325.434765607656
BE0,7,67,812.0,280.88495589969284
BE0,7,68,775.0,286.56865365910807
BE0,7,69,492.0,253.23960566540234
BE0,7,70,828.0,283.19247475931064
BE0,7,71,490.0,6.239107905322698
BE0,7,72,654.0,23.040455967483343
BE0,7,73,659.0,154.9070804054001
BE0,7,74,342.0,126.8264691656163
BE0,7,75,700.0,152.62441402777168
BE0,7,76,939.0,-15.458996895703145
BE0,7,77,573.0,-41.31470838559158
BE0,7,78,760.0,61.765504253335585
BE0,7,79,486.0,52.69489021824787
BE0,7,80,717.0,59.31762383052123
BE0,7,81,505.0,-215.28893816459043
BE0,8,1,417.0,-184.76774256646698
BE0,8,2,658.0,-61.55956868004419
BE0,8,3,316.0,19.696491109883095
BE0,8,4,437.0,25.40050727302071
BE0,8,5,559.0,-100.24711863627302
BE0,8,6,342.0,-31.348793515181676
BE0,8,7,712.0,-138.92294424781852
BE0,8,8,514.0,-6.924168398563931
BE0,8,9,801.0,21.41912816166963
BE0,8,10,289.0,-11.350999144595464
BE0,8,11,578.0,-70.86137976743284
BE0,8,12,746.0,-17.759043895377026
BE0,8,13,388.0,-152.2048856355169
BE0,8,14,1013.0,6.285614155855081
BE0,8,15,594.0,17.799088816911183
BE0,8,16,797.0,-26.99863539298367
BE0,8,17,918.0,14.994573071218968
BE0,8,18,541.0,19.93624285887114
BE0,8,19,276.0,-86.56249806641483
BE0,8,20,319.0,0.15303053292186447
BE0,8,21,860.0,-188.95543706203333
BE0,8,22,707.0,13.066932267922953
BE0,8,23,515.0,1.4075455525523846
BE0,8,24,471.0,-18.082991004659082
BE0,8,25,680.0,45.79969289692703
BE0,8,26,479.0,17.14024920295675
BE0,8,27,492.0,45.87193106048513
BE0,8,28,938.0,1.1889002216479607
BE0,8,29,894.0,-0.7648616497238474
BE0,8,30,390.0,-207.19404767622532
BE0,8,31,780.0,37.57902924685161
BE0,8,32,733.0,-12.051920135734878
BE0,8,33,755.0,44.00520516806064
BE0,8,34,400.0,-6.458983573661207
BE0,8,35,666.0,58.45806597588834
BE0,8,36,709.0,-197.95749203628463
BE0,8,37,733.0,58.48696117395135
BE0,8,38,444.0,-11.841483573661208
BE0,8,39,448.0,-7.749965716518351
BE0,8,40,605.0,4.181243699066065
BE0,8,41,241.0,-171.18276988071514
BE0,8,42,616.0,-3.352847210024844
BE0,8,43,896.0,-121.35041214508978
BE0,8,44,486.0,62.632796261729744
BE0,8,45,1173.0,-141.0590880067388
BE0,8,46,885.0,-185.27566436462166
BE0,8,47,810.0,69.50851642633879
BE0,8,48,345.0,-28.949454588153962
BE0,8,49,687.0,-14.820741215582604
BE0,8,50,779.0,74.89824684995881
BE0,8,51,781.0,-7.939114815658646
BE0,8,52,457.0,81.52120789242194
BE0,8,53,527.0,-148.03835264386996
BE0,8,54,1166.0,74.38707560301118
BE0,8,55,702.0,-188.96755194972957
BE0,8,56,120.0,68.45851642633879
BE0,8,57,853.0,70.4243429210633
BE0,8,58,756.0,41.62280214062451
BE0,8,59,600.0,72.30518309300545
BE0,8,60,195.0,75.37005488787725
BE0,8,61,419.0,59.74622525688772
BE0,8,62,745.0,64.44542917801664
BE0,8,63,507.0,106.33455192929738
BE0,8,64,936.0,11.589071981894348
BE0,8,65,994.0,-101.09550771853043
BE0,8,66,837.0,121.54770400101023
BE0,8,67,611.0,-31.888537583481174
BE0,8,68,979.0,-5.908643941383373
BE0,8,69,694.0,-20.107333717753427
BE0,8,70,477.0,57.0489776422717
BE0,8,71,525.0,50.356135473957835
BE0,8,72,724.0,130.88227333241613
BE0,8,73,245.0,1.1860674467469556
BE0,8,74,899.0,58.07425613712856
BE0,8,75,568.0,-102.56507512295698
BE0,8,76,904.0,-0.51736852941342
BE0,8,77,824.0,-93.75289134065149
BE0,8,78,567.0,-146.51123666008098
BE0,8,79,188.0,18.259580256126025
BE0,8,80,231.0,-19.697544179721813
BE0,8,81,660.0,89.65094066876303
BE0,8,82,861.0,-127.2250491950317
BE0,8,83,674.0,101.9292879396919
BE0,8,84,639.0,55.3858247205485
BE0,8,85,756.0,92.5791513469737
BE0,8,86,740.0,-7.511753843931478
BE0,8,87,920.0,122.20090773068662
BE0,8,88,847.0,95.40910674511092
BE0,8,89,830.0,21.03622726971229
BE0,8,90,482.0,96.6948234802807
BE0,8,91,505.0,102.6134669213883
BE0,8,92,456.0,66.79448133861949
BE0,8,93,1045.0,17.942966187104343
BE0,8,94,530.0,28.36323340747087
BE0,8,95,907.0,121.74093097981176
BE0,8,96,659.0,74.80077742785623
BE0,8,97,865.0,130.99753376737925
BE0,8,98,692.0,127.02845862287057
BE0,8,99,694.0,-17.311944668762074
BE0,8,100,663.0,47.99448927701753
BE0,8,101,665.0,103.91302770453429
BE0,8,102,1088.0,130.05741348516233
BE0,8,103,550.0,117.23760733542969
BE0,8,104,403.0,100.12439731963903
BE0,8,105,471.0,56.91913213759143
BE0,8,106,978.0,124.24593973922222
BE0,8,107,833.0,-6.480439155894101
BE0,8,108,737.0,141.63985970992087
BE0,8,109,733.0,67.73116308391042
BE0,8,110,419.0,112.22116559101659
BE0,8,111,997.0,132.89447429995968
BE0,8,112,332.0,114.89345618537493
BE0,8,113,846.0,144.52199160364376
BE0,8,114,856.0,-66.39288544282009
BE0,8,115,691.0,112.52935578958046
BE0,8,116,553.0,68.84884192362631
BE0,8,117,740.0,76.99230021012256
BE0,8,118,341.0,105.8850560157816
BE0,8,119,412.0,93.83812807682422
BE0,8,120,722.0,97.85311476428893
BE0,8,121,910.0,35.44587906370143
BE0,8,122,1046.0,163.76033286993342
BE0,8,123,855.0,-37.54528474325185
BE0,8,124,706.0,127.19180254531896
BE0,8,125,199.0,40.506506376087536
BE0,8,126,535.0,34.96272203381543
BE0,8,127,722.0,129.54979066456593
BE0,8,128,630.0,74.214865632688
BE0,8,129,548.0,91.90851642633879
BE0,8,130,889.0,117.80165478404409
BE0,8,131,861.0,62.05485788975343
BE0,8,132,483.0,96.40334044290194
BE0,8,133,753.0,132.91382851133216
BE0,8,134,598.0,-43.459376550249836
BE0,8,135,855.0,-18.82481690699454
BE0,8,136,621.0,129.67019114453524
BE0,8,137,618.0,120.80172030983393
BE0,8,138,696.0,74.34817159875259
BE0,8,139,449.0,-31.407741925554305
BE0,8,140,948.0,4.375816004397864
BE0,8,141,411.0,112.90121715626579
BE0,8,142,969.0,43.10356286596728
BE0,8,143,976.0,161.56732790174863
BE0,8,144,476.0,82.66691978768333
BE0,8,145,881.0,148.66674571124233
BE0,8,146,590.0,140.1695333754913
BE0,8,147,599.0,-10.961266545280573
BE0,8,148,959.0,177.53938191121887
BE0,8,149,845.0,30.237510509179028
BE0,8,150,821.0,142.38963701099166
BE0,8,151,761.0,167.88486333829675
BE0,8,152,1114.0,27.631137611258
BE0,8,153,406.0,124.4331469682107
BE0,8,154,780.0,155.02005488787725
BE0,8,155,513.0,147.54789264466237
BE0,8,156,859.0,111.31247451714206
BE0,8,157,714.0,100.51635956359368
BE0,8,158,669.0,129.55874064158544
BE0,8,159,921.0,166.1560734295961
BE0,8,160,741.0,109.33091858558305
BE0,8,161,938.0,-51.718349245303
BE0,8,162,749.0,86.68154713394894
BE0,8,163,710.0,110.09161501788807
BE0,8,164,912.0,125.78899888247915
BE0,8,165,608.0,102.32792432107563
BE0,8,166,840.0,34.95137356919594
BE0,8,167,790.0,34.531301236465374
BE0,8,168,832.0,160.71260296480034
BE0,8,169,776.0,71.61083601396766
BE0,8,170,867.0,-83.20105681472234
BE0,8,171,532.0,111.58520815566209
BE0,8,172,760.0,120.03877958423354
BE0,8,173,335.0,8.580158217383568
BE0,8,174,614.0,176.6088421592378
BE0,8,175,640.0,-85.09617107366121
BE0,8,176,739.0,27.437609795756927
BE0,8,177,521.0,115.87780625359407
BE0,8,178,996.0,172.4175525709171
BE0,8,179,604.0,121.73467536673616
BE0,8,180,722.0,129.69937515210057
BE0,8,181,827.0,109.91939913492405
BE0,8,182,661.0,167.5318144596217
BE0,8,183,802.0,130.75390296000464
BE0,8,184,745.0,123.2816707887549
BE0,8,185,862.0,176.23682269083992
BE0,8,186,713.0,129.99827799716627
BE0,8,187,866.0,102.81036400139652
BE0,8,188,337.0,161.9352226577928
BE0,8,189,846.0,123.46761808118511
BE0,8,190,196.0,121.23504703858367
BE0,8,191,1078.0,125.2971991721644
BE0,8,192,629.0,117.11996316719731
BE0,8,193,714.0,66.03456684650686
BE0,8,194,810.0,68.8196275374499
BE0,8,195,1021.0,151.9094958582683
BE0,8,196,630.0,67.29264341046579
BE0,8,197,938.0,146.86907079734095
BE0,8,198,854.0,121.85816513828259
BE0,8,199,553.0,102.72587628167334
BE0,8,200,808.0,88.24143721841799
BE0,8,201,900.0,79.16851642633878
BE0,8,202,633.0,37.76317677389013
BE0,8,203,733.0,161.4992394822733
BE0,8,204,466.0,65.78834475251905
BE0,8,205,350.0,24.622802140624508
BE0,8,206,741.0,73.11094557613636
BE0,8,207,918.0,-62.703684009391054
BE0,8,208,777.0,89.47479699261935
BE0,8,209,847.0,89.64759552905424
BE0,8,210,812.0,38.071078002693476
BE0,8,211,1221.0,104.42940094722331
BE0,8,212,908.0,86.59794373911411
BE0,8,213,940.0,-62.010632509831424
BE0,8,214,918.0,-93.70150536015359
BE0,8,215,723.0,33.25983039591002
BE0,8,216,813.0,120.02536759485047
BE0,8,217,698.0,77.55035023722704
BE0,8,218,950.0,56.253779584233534
BE0,8,219,1530.0,153.67975825640414
BE0,8,220,715.0,105.93369125151361
BE0,8,221,858.0,105.48310850093087
BE0,8,222,955.0,47.99228605984665
BE0,8,223,686.0,95.04700039135336
BE0,8,224,340.0,113.38792819104467
BE0,8,225,565.0,74.82002085111755
BE0,8,226,876.0,122.00668994232052
BE0,8,227,1033.0,147.55227247667762
BE0,8,228,526.0,87.60053163546426
BE0,8,229,970.0,126.38171230262745
BE0,8,230,309.0,133.31951966258472
BE0,8,231,811.0,59.169922098348664
BE0,8,232,702.0,113.68914320696558
BE0,8,233,825.0,138.22245582027819
BE0,8,234,589.0,116.07320233465798
BE0,8,235,679.0,50.28995972530787
BE0,8,236,474.0,94.90851642633879
BE0,8,237,839.0,118.87275957294189
BE0,8,238,474.0,121.75239828287887
BE0,8,239,883.0,73.22788222475329
BE0,8,240,794.0,94.42740811399624
BE0,8,241,1212.0,96.70802137683384
BE0,8,242,915.0,-29.681647508087437
BE0,8,243,843.0,87.64398499098884
BE0,8,244,629.0,-30.38719104583927
BE0,8,245,1112.0,-66.06630371754609
BE0,8,246,485.0,2.114701993349102
BE0,8,247,552.0,23.06069033938227
BE0,8,248,624.0,117.2562728365952
BE0,8,249,807.0,116.55411741766468
BE0,8,250,976.0,31.101139377158464
BE0,8,251,1002.0,78.66899546825495
BE0,8,252,1234.0,38.61435111029341
BE0,8,253,684.0,-23.774232111672905
BE0,8,254,350.0,88.57994499776737
BE0,8,255,639.0,97.10256963447651
BE0,8,256,893.0,110.63751978580129
BE0,8,257,592.0,-72.63371330339093
BE0,8,258,872.0,123.25828706854062
BE0,8,259,261.0,18.04261604319703
BE0,8,260,780.0,49.33287540069777
BE0,8,261,798.0,8.815784596764857
BE0,8,262,982.0,37.475726202306205
BE0,8,263,951.0,14.32176563769526
BE0,8,264,257.0,26.492174013887432
BE0,8,265,926.0,71.80160497925456
BE0,8,266,711.0,70.62722247415877
BE0,8,267,888.0,90.86347138129375
BE0,8,268,1015.0,88.78634893865407
BE0,8,269,954.0,18.538495461978204
BE0,8,270,705.0,-30.390774353803053
BE0,8,271,728.0,7.430494448316814
BE0,8,272,761.0,28.757399474959026
BE0,8,273,628.0,71.26520432442796
BE0,8,274,623.0,14.568227501780207
BE0,8,275,819.0,-108.43824792042555
BE0,8,276,714.0,-47.800167047050564
BE0,8,277,312.0,-57.1812271634048
BE0,8,278,782.0,-96.0045270519221
BE0,8,279,1285.0,78.24548140688354
BE0,8,280,587.0,46.23730688630472
BE0,8,281,440.0,-58.927847210024844
BE0,8,282,1457.0,25.505633790786288
BE0,8,283,706.0,-8.541908502839679
BE0,8,284,745.0,-28.20155068775517
BE0,8,285,321.0,-34.35005055185436
BE0,8,286,773.0,80.34577386488989
BE0,8,287,879.0,37.09167911120797
BE0,8,288,1486.0,-16.96564238927359
BE0,8,289,879.0,67.676434515076
BE0,8,290,398.0,0.44620486854984764
BE0,8,291,673.0,-15.244529636068341
BE0,8,292,587.0,58.83526259328939
BE0,8,293,638.0,93.21415905956763
BE0,8,294,597.0,-58.61744672273994
BE0,8,295,599.0,-66.7008324885193
BE0,8,296,729.0,-72.54278672866806
BE0,8,297,684.0,20.839802976046396
BE0,8,298,1276.0,-15.249790783692555
BE0,8,299,695.0,-36.744720983733146
BE0,8,300,470.0,-93.62765378642717
BE0,8,301,435.0,-44.13746058515546
BE0,8,302,637.0,70.34807686589923
BE0,8,303,519.0,-15.051021145915543
BE0,8,304,232.0,-37.58286288400603
BE0,8,305,668.0,-0.7336991425234831
BE0,8,306,939.0,-51.33003522435343
BE0,8,307,879.0,20.849358292095335
BE0,8,308,602.0,-77.63633407200008
BE0,8,309,972.0,-62.687162586006885
BE0,8,310,746.0,-111.87566587929125
BE0,8,311,479.0,-127.14158795779483
BE0,8,312,926.0,-1.621721154654728
BE0,8,313,606.0,0.03887946264242274
BE0,8,314,891.0,40.90402708851612
BE0,8,315,305.0,-59.49148357366121
BE0,8,316,1009.0,8.849051609688642
BE0,8,317,768.0,-38.70346274032787
BE0,8,318,1003.0,-27.086498528795804
BE0,8,319,950.0,-47.71464146839805
BE0,8,320,384.0,-76.50815024032788
BE0,8,321,569.0,-15.810288494575094
BE0,8,322,1279.0,-52.67944291689811
BE0,8,323,800.0,-26.885233573661207
BE0,8,324,648.0,6.553578154733854
BE0,8,325,729.0,-60.937848457063126
BE0,8,326,811.0,-85.01010256256379
BE0,8,327,743.0,-0.9649694417634956
BE0,8,328,698.0,19.80393189911816
BE0,8,329,921.0,-35.15554437713569
BE0,8,330,364.0,-73.7370879692656
BE0,8,331,561.0,-56.02909498186085
BE0,8,332,594.0,-98.95343643561407
BE0,8,333,949.0,-34.178944058381965
BE0,8,334,813.0,-30.638839047215946
BE0,8,335,1146.0,-50.77472964695964
BE0,8,336,320.0,-106.40085857366121
BE0,8,337,506.0,-37.051957881961606
BE0,8,338,316.0,-110.59148357366122
BE0,8,339,427.0,-26.26010184064013
BE0,8,340,293.0,-110.9481388637636
BE0,8,341,304.0,-34.08490462629279
BE0,8,342,334.0,-90.15136381318216
BE0,8,343,301.0,-101.30743041751504
BE0,8,344,192.0,-90.18002524032788
BE0,9,1,450.0,-326.95493859440165
BE0,9,2,647.0,-26.769594270170145
BE0,9,3,841.0,-41.17692564685243
BE0,9,4,167.0,-23.076788228466846
BE0,9,5,954.0,-72.93661574324861
BE0,9,6,830.0,-41.423559745673394
BE0,9,7,1035.0,-18.93783714512628
BE0,9,8,850.0,-4.880951666297068
BE0,9,9,699.0,-53.056922380763105
BE0,9,10,1026.0,70.6085311911734
BE0,9,11,855.0,-8.593418126565386
BE0,9,12,668.0,6.216624945185849
BE0,9,13,827.0,-155.92166437701619
BE0,9,14,865.0,-36.191329088942425
BE0,9,15,587.0,-93.37677088665983
BE0,9,16,419.0,-17.320353603683
BE0,9,17,789.0,7.097676530228691
BE0,9,18,947.0,-322.7526318948827
BE0,9,19,585.0,-429.34177620123927
BE0,9,20,804.0,-75.43609945675654
BE0,9,21,1052.0,-77.14028291210337
BE0,9,22,1014.0,118.81233293748528
BE0,9,23,609.0,68.74278444883863
BE0,9,24,740.0,-344.20325691272
BE0,9,25,825.0,90.00607150660845
BE0,9,26,1009.0,150.6563619231625
BE0,9,27,309.0,-416.9476678284902
BE0,9,28,551.0,-92.92033887671661
BE0,9,29,763.0,100.04193631458337
BE0,9,30,338.0,104.23935463373773
BE0,9,31,790.0,114.86576464047882
BE0,9,32,585.0,-234.27340013286317
BE0,9,33,340.0,102.21081303958529
BE0,9,34,786.0,174.38855589245162
BE0,9,35,1039.0,68.6707292486098
BE0,9,36,852.0,166.50348081091914
BE0,9,37,724.0,-174.52569979759377
BE0,9,38,639.0,124.81842603783623
BE0,9,39,314.0,179.00511802272504
BE0,9,40,841.0,166.148876969081
BE0,9,41,619.0,83.07145164074466
BE0,9,42,805.0,215.26243890732366
BE0,9,43,452.0,-159.86492876155995
BE0,9,44,600.0,65.43228362782058
BE0,9,45,905.0,35.00330572726809
BE0,9,46,617.0,143.13363695034894
BE0,9,47,626.0,103.36651685465765
BE0,9,48,897.0,104.08572286973808
BE0,9,49,844.0,-137.7323846186249
BE0,9,50,859.0,-62.735533601515854
BE0,9,51,432.0,158.44283918337612
BE0,9,52,795.0,78.74262953977026
BE0,9,53,726.0,197.5704792201071
BE0,9,54,466.0,-291.31443311037685
BE0,9,55,332.0,143.6252354350495
BE0,9,56,992.0,228.4820416923367
BE0,9,57,840.0,157.37299791353487
BE0,9,58,627.0,220.34182908236602
BE0,9,59,635.0,-48.849724246195166
BE0,9,60,411.0,206.02840284923178
BE0,9,61,570.0,229.5767573120311
BE0,9,62,828.0,-15.568030381841256
BE0,9,63,688.0,219.35530688363454
BE0,9,64,620.0,-317.1352970173407
BE0,9,65,739.0,217.22151908113585
BE0,9,66,335.0,189.09325377707432
BE0,9,67,621.0,13.508861727659548
BE0,9,68,696.0,236.46199627149875
BE0,9,69,826.0,204.23474125493922
BE0,9,70,796.0,254.66492181877538
BE0,9,71,545.0,32.118476288371035
BE0,9,72,467.0,136.06929647578633
BE0,9,73,895.0,9.92750709150773
BE0,9,74,838.0,150.7727251552669
BE0,9,75,567.0,236.84671925392288
BE0,9,76,703.0,125.37946001473381
BE0,9,77,849.0,70.75889729095367
BE0,9,78,898.0,258.88505645632836
BE0,9,79,650.0,209.89651439705133
BE0,9,80,754.0,269.9098300469187
BE0,9,81,764.0,298.3938281304384
BE0,9,82,492.0,275.63728362782064
BE0,9,83,1023.0,253.014360851672
BE0,9,84,921.0,232.5420067548564
BE0,9,85,923.0,33.328237040604975
BE0,9,86,765.0,83.93826401997744
BE0,9,87,907.0,125.09015022098487
BE0,9,88,884.0,296.1372836278206
BE0,9,89,729.0,64.53886113124993
BE0,9,90,310.0,241.7324449181432
BE0,9,91,645.0,42.48108207743298
BE0,9,92,717.0,234.90820412991263
BE0,9,93,746.0,296.2170423409573
BE0,9,94,886.0,292.52610981292213
BE0,9,95,631.0,305.14877332671125
BE0,9,96,526.0,302.2998311563377
BE0,9,97,526.0,-111.30283044062048
BE0,9,98,676.0,248.8636149887673
BE0,9,99,967.0,-100.00309899885987
BE0,9,100,821.0,306.9920339323273
BE0,9,101,682.0,266.7846443316329
BE0,9,102,780.0,-53.25117791064096
BE0,9,103,944.0,245.1245717634138
BE0,9,104,500.0,291.99128362782056
BE0,9,105,1159.0,-12.80641783896113
BE0,9,106,1037.0,133.26529712830276
BE0,9,107,802.0,327.4396527051273
BE0,9,108,1173.0,303.7457661512647
BE0,9,109,620.0,69.3937352407238
BE0,9,110,1073.0,192.87144019818405
BE0,9,111,946.0,282.57861555171064
BE0,9,112,972.0,303.1321395948988
BE0,9,113,1244.0,206.84146369212928
BE0,9,114,851.0,87.58176071360202
BE0,9,115,774.0,124.40020352446142
BE0,9,116,672.0,252.78014077067772
BE0,9,117,879.0,274.3275566653632
BE0,9,118,662.0,332.2996703347692
BE0,9,119,1200.0,316.7706169611539
BE0,9,120,744.0,303.6493804020141
BE0,9,121,1042.0,331.64160224586277
BE0,9,122,903.0,281.3811928194042
BE0,9,123,717.0,292.32661417175365
BE0,9,124,832.0,209.97983170474365
BE0,9,125,811.0,307.78000865864675
BE0,9,126,317.0,114.9535296846029
BE0,9,127,195.0,297.30266824320523
BE0,9,128,845.0,150.64823037338272
BE0,9,129,954.0,310.63571130077656
BE0,9,130,406.0,84.71486983471713
BE0,9,131,871.0,117.24893689992162
BE0,9,132,778.0,-135.60628963696092
BE0,9,133,903.0,72.55173545506311
BE0,9,134,633.0,54.63925835135928
BE0,9,135,734.0,-189.81707604520395
BE0,9,136,683.0,243.5534622515395
BE0,9,137,911.0,241.12877649280412
BE0,9,138,540.0,-206.6664200758831
BE0,9,139,874.0,132.74083053857572
BE0,9,140,973.0,238.29530007180827
BE0,9,141,585.0,-198.00502406448712
BE0,9,142,975.0,251.46779644833342
BE0,9,143,1151.0,170.4806806738675
BE0,9,144,836.0,-164.20601780758614
BE0,9,145,253.0,-219.76093771605295
BE0,9,146,746.0,-197.49341342311777
BE0,9,147,883.0,47.15002428467223
BE0,9,148,844.0,216.70718884109073
BE0,9,149,939.0,189.99590982590365
BE0,9,150,243.0,-152.73000032279668
BE0,9,151,1092.0,224.83966458020151
BE0,9,152,792.0,244.9983947389317
BE0,9,153,700.0,38.117283627820576
BE0,9,154,438.0,155.1818041757658
BE0,9,155,524.0,205.99797065072136
BE0,9,156,449.0,33.33494509775377
BE0,9,157,1415.0,228.0950574794107
BE0,9,158,1002.0,221.73558702103415
BE0,9,159,620.0,-181.92561959798587
BE0,9,160,576.0,118.2171447389317
BE0,9,161,865.0,12.104624668283007
BE0,9,162,719.0,163.54792340528928
BE0,9,163,519.0,3.0953761133697126
BE0,9,164,796.0,148.2201982006849
BE0,9,165,590.0,-197.86525874506077
BE0,9,166,759.0,212.81745490581795
BE0,9,167,960.0,49.241450294487244
BE0,9,168,871.0,231.60140532701692
BE0,9,169,891.0,190.83228923949287
BE0,9,170,1207.0,9.644533006445268
BE0,9,171,853.0,15.141679876355163
BE0,9,172,783.0,-210.90326554203892
BE0,9,173,887.0,18.010169760853273
BE0,9,174,1463.0,185.52843195317942
BE0,9,175,546.0,86.88911512965208
BE0,9,176,752.0,41.976379372501434
BE0,9,177,750.0,74.29128362782058
BE0,9,178,863.0,48.0263334540083
BE0,9,179,963.0,81.09081426125776
BE0,9,180,1169.0,47.45272417529705
BE0,9,181,763.0,33.542591622578115
BE0,9,182,211.0,36.80197557094854
BE0,9,183,845.0,95.12515345030579
BE0,9,184,830.0,-76.26813805892641
BE0,9,185,853.0,9.931832279637696
BE0,9,186,526.0,75.64964104226925
BE0,9,187,667.0,58.70887283321789
BE0,9,188,991.0,133.81261157938465
BE0,9,189,839.0,-128.9494267416669
BE0,9,190,321.0,35.13962007641871
BE0,9,191,875.0,46.88842648496344
BE0,9,192,610.0,87.26597215241074
BE0,9,193,691.0,97.49365121103332
BE0,9,194,475.0,85.35886257518901
BE0,9,195,777.0,-57.55673181619487
BE0,9,196,809.0,41.318680413976324
BE0,9,197,974.0,131.9509386586214
BE0,9,198,612.0,-161.31533075126438
BE0,9,199,734.0,124.08346891392414
BE0,9,200,315.0,-95.0873195467826
BE0,9,201,210.0,-22.94128780075085
BE0,9,202,840.0,136.89323600877296
BE0,9,203,590.0,122.85847006849856
BE0,9,204,670.0,-92.53361189456749
BE0,9,205,216.0,41.461357701894656
BE0,9,206,856.0,111.61508736613834
BE0,9,207,722.0,47.0811894449951
BE0,9,208,798.0,-78.71797953007416
BE0,9,209,894.0,90.05954313565057
BE0,9,210,428.0,61.945694842773854
BE0,9,211,592.0,-98.15663529109834
BE0,9,212,771.0,32.09999439306053
BE0,9,213,937.0,74.85206484446945
BE0,9,214,587.0,28.955426728331652
BE0,9,215,942.0,18.54864243886092
BE0,9,216,717.0,-299.76125193703297
BE0,9,217,838.0,0.03167503593513804
BE0,9,218,982.0,-297.8560972275765
BE0,9,219,750.0,5.057950294487246
BE0,9,220,181.0,18.555791915113396
BE0,9,221,626.0,-18.520064614990922
BE0,9,222,940.0,16.577709159735473
BE0,9,223,1323.0,33.634071231751044
BE0,9,224,596.0,18.818491681511855
BE0,9,225,655.0,-27.10508278439316
BE0,9,226,850.0,18.000224804291168
BE0,9,227,802.0,-60.25361412779039
BE0,9,228,597.0,-5.2969709785445795
BE0,9,229,592.0,-188.15156772353077
BE0,9,230,461.0,-360.31228253270007
BE0,9,231,1055.0,-8.596128694454302
BE0,9,232,712.0,-164.74473884408954
BE0,9,233,947.0,-42.59740486214774
BE0,9,234,847.0,-43.14105167324199
BE0,9,235,664.0,-82.572053721577
BE0,9,236,1111.0,-49.069512051747374
BE0,9,237,629.0,-32.70572114165478
BE0,9,238,711.0,-338.89612002900077
BE0,9,239,301.0,-47.375174843940215
BE0,9,240,590.0,-63.75508925353535
BE0,9,241,733.0,-392.3091693053309
BE0,9,242,612.0,-72.83493859440165
BE0,9,243,549.0,-65.11818085305374
BE0,9,244,400.0,-224.0602163721794
BE0,9,245,237.0,-301.6021678489727
BE5,1,1,172.0,-385.0819470754726
BE5,1,2,69.0,-114.97645331072705
BE5,1,3,222.0,4.0701585184934705
BE5,1,4,256.0,-47.84675448826329
BE5,1,5,161.0,-78.56237463577881
BE5,1,6,240.0,-54.56993157159662
BE5,1,7,212.0,-381.1960322005275
BE5,1,8,237.0,-36.779425242482695
BE5,1,9,473.0,-263.39484348139223
BE5,1,10,244.0,-32.9816802054764
BE5,1,11,324.0,-17.084746386411435
BE5,1,12,147.0,-370.63897919064425
BE5,1,13,390.0,-60.66608541775047
BE5,1,14,295.0,-50.57134400097515
BE5,1,15,217.0,-29.824847086189553
BE5,1,16,360.0,-50.48104268270773
BE5,1,17,357.0,25.052897560056042
BE5,1,18,309.0,-418.92608043891056
BE5,1,19,351.0,-4.495715047380096
BE5,1,20,411.0,18.62970346489973
BE5,1,21,111.0,-40.05596760763265
BE5,1,22,282.0,-249.19723653613562
BE5,1,23,220.0,-343.3638709655361
BE5,1,24,241.0,-12.454233093035072
BE5,1,25,214.0,-44.16790664947824
BE5,1,26,191.0,22.821255164878075
BE5,1,27,248.0,-404.96482404471493
BE5,1,28,401.0,28.26103268442998
BE5,1,29,188.0,-2.750428025497329
BE5,1,30,183.0,22.17678973987879
BE5,1,31,260.0,-308.1673674690325
BE5,1,32,340.0,41.0928135264426
BE5,1,33,122.0,-384.5718441399027
BE5,1,34,93.0,-292.9231573780482
BE5,1,35,355.0,44.58382429694798
BE5,1,36,360.0,-111.43659823826329
BE5,1,37,380.0,43.010770182789344
BE5,1,38,161.0,-399.9785237041018
BE5,1,39,229.0,-328.0927117753813
BE5,1,40,321.0,-145.4529533784502
BE5,1,41,134.0,-98.19406092483045
BE5,1,42,121.0,13.404310852645805
BE5,1,43,210.0,37.499116047451
BE5,1,44,616.0,59.465999164334114
BE5,1,45,334.0,-48.69558027419143
BE5,1,46,82.0,-342.3329397016779
BE5,1,47,178.0,-74.63041846298239
BE5,1,48,288.0,-81.06159823826329
BE5,1,49,301.0,-96.03875770670182
BE5,1,50,196.0,-332.5029247688755
BE5,1,51,125.0,-323.4145982382634
BE5,1,52,368.0,-15.692033020871982
BE5,1,53,219.0,-17.640936137806666
BE5,1,54,292.0,-52.85783111497562
BE5,1,55,121.0,-118.78577179198228
BE5,1,56,271.0,-310.09988237110457
BE5,1,57,228.0,-296.4980017470353
BE5,1,58,83.0,-28.16852594910666
BE5,1,59,290.0,105.67547072725397
BE5,1,60,269.0,-52.79068745759414
BE5,1,61,157.0,-339.74392307902764
BE5,1,62,268.0,-109.91047883527821
BE5,1,63,145.0,-292.72797754860807
BE5,1,64,237.0,131.41466758452154
BE5,1,65,204.0,154.2349703891877
BE5,1,66,130.0,-352.15582900749405
BE5,1,67,352.0,124.43840176173671
BE5,1,68,481.0,125.51506496339992
BE5,1,69,44.0,-30.504780056445103
BE5,1,70,376.0,204.28414644258777
BE5,1,71,102.0,67.24477431075633
BE5,1,72,264.0,79.71112903446398
BE5,1,73,87.0,152.63524084219657
BE5,1,74,252.0,-109.51596331762836
BE5,1,75,261.0,-68.00843731872305
BE5,1,76,438.0,54.79285381653125
BE5,1,77,246.0,-296.06464701875115
BE5,1,78,218.0,147.68496139476426
BE5,1,79,256.0,-18.495191988263286
BE5,1,80,196.0,22.9460548229612
BE5,1,81,173.0,109.86831505653443
BE5,1,82,264.0,137.2982502465852
BE5,1,83,321.0,144.8710341604906
BE5,1,84,103.0,-303.5700933838943
BE5,1,85,42.0,158.2895922379272
BE5,1,86,166.0,-206.46370667199818
BE5,1,87,192.0,15.209235095070047
BE5,1,88,248.0,-255.03337243181167
BE5,1,89,289.0,148.95007996242876
BE5,1,90,353.0,88.91396833397468
BE5,1,91,270.0,151.9800684284034
BE5,1,92,257.0,131.3990048745772
BE5,1,93,287.0,-185.80506513721795
BE5,1,94,165.0,-257.3775073291723
BE5,1,95,319.0,162.2757842068778
BE5,1,96,114.0,11.278314042438469
BE5,1,97,266.0,180.41866491963145
BE5,1,98,328.0,50.52681639588305
BE5,1,99,173.0,30.613979796418793
BE5,1,100,457.0,26.972045087776102
BE5,1,101,331.0,31.89648333273369
BE5,1,102,45.0,108.24673509507005
BE5,1,103,30.0,-82.28659823826328
BE5,1,104,160.0,15.294651761736713
BE5,1,105,413.0,182.2722395341338
BE5,1,106,196.0,-257.2733329321408
BE5,1,107,199.0,161.90134146022922
BE5,1,108,309.0,176.91210726335487
BE5,1,109,507.0,175.26211971045464
BE5,1,110,262.0,70.08439412814892
BE5,1,111,196.0,17.70115686377753
BE5,1,112,100.0,146.50340176173674
BE5,1,113,233.0,-103.75097592066672
BE5,1,114,284.0,151.49650035328602
BE5,1,115,135.0,218.43192028025527
BE5,1,116,254.0,38.234661604256395
BE5,1,117,231.0,-83.49179304345806
BE5,1,118,223.0,-199.39511841763544
BE5,1,119,141.0,171.1786499886871
BE5,1,120,340.0,181.2192841146779
BE5,1,121,331.0,68.95690629345877
BE5,1,122,274.0,177.6491681850944
BE5,1,123,291.0,164.23436396104944
BE5,1,124,346.0,202.73247690624538
BE5,1,125,248.0,-106.08175952858586
BE5,1,126,325.0,220.04878637712136
BE5,1,127,151.0,-216.60050552303144
BE5,1,128,219.0,170.32710039187373
BE5,1,129,186.0,228.4370576757152
BE5,1,130,318.0,127.29453383720843
BE5,1,131,354.0,128.21453170523955
BE5,1,132,170.0,-172.2748335323809
BE5,1,133,200.0,197.67340176173673
BE5,1,134,404.0,241.87528294985555
BE5,1,135,162.0,236.65290793457623
BE5,1,136,232.0,-120.79004651412535
BE5,1,137,45.0,100.06895731729227
BE5,1,138,207.0,209.37137277622952
BE5,1,139,81.0,-155.51375873209042
BE5,1,140,107.0,-139.61183188312307
BE5,1,141,44.0,35.81340176173671
BE5,1,142,264.0,-36.319173995839044
BE5,1,143,324.0,214.4121671938355
BE5,1,144,292.0,218.05312778913398
BE5,1,145,445.0,112.17182872802886
BE5,1,146,289.0,202.55907650222116
BE5,1,147,126.0,-185.29770934937434
BE5,1,148,366.0,205.93088810053453
BE5,1,149,65.0,203.5903248386598
BE5,1,150,43.0,-168.73310986617025
BE5,1,151,299.0,109.50403721324174
BE5,1,152,193.0,213.57765046639994
BE5,1,153,146.0,-16.19344755333178
BE5,1,154,191.0,163.35528657849068
BE5,1,155,323.0,191.68801476483267
BE5,1,156,84.0,203.28959223792722
BE5,1,157,231.0,216.67270912104408
BE5,1,158,293.0,65.6205689972316
BE5,1,159,307.0,282.6098186998475
BE5,1,160,158.0,136.45264226806586
BE5,1,161,352.0,246.51226539810034
BE5,1,162,271.0,-184.36925506483152
BE5,1,163,391.0,-55.842608468442315
BE5,1,164,355.0,263.6345285223001
BE5,1,165,332.0,205.01822103884513
BE5,1,166,232.0,89.26598796863327
BE5,1,167,222.0,216.81790626624124
BE5,1,168,354.0,104.4941927221887
BE5,1,169,202.0,241.25894631619218
BE5,1,170,205.0,273.6402310300294
BE5,1,171,357.0,210.28258943680677
BE5,1,172,223.0,99.92326723258876
BE5,1,173,152.0,106.60945439331566
BE5,1,174,202.0,256.5361740389644
BE5,1,175,199.0,249.52948216374676
BE5,1,176,265.0,240.09076025230274
BE5,1,177,87.0,95.86512589966773
BE5,1,178,206.0,235.96874156756198
BE5,1,179,59.0,112.17780854139772
BE5,1,180,309.0,291.8506185902157
BE5,1,181,201.0,93.71141171198548
BE5,1,182,188.0,144.79212516599205
BE5,1,183,153.0,-104.09182699643321
BE5,1,184,33.0,43.67703812537308
BE5,1,185,217.0,-64.88014662536006
BE5,1,186,259.0,150.64158708992204
BE5,1,187,199.0,202.32345201299302
BE5,1,188,229.0,99.64527949099437
BE5,1,189,329.0,207.2830066249586
BE5,1,190,315.0,260.2213382696732
BE5,1,191,283.0,136.64555723876853
BE5,1,192,244.0,124.62077881091706
BE5,1,193,306.0,216.81340176173669
BE5,1,194,371.0,107.7258006835696
BE5,1,195,57.0,180.5941035161227
BE5,1,196,145.0,-245.64521892791842
BE5,1,197,326.0,-77.00254915850869
BE5,1,198,345.0,96.62644523999758
BE5,1,199,195.0,219.94929919763413
BE5,1,200,267.0,246.30216580668056
BE5,1,201,137.0,263.55427767414545
BE5,1,202,66.0,-11.641143692808742
BE5,1,203,91.0,-89.5986861503512
BE5,1,204,260.0,309.0749402232752
BE5,1,205,143.0,245.9357793841144
BE5,1,206,186.0,94.5069501488335
BE5,1,207,281.0,21.793828808000058
BE5,1,208,113.0,-150.26181947720133
BE5,1,209,133.0,261.426183716624
BE5,1,210,394.0,-137.3084256494308
BE5,1,211,197.0,294.4707621678281
BE5,1,212,246.0,222.76462127393185
BE5,1,213,290.0,136.9927121065643
BE5,1,214,247.0,260.4996365795505
BE5,1,215,166.0,283.28328127980905
BE5,1,216,348.0,158.48581555484017
BE5,1,217,275.0,208.3134017617367
BE5,1,218,340.0,-51.14248059120446
BE5,1,219,151.0,309.1544613643857
BE5,1,220,270.0,-146.98659823826327
BE5,1,221,238.0,22.86382192980394
BE5,1,222,293.0,248.34753145456952
BE5,1,223,282.0,90.68219608797786
BE5,1,224,378.0,-114.32680987847492
BE5,1,225,220.0,-97.04114369280873
BE5,1,226,235.0,-173.29510887656113
BE5,1,227,317.0,106.71403267656322
BE5,1,228,295.0,253.0896729481774
BE5,1,229,214.0,265.6965793318302
BE5,1,230,464.0,230.70779831346084
BE5,1,231,214.0,142.94424288323208
BE5,1,232,193.0,-147.7228676683151
BE5,1,233,426.0,233.16551443779306
BE5,1,234,327.0,-94.30127713734586
BE5,1,235,283.0,274.05898480060597
BE5,1,236,234.0,-178.87890593057097
BE5,1,237,306.0,250.85915339572364
BE5,1,238,227.0,271.7715515414724
BE5,1,239,326.0,211.6140152586692
BE5,1,240,99.0,-151.05023460189963
BE5,1,241,237.0,-105.74566996822108
BE5,1,242,128.0,13.610276761736714
BE5,1,243,399.0,133.1705446188796
BE5,1,244,155.0,114.94565982625286
BE5,1,245,167.0,-188.171628178383
BE5,1,246,297.0,3.9497653981003498
BE5,1,247,219.0,107.84764833707919
BE5,1,248,388.0,61.586597638025374
BE5,1,249,403.0,230.98833972699728
BE5,1,250,138.0,233.3134017617367
BE5,1,251,112.0,253.3759017617367
BE5,1,252,316.0,229.8956802427494
BE5,1,253,214.0,217.14985035986757
BE5,1,254,263.0,-86.23792903674237
BE5,1,255,119.0,259.11172108946784
BE5,1,256,204.0,115.59771548722692
BE5,1,257,57.0,-158.0199315715966
BE5,1,258,144.0,-66.74215379381884
BE5,1,259,198.0,-145.81286086452587
BE5,1,260,229.0,103.48370743859263
BE5,1,261,241.0,116.89431462480725
BE5,1,262,37.0,-9.767679319344367
BE5,1,263,156.0,160.90955560789058
BE5,1,264,314.0,163.45989857702335
BE5,1,265,233.0,-144.2917484528556
BE5,1,266,74.0,113.05664500497998
BE5,1,267,296.0,236.73232068065565
BE5,1,268,166.0,149.1808716412548
BE5,1,269,231.0,216.85019829853326
BE5,1,270,186.0,186.34028348216683
BE5,1,271,170.0,258.12516646761907
BE5,1,272,222.0,225.35844680678179
BE5,1,273,119.0,107.8344101650981
BE5,1,274,285.0,218.68533158629813
BE5,1,275,304.0,101.29037544594723
BE5,1,276,255.0,212.87418607546223
BE5,1,277,240.0,268.5550684284034
BE5,1,278,283.0,217.4547445179205
BE5,1,279,65.0,126.55955560789057
BE5,1,280,200.0,226.5684017617367
BE5,1,281,227.0,241.89930484543714
BE5,1,282,40.0,264.8884017617367
BE5,1,283,107.0,271.64050456547506
BE5,1,284,343.0,94.50290613491455
BE5,1,285,411.0,123.73919251599463
BE5,1,286,357.0,57.248975991428594
BE5,1,287,199.0,228.36867814364626
BE5,1,288,341.0,82.0201466297719
BE5,1,289,73.0,43.58737436447644
BE5,1,290,273.0,229.22548967382465
BE5,1,291,104.0,254.64994022327517
BE5,1,292,104.0,236.2076325309675
BE5,1,293,191.0,226.4338206099043
BE5,1,294,38.0,69.31340176173671
BE5,1,295,196.0,235.2521772719408
BE5,1,296,318.0,169.78824452903234
BE5,1,297,216.0,134.35506842840337
BE5,1,298,287.0,111.2367467094719
BE5,1,299,87.0,65.7846661295528
BE5,1,300,61.0,267.903565696163
BE5,1,301,173.0,210.4983728600026
BE5,1,302,236.0,224.31340176173674
BE5,1,303,392.0,181.96391196581837
BE5,1,304,242.0,64.87125300140613
BE5,1,305,279.0,109.11985337463993
BE5,1,306,173.0,109.31340176173671
BE5,1,307,289.0,99.30302113889934
BE5,1,308,81.0,254.9800684284034
BE5,1,309,274.0,147.521430958817
BE5,1,310,107.0,181.12648587388628
BE5,1,311,88.0,250.75658357991853
BE5,1,312,322.0,-123.31082184074775
BE5,1,313,71.0,131.41199331103257
BE5,1,314,104.0,167.67878637712133
BE5,1,315,140.0,136.3562589045939
BE5,1,316,110.0,72.94976539810035
BE5,1,317,414.0,-35.01268519478503
BE5,1,318,239.0,147.12930134332672
BE5,1,319,196.0,172.45625890459388
BE5,1,320,179.0,136.4139604209546
BE5,1,321,52.0,151.3326325309675
BE5,1,322,455.0,136.4936215419565
BE5,1,323,269.0,199.376598787759
BE5,1,324,170.0,-136.32189235591034
BE5,1,325,213.0,-124.25467335563415
BE5,1,326,487.0,166.8062149034205
BE5,1,327,179.0,177.49775930363617
BE5,1,328,286.0,76.78542973376467
BE5,1,329,385.0,104.05106409939906
BE5,1,330,245.0,108.3174833943898
BE5,1,331,444.0,176.16024860858357
BE5,1,332,237.0,-51.64862355471898
BE5,1,333,62.0,191.6682404714142
BE5,1,334,334.0,9.178671222814557
BE5,1,335,216.0,197.66062398395894
BE5,1,336,139.0,84.69469672576548
BE5,1,337,251.0,116.38511490914706
BE5,1,338,87.0,124.66972360081725
BE5,1,339,314.0,95.14779666619532
BE5,1,340,89.0,65.4931770426356
BE5,1,341,110.0,100.95885630719131
BE5,1,342,170.0,83.57810764408966
BE5,1,343,347.0,107.82348821706815
BE5,1,344,240.0,88.37173509507005
BE5,1,345,200.0,-55.046598238263286
BE5,1,346,114.0,51.120419305596364
BE5,1,347,356.0,98.65890737971425
BE5,1,348,349.0,3.768989154286857
BE5,1,349,115.0,-69.91268519478503
BE5,1,350,204.0,92.95555862448182
BE5,1,351,251.0,-58.20054246137086
BE5,1,352,177.0,64.79362775043728
BE5,1,353,70.0,67.95625890459385
BE5,1,354,105.0,88.55149699983195
BE5,1,355,170.0,14.125166467619067
BE5,1,356,223.0,128.55555422810446
BE5,1,357,141.0,-68.92064079145477
BE5,1,358,127.0,-59.11179508865699
BE5,1,359,216.0,34.507846206181156
BE5,1,360,142.0,-28.362654576291455
BE5,1,361,74.0,-70.22713877880383
BE5,1,362,271.0,-33.6496978692596
BE5,1,363,337.0,-30.13170209583005
BE5,1,364,229.0,54.75008298444414
BE5,1,365,185.0,101.92961797795293
BE5,1,366,174.0,110.41685003759879
BE5,1,367,144.0,-51.06854268270773
BE5,1,368,185.0,28.83232068065563
BE5,1,369,119.0,115.27978831635862
BE5,1,370,237.0,-64.43765309058394
BE5,1,371,331.0,-12.774211531314647
BE5,1,372,172.0,-31.00636568012375
BE5,1,373,267.0,-89.36075554163408
BE5,1,374,390.0,5.739042787377739
BE5,1,375,245.0,1.3460548229612033
BE5,1,376,149.0,-41.847672063766645
BE5,1,377,175.0,-32.01231252397757
BE5,1,378,403.0,81.4647665260047
BE5,1,379,241.0,98.73248889866618
BE5,1,380,192.0,109.10506842840338
BE5,1,381,165.0,-29.37144672311177
BE5,1,382,188.0,-45.21851313188031
BE5,1,383,332.0,14.828462002700569
BE5,1,384,33.0,-84.86841642008147
BE5,1,385,63.0,69.28165572999067
BE5,1,386,288.0,-82.07548712715217
BE5,1,387,289.0,-80.08452211369581
BE5,1,388,299.0,24.708050591168153
BE5,1,389,225.0,37.33562398395894
BE5,1,390,250.0,-42.830598238263285
BE5,1,391,119.0,-102.24962344834726
BE5,1,392,253.0,-62.42968124221585
BE5,1,393,284.0,-108.82744330868582
BE5,1,394,341.0,21.35152492889214
BE5,1,395,295.0,60.93713057529603
BE5,1,396,154.0,-69.83594888761394
BE5,1,397,61.0,56.51012307321212
BE5,1,398,282.0,40.859501052516855
BE5,1,399,164.0,-76.52806165289743
BE5,1,400,255.0,9.089872349972008
BE5,1,401,335.0,-70.3194340591588
BE5,1,402,127.0,-117.39525965558607
BE5,1,403,47.0,-4.878087599965414
BE5,1,404,250.0,-234.16259823826329
BE5,1,405,315.0,-58.88024903191408
BE5,1,406,121.0,32.21422820801771
BE5,1,407,163.0,-59.10991112169887
BE5,1,408,281.0,-148.0140003734946
BE5,1,409,249.0,-105.93961028645606
BE5,1,410,197.0,24.755026127218947
BE5,1,411,354.0,-8.65269993317854
BE5,1,412,104.0,-78.28275208441713
BE5,1,413,185.0,-127.29740904907409
BE5,1,414,100.0,-145.92659823826324
BE5,1,415,138.0,-57.063409832466185
BE5,1,416,528.0,-132.81349217765722
BE5,1,417,232.0,-28.074529272746044
BE5,1,418,240.0,-24.949098238263286
BE5,1,419,116.0,-86.34177065205635
BE5,1,420,195.0,-103.10198285364788
BE5,1,421,99.0,-197.66639621806124
BE5,1,422,275.0,-5.6029618746269225
BE5,1,423,176.0,-129.2206891473542
BE5,1,424,143.0,-127.17610872777374
BE5,1,425,128.0,14.055589261736714
BE5,1,426,343.0,-71.5554029029863
BE5,1,427,467.0,-57.733707445972065
BE5,1,428,87.0,-27.12337984745869
BE5,1,429,139.0,-176.089475936105
BE5,1,430,134.0,-126.08958331289011
BE5,1,431,308.0,-21.31971512138017
BE5,1,432,203.0,4.623746589322921
BE5,1,433,221.0,-42.45582900749405
BE5,1,434,61.0,-101.0472539759682
BE5,1,435,247.0,-139.37485734757502
BE5,1,436,382.0,-39.83843069899627
BE5,1,437,191.0,-86.39340452098577
BE5,1,438,216.0,-113.62178342344848
BE5,1,439,347.0,-189.45605068783104
BE5,1,440,369.0,-207.55922696455053
BE5,1,441,220.0,-60.45023460189965
BE5,1,442,247.0,-287.73922981721074
BE5,1,443,240.0,-211.84076490492996
BE5,1,444,113.0,-33.19102301702435
BE5,1,445,257.0,-80.5932130242555
BE5,1,446,111.0,-173.11002166168666
BE5,1,447,246.0,-160.79635433582425
BE5,1,448,139.0,-175.6218500368244
BE5,1,449,102.0,-303.38267666963577
BE5,1,450,277.0,-180.3219772996351
BE5,1,451,91.0,-210.70857626024127
BE5,1,452,86.0,-61.33776102896096
BE5,1,453,207.0,-108.43055959092025
BE5,1,454,200.0,-227.35159823826328
BE5,1,455,120.0,-171.9865982382633
BE5,1,456,144.0,-50.94354268270773
BE5,1,457,251.0,-194.41169783985688
BE5,1,458,149.0,-104.55908145973977
BE5,1,459,152.0,-202.51554560668433
BE5,1,460,69.0,-213.25181562956757
BE5,10,1,129.0,-550.368445928561
BE5,10,2,90.0,-338.04493171667457
BE5,10,3,71.0,-213.3194231094759
BE5,10,4,158.0,39.19965337474597
BE5,10,5,117.0,27.55164947990663
BE5,10,6,198.0,-1.321699393442243
BE5,10,7,315.0,-141.57509044683331
BE5,10,8,128.0,-47.49041782778568
BE5,10,9,239.0,-44.919222744103664
BE5,10,10,281.0,41.93790735015026
BE5,10,11,146.0,-32.91357707436102
BE5,10,12,215.0,-45.156042827785676
BE5,10,13,146.0,-155.454672964772
BE5,10,14,169.0,-8.732374188732424
BE5,10,15,134.0,-58.40529655912896
BE5,10,16,171.0,29.32582851724356
BE5,10,17,329.0,13.702923737563866
BE5,10,18,190.0,-52.18235861725936
BE5,10,19,199.0,31.846972247591207
BE5,10,20,251.0,28.726028885361732
BE5,10,21,88.0,75.03941171766887
BE5,10,22,76.0,25.770272961688008
BE5,10,23,228.0,46.901851909056425
BE5,10,24,275.0,106.08759353585067
BE5,10,25,196.0,103.23375309058167
BE5,10,26,170.0,88.80278070162608
BE5,10,27,199.0,-120.3841835313033
BE5,10,28,49.0,-166.89889997064282
BE5,10,29,216.0,127.17451272776988
BE5,10,30,253.0,133.65107179672023
BE5,10,31,260.0,159.0016494799066
BE5,10,32,446.0,161.66772398835778
BE5,10,33,253.0,135.3230085556135
BE5,10,34,69.0,-150.33575297271327
BE5,10,35,109.0,202.2806544199207
BE5,10,36,89.0,-139.587503501943
BE5,10,37,49.0,-337.307063235949
BE5,10,38,184.0,5.950478911344757
BE5,10,39,85.0,120.91454540750838
BE5,10,40,136.0,-185.38104282778568
BE5,10,41,227.0,-257.64591066919536
BE5,10,42,168.0,-121.97628092302378
BE5,10,43,180.0,31.64395717221432
BE5,10,44,141.0,48.818425257320705
BE5,10,45,140.0,137.85824288650002
BE5,10,46,278.0,55.17920897077548
BE5,10,47,209.0,192.0525696124057
BE5,10,48,143.0,95.37682430508146
BE5,10,49,104.0,91.99395717221432
BE5,10,50,272.0,213.8983689369202
BE5,10,51,173.0,122.63124040920852
BE5,10,52,148.0,169.5750382532954
BE5,10,53,236.0,195.21853344340076
BE5,10,54,185.0,143.6331463614035
BE5,10,55,175.0,149.2325286007857
BE5,10,56,157.0,185.89363870087672
BE5,10,57,344.0,209.30209670709806
BE5,10,58,343.0,220.558825976879
BE5,10,59,149.0,230.55268200442904
BE5,10,60,220.0,283.43941171766886
BE5,10,61,198.0,188.76920969746683
BE5,10,62,139.0,-125.7992082954116
BE5,10,63,162.0,178.0649448265353
BE5,10,64,135.0,223.20692013517723
BE5,10,65,169.0,211.33271456866402
BE5,10,66,411.0,210.35101313328488
BE5,10,67,269.0,134.48559285994665
BE5,10,68,80.0,82.00645717221433
BE5,10,69,156.0,186.8465212747784
BE5,10,70,282.0,252.87870894526392
BE5,10,71,158.0,216.13636223550543
BE5,10,72,96.0,81.74395717221432
BE5,10,73,263.0,-73.74843826504804
BE5,10,74,194.0,236.9398334608741
BE5,10,75,109.0,159.00542506212253
BE5,10,76,283.0,179.8022610591401
BE5,10,77,317.0,240.6950612731607
BE5,10,78,485.0,273.6996272753071
BE5,10,79,220.0,233.40304808130523
BE5,10,80,199.0,144.0580275239731
BE5,10,81,213.0,174.76038909709692
BE5,10,82,195.0,162.136264864522
BE5,10,83,151.0,104.40289756956533
BE5,10,84,354.0,144.50384417786404
BE5,10,85,186.0,-233.52486003208676
BE5,10,86,186.0,264.9428819033971
BE5,10,87,315.0,273.56459209284924
BE5,10,88,171.0,165.33752442367629
BE5,10,89,144.0,-267.1310428277857
BE5,10,90,121.0,45.63238692428044
BE5,10,91,322.0,272.01414350761803
BE5,10,92,252.0,148.39078256903971
BE5,10,93,270.0,174.79580902406616
BE5,10,94,391.0,239.68385487042406
BE5,10,95,344.0,223.87477112570272
BE5,10,96,253.0,-179.91019302541415
BE5,10,97,73.0,-46.15330310175828
BE5,10,98,253.0,75.61945124336056
BE5,10,99,312.0,180.28562383888098
BE5,10,100,110.0,92.80759353585064
BE5,10,101,246.0,233.4228189608322
BE5,10,102,208.0,-23.837773597016447
BE5,10,103,246.0,280.75615229416553
BE5,10,104,390.0,269.95421358247074
BE5,10,105,146.0,248.20286128180337
BE5,10,106,254.0,243.75183118796232
BE5,10,107,137.0,-115.8436340686616
BE5,10,108,206.0,216.72453969648615
BE5,10,109,253.0,48.287435433083886
BE5,10,110,82.0,275.47566448928745
BE5,10,111,331.0,314.1593650271992
BE5,10,112,278.0,334.9741729995524
BE5,10,113,148.0,-48.95874553048838
BE5,10,114,240.0,-74.93937616111901
BE5,10,115,296.0,-28.695232016974867
BE5,10,116,348.0,321.98533648255915
BE5,10,117,294.0,281.42763064160204
BE5,10,118,283.0,258.2722257234511
BE5,10,119,233.0,226.21391425375938
BE5,10,120,87.0,-41.675583057670735
BE5,10,121,312.0,317.1029315311887
BE5,10,122,429.0,215.68917861743574
BE5,10,123,255.0,171.17336893692018
BE5,10,124,88.0,210.3916844449416
BE5,10,125,224.0,226.7216357436429
BE5,10,126,171.0,289.24980512543067
BE5,10,127,154.0,-45.30799087973373
BE5,10,128,252.0,306.2717349499921
BE5,10,129,188.0,115.9035316402994
BE5,10,130,147.0,71.09429730826875
BE5,10,131,233.0,-5.653038535940183
BE5,10,132,160.0,256.53145717221435
BE5,10,133,188.0,273.8184252573207
BE5,10,134,478.0,179.64563081238165
BE5,10,135,358.0,266.6685381778009
BE5,10,136,108.0,-22.46900579074864
BE5,10,137,173.0,271.03008433984434
BE5,10,138,229.0,128.0736514953584
BE5,10,139,263.0,295.0842613547238
BE5,10,140,78.0,-166.34578641752933
BE5,10,141,193.0,250.79836131729203
BE5,10,142,202.0,192.66474925142222
BE5,10,143,226.0,-2.7206445976971816
BE5,10,144,255.0,218.98513364280254
BE5,10,145,169.0,150.30904592961076
BE5,10,146,267.0,148.36380735948023
BE5,10,147,303.0,307.77861063756086
BE5,10,148,254.0,247.85025638481272
BE5,10,149,217.0,-83.94959121488246
BE5,10,150,262.0,320.06075106534405
BE5,10,151,165.0,286.60153292979004
BE5,10,152,200.0,24.753957172214324
BE5,10,153,314.0,235.29172787285123
BE5,10,154,350.0,358.1696714579286
BE5,10,155,286.0,273.3698312980884
BE5,10,156,348.0,225.45372728715685
BE5,10,157,360.0,277.83562383888096
BE5,10,158,201.0,40.38326065480139
BE5,10,159,169.0,216.67590983493622
BE5,10,160,323.0,330.44829153753943
BE5,10,161,186.0,259.67944104318207
BE5,10,162,92.0,110.58091369395342
BE5,10,163,230.0,268.9222180417795
BE5,10,164,331.0,194.69410822961612
BE5,10,165,354.0,345.4332227089375
BE5,10,166,222.0,294.6403535686107
BE5,10,167,111.0,285.29801122626833
BE5,10,168,179.0,242.02049348506347
BE5,10,169,209.0,329.83247391862585
BE5,10,170,161.0,225.23153481196587
BE5,10,171,227.0,155.82545496957113
BE5,10,172,82.0,226.45127424538504
BE5,10,173,352.0,230.94566171766886
BE5,10,174,258.0,196.0656625985709
BE5,10,175,188.0,164.86097844881004
BE5,10,176,220.0,128.3848662631234
BE5,10,177,48.0,33.32729050554766
BE5,10,178,323.0,301.72073735797284
BE5,10,179,297.0,123.75237468063183
BE5,10,180,414.0,289.19323253453314
BE5,10,181,276.0,244.7403339838085
BE5,10,182,345.0,245.9193194910549
BE5,10,183,148.0,150.4331463614035
BE5,10,184,275.0,146.3239571722143
BE5,10,185,186.0,-168.2345374514416
BE5,10,186,202.0,254.68950172666976
BE5,10,187,258.0,112.98814321872594
BE5,10,188,180.0,-59.9782650500079
BE5,10,189,225.0,161.95506828332543
BE5,10,190,106.0,-260.0579296202385
BE5,10,191,300.0,-104.94937616111902
BE5,10,192,32.0,140.99395717221432
BE5,10,193,39.0,-127.73040180214466
BE5,10,194,291.0,124.9209331172315
BE5,10,195,118.0,-16.22214452270093
BE5,10,196,145.0,-175.92845662088914
BE5,10,197,77.0,-40.5742246459675
BE5,10,198,237.0,225.72496983044215
BE5,10,199,70.0,27.886814315071465
BE5,10,200,262.0,140.6294533554204
BE5,10,201,91.0,-14.129669201412051
BE5,10,202,138.0,-66.74879645097408
BE5,10,203,270.0,107.1143275425847
BE5,10,204,232.0,69.57154337911088
BE5,10,205,243.0,225.78305182242008
BE5,10,206,200.0,91.22395717221433
BE5,10,207,188.0,-37.08051091289206
BE5,10,208,344.0,253.01430600942365
BE5,10,209,334.0,126.7170110644299
BE5,10,210,144.0,197.53562383888098
BE5,10,211,83.0,60.4126318710095
BE5,10,212,317.0,254.46477736148876
BE5,10,213,119.0,220.739755491542
BE5,10,214,168.0,138.9403857436429
BE5,10,215,272.0,245.7402807016261
BE5,10,216,322.0,144.90544785544412
BE5,10,217,247.0,154.49901790095925
BE5,10,218,144.0,177.81340161665878
BE5,10,219,451.0,196.0665735801966
BE5,10,220,209.0,177.14826339231
BE5,10,221,324.0,199.32420408579455
BE5,10,222,230.0,152.474391954823
BE5,10,223,250.0,-13.524042827785678
BE5,10,224,133.0,124.98831807446996
BE5,10,225,129.0,-26.686275385925214
BE5,10,226,171.0,147.1094542482377
BE5,10,227,127.0,101.91324851079695
BE5,10,228,178.0,39.38440661041657
BE5,10,229,213.0,182.64301820507816
BE5,10,230,204.0,35.3076826624104
BE5,10,231,241.0,125.1609696203471
BE5,10,232,280.0,153.3153857436429
BE5,10,233,84.0,0.48205241030956086
BE5,10,234,125.0,-5.180042827785678
BE5,10,235,191.0,75.24395717221432
BE5,10,236,352.0,189.4513435358507
BE5,10,237,252.0,73.01776669602384
BE5,10,238,134.0,-24.88290849942747
BE5,10,239,195.0,122.91575204400918
BE5,10,240,151.0,-0.45140706619627324
BE5,10,241,162.0,89.01556211048592
BE5,10,242,284.0,69.26156280601714
BE5,10,243,206.0,30.87502513337937
BE5,10,244,138.0,93.81642094033026
BE5,10,245,256.0,119.83770717221432
BE5,10,246,269.0,121.57481219080168
BE5,10,247,118.0,-37.06960214981957
BE5,10,248,273.0,108.59560552386267
BE5,10,249,200.0,-12.746042827785677
BE5,10,250,363.0,-265.29598773136695
BE5,10,251,143.0,-311.4133854851284
BE5,10,252,347.0,-178.672469340754
BE5,10,253,162.0,-109.53999344506964
BE5,10,254,182.0,-243.40439447613736
BE5,10,255,175.0,-12.167471399214248
BE5,10,256,180.0,36.83284606110321
BE5,10,257,210.0,-231.13699520873806
BE5,10,258,94.0,-284.68157474267935
BE5,10,259,138.0,-73.53140514662626
BE5,10,260,329.0,-54.11166592808963
BE5,10,261,55.0,-23.91967919142204
BE5,10,262,306.0,47.32565651861955
BE5,10,263,199.0,26.7967209913098
BE5,10,264,257.0,21.23228402046335
BE5,10,265,294.0,58.09429730826875
BE5,10,266,173.0,-144.77916421506893
BE5,10,267,320.0,-165.7122928277857
BE5,10,268,254.0,-109.17336566243134
BE5,10,269,209.0,44.224818416233454
BE5,10,270,145.0,-6.8181117933029185
BE5,10,271,201.0,-6.716241832760802
BE5,10,272,215.0,-29.602554455692655
BE5,10,273,72.0,-58.11715393889679
BE5,10,274,232.0,-86.77328420709603
BE5,10,275,97.0,76.01715304850298
BE5,10,276,300.0,-108.0960428277857
BE5,10,277,129.0,9.98814321872595
BE5,10,278,73.0,11.134368131118432
BE5,10,279,57.0,36.3843080494073
BE5,10,280,257.0,16.197264565210432
BE5,10,281,68.0,-93.49133694543274
BE5,10,282,94.0,46.74395717221432
BE5,10,283,121.0,-90.5742246459675
BE5,10,284,181.0,-39.57924724767518
BE5,10,285,221.0,-96.66102020335131
BE5,10,286,220.0,-85.39695191869477
BE5,10,287,147.0,-129.18461425635712
BE5,10,288,55.0,-56.68331555505841
BE5,10,289,221.0,-71.74699305403004
BE5,10,290,49.0,-147.28665507268363
BE5,10,291,149.0,-86.55470054590648
BE5,10,292,208.0,-22.530081289324137
BE5,10,293,294.0,-38.94651901826187
BE5,10,294,177.0,-82.84078859049755
BE5,10,295,201.0,-223.0794259123628
BE5,10,296,66.0,-81.16513373687658
BE5,10,297,198.0,-88.69038626212914
BE5,10,298,93.0,-112.37969874176422
BE5,10,299,140.0,20.12967145792861
BE5,10,300,223.0,-357.90402489056595
BE5,10,301,157.0,-152.20827212714877
BE5,10,302,157.0,-124.87706193606596
BE5,10,303,128.0,-152.92010532778568
BE5,10,304,103.0,-159.7366253520576
BE5,10,305,56.0,-231.4703285420714
BE5,10,306,44.0,-92.07422464596749
BE5,11,1,328.0,-73.76304613648288
BE5,11,2,215.0,-42.14326451424806
BE5,11,3,311.0,54.81278124960448
BE5,11,4,199.0,19.12362808829956
BE5,11,5,514.0,102.89450582327795
BE5,11,6,502.0,124.75613324355793
BE5,11,7,248.0,138.43040390285623
BE5,11,8,413.0,169.30859651396298
BE5,11,9,516.0,59.25673548575194
BE5,11,10,388.0,0.2440886384731092
BE5,11,11,266.0,17.612916636302735
BE5,11,12,80.0,-10.950241258434108
BE5,11,13,500.0,70.7557587415659
BE5,11,14,442.0,165.42668181848896
BE5,11,15,373.0,157.143324425212
BE5,11,16,410.0,304.1302465464439
BE5,11,17,456.0,142.55370610998693
BE5,11,18,385.0,133.01209640390354
BE5,11,19,255.0,92.77720972195804
BE5,11,20,245.0,-350.78901676863825
BE5,11,21,231.0,302.44932584113286
BE5,11,22,318.0,135.18623672898727
BE5,11,23,138.0,173.43671526330502
BE5,11,24,393.0,-294.73675525334505
BE5,11,25,399.0,347.06905698717986
BE5,11,26,88.0,-305.2184230766159
BE5,11,27,223.0,-113.82064484587805
BE5,11,28,266.0,314.3647963355508
BE5,11,29,382.0,364.4911199981103
BE5,11,30,523.0,-82.6540653502123
BE5,11,31,219.0,169.75615143562985
BE5,11,32,410.0,228.47902703424882
BE5,11,33,322.0,-44.836576662160816
BE5,11,34,299.0,297.2260129221679
BE5,11,35,483.0,313.81145646413313
BE5,11,36,533.0,6.749383507044317
BE5,11,37,197.0,358.9944287923272
BE5,11,38,405.0,410.9374130625535
BE5,11,39,247.0,407.59267372132285
BE5,11,40,122.0,362.7759882497626
BE5,11,41,380.0,82.84712716261852
BE5,11,42,245.0,69.45179955789243
BE5,11,43,210.0,69.84499683680399
BE5,11,44,534.0,17.319796194749415
BE5,11,45,381.0,-13.025569342423609
BE5,11,46,767.0,15.521857828919217
BE5,11,47,508.0,-196.9671703922924
BE5,12,1,36.0,-430.75318596491263
BE5,12,2,70.0,4.648401336674683
BE5,12,3,129.0,-133.41339268325888
BE5,12,4,325.0,-87.68258767431433
BE5,12,5,260.0,-81.12797228969895
BE5,12,6,265.0,-22.525722652543646
BE5,12,7,38.0,-29.28242573099449
BE5,12,8,125.0,-42.75274152046818
BE5,12,9,180.0,-88.29207485380151
BE5,12,10,118.0,-380.72399575775614
BE5,12,11,66.0,-81.03601424774091
BE5,12,12,293.0,16.508664622876534
BE5,12,13,155.0,-393.02164474627466
BE5,12,14,278.0,-331.41665518953295
BE5,12,15,181.0,-347.2617801945013
BE5,12,16,211.0,70.64623478284936
BE5,12,17,104.0,20.922027710301055
BE5,12,18,154.0,24.970479258752604
BE5,12,19,116.0,-63.23115531357162
BE5,12,20,69.0,62.43763529112603
BE5,12,21,275.0,26.183985752259098
BE5,12,22,245.0,-87.30670070414165
BE5,12,23,145.0,-101.29150014115783
BE5,12,24,69.0,83.17676572590864
BE5,12,25,239.0,-25.808741520468175
BE5,12,26,149.0,59.781862506377465
BE5,12,27,141.0,45.680620181659485
BE5,12,28,70.0,41.262687050960395
BE5,12,29,141.0,102.26927266392899
BE5,12,30,261.0,104.45562629562377
BE5,12,31,155.0,-61.63454797208108
BE5,12,32,173.0,-31.508163485786095
BE5,12,33,249.0,31.528607877122187
BE5,12,34,161.0,47.545295746612574
BE5,12,35,180.0,-2.9587415204681746
BE5,12,36,170.0,72.38537612659064
BE5,12,37,157.0,-27.92976062874843
BE5,12,38,299.0,97.47888389759203
BE5,12,39,82.0,41.20345360148305
BE5,12,40,42.0,77.3579251461985
BE5,12,41,341.0,140.19125847953183
BE5,12,42,217.0,155.64747967768852
BE5,12,43,183.0,122.62295246860286
BE5,12,44,132.0,78.61550090377425
BE5,12,45,117.0,83.83228412055746
BE5,12,46,127.0,21.11251832205151
BE5,12,47,27.0,82.30236959064294
BE5,12,48,106.0,139.4837113097205
BE5,12,49,125.0,-204.28074152046818
BE5,12,50,110.0,-111.21783242955908
BE5,12,51,227.0,147.59213953680054
BE5,12,52,190.0,123.02283742690025
BE5,12,53,204.0,-81.16168269693877
BE5,12,54,140.0,150.38411562238898
BE5,12,55,309.0,93.54724553454801
BE5,12,56,32.0,-326.7149915204682
BE5,12,57,124.0,167.29609718920923
BE5,12,58,231.0,131.85792514619848
BE5,12,59,252.0,124.63570292397627
BE5,12,60,153.0,-201.7107023047819
BE5,12,61,349.0,190.6411152130562
BE5,12,62,102.0,-202.13227093223287
BE5,12,63,220.0,214.62307666135
BE5,12,64,196.0,-255.91588437761104
BE5,12,65,68.0,107.95596436188477
BE5,12,66,190.0,142.17020584795287
BE5,12,67,190.0,-8.156109941520807
BE5,12,68,161.0,99.37138270313432
BE5,12,69,113.0,30.713382373337136
BE5,12,70,77.0,91.30814159641494
BE5,12,71,211.0,117.54196938000575
BE5,12,72,221.0,101.72519513111554
BE5,12,73,201.0,150.31066146460645
BE5,12,74,118.0,103.5810889880064
BE5,12,75,201.0,20.23603459893481
BE5,12,76,297.0,162.9421002303736
BE5,12,77,185.0,-184.0357685474952
BE5,12,78,204.0,130.92165063639456
BE5,12,79,215.0,157.45637475860158
BE5,12,80,214.0,138.9482678253262
BE5,12,81,121.0,-77.83353490889793
BE5,12,82,122.0,-140.02185627456655
BE5,12,83,217.0,155.75347046109866
BE5,12,84,242.0,115.97638244647398
BE5,12,85,102.0,-36.56364348125249
BE5,12,86,195.0,147.61689950517285
BE5,12,87,78.0,-122.34720305892971
BE5,12,88,81.0,-95.90750695256693
BE5,12,89,195.0,-34.16258767431433
BE5,12,90,163.0,68.958129645176
BE5,12,91,215.0,194.6238166190667
BE5,12,92,147.0,-91.81554424155661
BE5,12,93,161.0,-80.80874152046817
BE5,12,94,341.0,161.20885378744973
BE5,12,95,253.0,132.77228614751604
BE5,12,96,172.0,-65.93083454372399
BE5,12,97,108.0,187.32088810916144
BE5,12,98,116.0,213.2602239967732
BE5,12,99,294.0,260.3715305883753
BE5,12,100,208.0,223.54702771030105
BE5,12,101,67.0,134.68379579296467
BE5,12,102,159.0,231.58748489462613
BE5,12,103,193.0,224.64721702875465
BE5,12,104,234.0,171.6698909581643
BE5,12,105,133.0,210.319078028404
BE5,12,106,135.0,275.4282955165688
BE5,12,107,187.0,31.57628521749974
BE5,12,108,137.0,76.43213439194058
BE5,12,109,175.0,281.9055441938175
BE5,12,110,117.0,-93.02241673414339
BE5,12,111,111.0,2.4164837047570504
BE5,12,112,141.0,122.43239323130487
BE5,12,113,121.0,176.6458039340773
BE5,12,114,281.0,266.59339371084855
BE5,12,115,125.0,134.44725847953183
BE5,12,116,251.0,318.27492381817723
BE5,12,117,267.0,269.2099850712921
BE5,12,118,89.0,243.06766297391385
BE5,12,119,185.0,54.70477199304534
BE5,12,120,225.0,164.51570292397628
BE5,12,121,206.0,102.88543323681338
BE5,12,122,179.0,-35.697009676892755
BE5,12,123,232.0,-50.58460358943369
BE5,12,124,264.0,176.60034938862273
BE5,12,125,211.0,79.51353336104842
BE5,12,126,94.0,92.0529606071914
BE5,12,127,209.0,253.14819627857491
BE5,12,128,87.0,190.80045388183066
BE5,12,129,146.0,217.40358724665512
BE5,12,130,100.0,20.901258479531826
BE5,12,131,70.0,-70.59445580618247
BE5,12,132,112.0,-165.38017009189676
BE5,12,133,239.0,42.86908274731425
BE5,12,134,269.0,251.1131915650337
BE5,12,135,59.0,-43.096877113688514
BE5,12,136,144.0,-59.371241520468175
BE5,12,137,224.0,-150.30874152046817
BE5,12,138,33.0,63.0700463583197
BE5,12,139,81.0,144.82088810916144
BE5,12,140,89.0,167.61822477166666
BE5,12,141,231.0,262.295154583428
BE5,12,142,220.0,235.8821675704409
BE5,12,143,203.0,170.373524489384
BE5,12,144,438.0,287.6136329087556
BE5,12,145,45.0,292.74681403508737
BE5,12,146,183.0,297.573772140734
BE5,12,147,185.0,221.4561233443967
BE5,12,148,245.0,284.08105439789927
BE5,12,149,127.0,202.93928997559482
BE5,12,150,123.0,-30.101424447297443
BE5,12,151,94.0,147.01040741570205
BE5,12,152,287.0,268.5675650997409
BE5,12,153,107.0,-127.22930226813173
BE5,12,154,86.0,54.993584060927176
BE5,12,155,174.0,-2.3317300262153013
BE5,12,156,179.0,-121.5349985037084
BE5,12,157,247.0,214.98073216374235
BE5,12,158,165.0,225.88822817650154
BE5,12,159,131.0,205.45080046426466
BE5,12,160,147.0,215.71506800334134
BE5,12,161,137.0,173.8116964357362
BE5,12,162,191.0,316.8404731392177
BE5,12,163,317.0,224.2101859243268
BE5,12,164,346.0,290.6507960517862
BE5,12,165,201.0,167.1614077332632
BE5,12,166,296.0,125.25206929034263
BE5,12,167,191.0,-82.6726158660179
BE5,12,168,111.0,300.38945667773
BE5,12,169,173.0,221.8502180171041
BE5,12,170,198.0,85.11550090377425
BE5,12,171,396.0,205.6382281765015
BE5,12,172,110.0,164.93671302498637
BE5,12,173,227.0,107.43795451477412
BE5,12,174,42.0,112.40554419381753
BE5,12,175,213.0,222.21003782225483
BE5,12,176,114.0,-102.61575906432782
BE5,12,177,169.0,-152.0395107512374
BE5,12,178,192.0,-121.62124152046817
BE5,12,179,323.0,230.80116560027486
BE5,12,180,235.0,-99.37469896727669
BE5,12,181,165.0,203.542773631047
BE5,12,182,119.0,-115.53143059609843
BE5,12,183,118.0,79.79295339478607
BE5,12,184,102.0,79.2500820089436
BE5,12,185,109.0,77.75089150705476
BE5,12,186,278.0,85.91068293996348
BE5,12,187,220.0,163.80034938862272
BE5,12,188,204.0,167.37753298933575
BE5,12,189,58.0,-114.84322427908886
BE5,12,190,163.0,-54.59401759408781
BE5,12,191,115.0,-146.5043936943812
BE5,12,192,273.0,271.7333830216564
BE5,12,193,198.0,-201.87944859117525
BE5,12,194,209.0,-28.30156448697535
BE5,12,195,312.0,205.5534379667113
BE5,12,196,227.0,-95.79112037509373
BE5,12,197,58.0,242.34643089332494
BE5,12,198,143.0,56.70174799002134
BE5,12,199,93.0,69.84717245802645
BE5,12,200,177.0,-79.71834604024218
BE5,12,201,192.0,190.58709181286517
BE5,12,202,154.0,170.39905068732403
BE5,12,203,175.0,122.4426870509604
BE5,12,204,136.0,82.90449377364948
BE5,12,205,130.0,11.922027710301055
BE5,12,206,71.0,-100.04817814018648
BE5,12,207,80.0,47.653758479531824
BE5,12,208,316.0,34.23556227700018
BE5,12,209,134.0,-84.62217435628907
BE5,12,210,129.0,82.40831274309771
BE5,12,211,201.0,-22.067447988129867
BE5,12,212,53.0,-29.337043407260627
BE5,12,213,129.0,-195.23509810961545
BE5,12,214,172.0,109.60986313069462
BE5,12,215,139.0,-11.27636741974875
BE5,12,216,248.0,-21.413580230145595
BE5,12,217,140.0,-148.64445580618246
BE5,12,218,122.0,-98.16939725817309
BE5,12,219,271.0,-170.7238706717597
BE5,12,220,169.0,126.3096016747981
BE5,12,221,176.0,10.606031206804552
BE5,12,222,193.0,100.3726056297909
BE5,12,223,145.0,-48.42943117564059
BE5,12,224,66.0,68.25186454013789
BE5,12,225,125.0,-78.95274152046818
BE5,12,226,191.0,-10.494605394813725
BE5,12,227,100.0,8.851258479531825
BE5,12,228,100.0,-118.98874152046818
BE5,12,229,173.0,59.410911658722576
BE5,12,230,128.0,-43.058741520468175
BE5,12,231,95.0,-11.124530994152385
BE5,12,232,236.0,43.110750004955555
BE5,12,233,185.0,-58.56009287181953
BE5,12,234,100.0,-4.3587415204681745
BE5,12,235,153.0,32.58341534227692
BE5,12,236,141.0,58.198350678113385
BE5,12,237,145.0,-219.55356910667507
BE5,12,238,220.0,-185.49055970228636
BE5,12,239,224.0,79.24929419381753
BE5,12,240,50.0,-90.30874152046817
BE5,12,241,69.0,-65.01164007119282
BE5,12,242,183.0,-8.885244252708612
BE5,12,243,146.0,-39.39778261635858
BE5,12,244,69.0,-227.69279949148267
BE5,12,245,133.0,-65.0418242272351
BE5,12,246,87.0,-218.2685116354107
BE5,12,247,141.0,-46.42576279706392
BE5,12,248,93.0,-129.13132216562946
BE5,12,249,96.0,-179.23582485380152
BE5,12,250,153.0,-83.96560426556621
BE5,12,251,48.0,-54.53790818713484
BE5,12,252,165.0,-60.40268091440757
BE5,12,253,182.0,-92.08346679519344
BE5,12,254,240.0,-50.183741520468175
BE5,12,255,130.0,-39.324126135852794
BE5,12,256,118.0,-266.46975846962073
BE5,12,257,66.0,-236.4451051568318
BE5,12,258,30.0,-81.40874152046817
BE5,12,259,97.0,-85.61286523180839
BE5,12,260,171.0,-202.08944327485415
BE5,12,261,270.0,-20.91244522417188
BE5,12,262,119.0,-269.5230272347539
BE5,12,263,26.0,-225.0395107512374
BE5,12,264,81.0,-130.5988649772583
BE5,12,265,112.0,-147.5765986633253
BE5,12,266,115.0,-60.217437172642086
BE5,12,267,71.0,-97.63972743596113
BE5,12,268,194.0,-229.38090646892178
BE5,12,269,46.0,-75.3956980422073
BE5,12,270,175.0,-100.84874152046818
BE5,12,271,67.0,-177.49530868464728
BE5,12,272,50.0,-122.28874152046818
BE5,12,273,46.0,-157.46091543351164
BE5,2,1,29.0,-262.72605706210555
BE5,2,2,48.0,-82.51269499314003
BE5,2,3,274.0,-103.74216579605974
BE5,2,4,47.0,-175.1310460569698
BE5,2,5,130.0,-222.5040411469862
BE5,2,6,87.0,-91.51916051038141
BE5,2,7,192.0,-24.564778326473363
BE5,2,8,194.0,-21.72339086942869
BE5,2,9,101.0,-249.56900687432815
BE5,2,10,123.0,-50.66970718826198
BE5,2,11,71.0,-101.74596964102736
BE5,2,12,142.0,-51.506533021309046
BE5,2,13,162.0,-216.23414561042398
BE5,2,14,178.0,-10.365925330218682
BE5,2,15,158.0,-12.899562081747625
BE5,2,16,211.0,-63.92886797892202
BE5,2,17,275.0,16.327986825041787
BE5,2,18,55.0,-34.55928590223094
BE5,2,19,180.0,-387.7001949931401
BE5,2,20,273.0,-355.2853598283049
BE5,2,21,161.0,42.99700997580407
BE5,2,22,153.0,4.490981477448205
BE5,2,23,109.0,58.219529777502174
BE5,2,24,68.0,101.77039324215409
BE5,2,25,151.0,31.377619576396395
BE5,2,26,133.0,-311.89380401569645
BE5,2,27,216.0,66.1470272290822
BE5,2,28,220.0,-303.5865586295037
BE5,2,29,182.0,-206.35129389423892
BE5,2,30,72.0,47.313693895748855
BE5,2,31,143.0,-187.26138380432883
BE5,2,32,151.0,54.98026858301891
BE5,2,33,121.0,-23.03697185264416
BE5,2,34,211.0,75.113786049514
BE5,2,35,211.0,7.3317955281869835
BE5,2,36,221.0,-181.61761580761967
BE5,2,37,193.0,-19.154858205575263
BE5,2,38,210.0,-121.73114737409242
BE5,2,39,224.0,109.61676929257426
BE5,2,40,120.0,97.6581383401933
BE5,2,41,102.0,5.951765791173695
BE5,2,42,80.0,73.43730500685997
BE5,2,43,137.0,97.59360062729793
BE5,2,44,126.0,90.7720272290822
BE5,2,45,120.0,49.3081383401933
BE5,2,46,279.0,-190.71184373865972
BE5,2,47,188.0,-184.80125882292725
BE5,2,48,231.0,94.20348466053963
BE5,2,49,103.0,52.384756463170646
BE5,2,50,145.0,-6.636401889691754
BE5,2,51,263.0,106.64866432244932
BE5,2,52,184.0,35.169370224251274
BE5,2,53,92.0,52.79980500685997
BE5,2,54,178.0,-4.292891622353514
BE5,2,55,117.0,-38.98010952305456
BE5,2,56,185.0,80.43629149334646
BE5,2,57,152.0,83.02348921738628
BE5,2,58,180.0,-8.916861659806697
BE5,2,59,156.0,104.2805742376292
BE5,2,60,162.0,131.51276796982293
BE5,2,61,157.0,76.39056933807016
BE5,2,62,229.0,178.03888797629227
BE5,2,63,328.0,-81.91056084679856
BE5,2,64,80.0,143.86230500685997
BE5,2,65,224.0,-114.57965927885432
BE5,2,66,158.0,-113.03880258807673
BE5,2,67,194.0,143.2044441821177
BE5,2,68,164.0,22.366878177591676
BE5,2,69,156.0,125.16518962224458
BE5,2,70,237.0,205.57934087183887
BE5,2,71,132.0,127.73919894625391
BE5,2,72,204.0,83.48607951666389
BE5,2,73,95.0,141.0234892173863
BE5,2,74,253.0,-44.422527008950304
BE5,2,75,139.0,205.52822227304702
BE5,2,76,157.0,-238.2400039103375
BE5,2,77,174.0,192.40037971950366
BE5,2,78,100.0,171.69980500685998
BE5,2,79,139.0,6.420308603982272
BE5,2,80,126.0,-218.14860769155274
BE5,2,81,253.0,12.541899868520048
BE5,2,82,181.0,211.428258045534
BE5,2,83,173.0,125.04691483344956
BE5,2,84,228.0,4.23840149808804
BE5,2,85,173.0,-220.4848770740649
BE5,2,86,139.0,-137.52213743918318
BE5,2,87,242.0,85.91344137049633
BE5,2,88,173.0,169.30703044038597
BE5,2,89,221.0,-13.196801327981659
BE5,2,90,83.0,28.537756814088887
BE5,2,91,185.0,156.91196716902212
BE5,2,92,71.0,86.76107261249378
BE5,2,93,182.0,6.714640171695135
BE5,2,94,216.0,-115.14000980795484
BE5,2,95,210.0,85.1879002449552
BE5,2,96,232.0,178.0368739723772
BE5,2,97,200.0,224.35480500685998
BE5,2,98,323.0,-46.481154745462014
BE5,2,99,97.0,188.54980500685997
BE5,2,100,216.0,14.975730932785895
BE5,2,101,204.0,124.01058932058545
BE5,2,102,227.0,123.96390192315953
BE5,2,103,262.0,207.50400348014242
BE5,2,104,91.0,218.02233247938744
BE5,2,105,132.0,39.04222924928421
BE5,2,106,109.0,61.66907106190584
BE5,2,107,156.0,-35.20019499314003
BE5,2,108,164.0,220.36687817759167
BE5,2,109,98.0,-43.623664380895136
BE5,2,110,290.0,225.99463259306685
BE5,2,111,193.0,-43.32066131438356
BE5,2,112,283.0,-122.17104304967712
BE5,2,113,447.0,213.44689672945506
BE5,2,114,283.0,202.22118309873278
BE5,2,115,224.0,-95.49930213599717
BE5,2,116,179.0,255.01907874987674
BE5,2,117,244.0,184.8571820560403
BE5,2,118,144.0,165.1470272290822
BE5,2,119,61.0,-87.07314581281216
BE5,2,120,68.0,135.68215794803643
BE5,2,121,222.0,244.29304825010323
BE5,2,122,134.0,-173.12929947075196
BE5,2,123,212.0,211.47905028987884
BE5,2,124,203.0,-143.78517036259817
BE5,2,125,33.0,197.0952595523145
BE5,2,126,220.0,230.59071409776905
BE5,2,127,117.0,156.566899023954
BE5,2,128,148.0,188.9822374392924
BE5,2,129,180.0,200.76647167352664
BE5,2,130,142.0,237.7962838800994
BE5,2,131,112.0,220.68373357828855
BE5,2,132,163.0,116.70931420931396
BE5,2,133,229.0,261.72447749594295
BE5,2,134,169.0,205.98767482934517
BE5,2,135,360.0,277.9859161179711
BE5,2,136,408.0,304.53019716372273
BE5,2,137,233.0,-146.3986928472173
BE5,2,138,290.0,253.67049466203235
BE5,2,139,236.0,142.85912704075827
BE5,2,140,213.0,144.4887721430102
BE5,2,141,155.0,195.8530308133116
BE5,2,142,308.0,265.71863617569113
BE5,2,143,177.0,154.75319483736845
BE5,2,144,221.0,16.830347993285308
BE5,2,145,41.0,-212.3038535297254
BE5,2,146,42.0,-205.47400451694955
BE5,2,147,232.0,283.3385981103082
BE5,2,148,169.0,264.21252690035107
BE5,2,149,60.0,104.84980500685997
BE5,2,150,238.0,-193.72330423683752
BE5,2,151,359.0,258.0094150347151
BE5,2,152,228.0,19.48401553317576
BE5,2,153,86.0,-61.68275313267491
BE5,2,154,219.0,217.92880044064995
BE5,2,155,95.0,176.6971734279126
BE5,2,156,146.0,235.15939404795586
BE5,2,157,132.0,27.034653491708454
BE5,2,158,145.0,142.05325328272204
BE5,2,159,175.0,160.24694786400283
BE5,2,160,53.0,12.795088025727894
BE5,2,161,230.0,238.65415283294692
BE5,2,162,113.0,33.36396429889537
BE5,2,163,246.0,226.26931720198192
BE5,2,164,67.0,-14.748702455826598
BE5,2,165,193.0,215.78814697577187
BE5,2,166,177.0,173.7644942723967
BE5,2,167,193.0,7.586074436911783
BE5,2,168,163.0,156.05287249152255
BE5,2,169,185.0,140.14980500685996
BE5,2,170,266.0,258.9708576384389
BE5,2,171,156.0,155.20365116070613
BE5,2,172,184.0,177.08784848512084
BE5,2,173,141.0,258.31576245366847
BE5,2,174,62.0,252.95303081331159
BE5,2,175,218.0,182.5865022545664
BE5,2,176,284.0,264.9617768378459
BE5,2,177,230.0,-108.01976021053133
BE5,2,178,224.0,310.0140907211457
BE5,2,179,52.0,-93.06557960852464
BE5,2,180,281.0,-160.95909179029306
BE5,2,181,153.0,271.99424945130437
BE5,2,182,248.0,274.932869522989
BE5,2,183,303.0,265.10096012237153
BE5,2,184,237.0,239.1152058507418
BE5,2,185,246.0,234.68801638897378
BE5,2,186,286.0,233.570784027839
BE5,2,187,224.0,221.49623357828855
BE5,2,188,106.0,-179.48793084219665
BE5,2,189,230.0,78.86284848512084
BE5,2,190,316.0,273.7175265258473
BE5,2,191,153.0,276.8177788630691
BE5,2,192,260.0,245.79211269916766
BE5,2,193,161.0,275.3448360627606
BE5,2,194,165.0,239.96192621898115
BE5,2,195,190.0,231.8971734279126
BE5,2,196,268.0,-50.815866634931076
BE5,2,197,214.0,258.6058797732151
BE5,2,198,194.0,270.4260936666538
BE5,2,199,280.0,113.9283764354314
BE5,2,200,160.0,183.93730500685996
BE5,2,201,275.0,264.78253227958726
BE5,2,202,236.0,26.18116093906336
BE5,2,203,194.0,-7.707926951902917
BE5,2,204,257.0,135.0867699874047
BE5,2,205,75.0,253.78980500685998
BE5,2,206,258.0,-27.237016698566386
BE5,2,207,235.0,223.45193266643446
BE5,2,208,132.0,234.40586561292056
BE5,2,209,275.0,242.85889591595088
BE5,2,210,167.0,194.2084876415905
BE5,2,211,156.0,133.03698449403944
BE5,2,212,321.0,17.80525672025561
BE5,2,213,289.0,152.13458009336514
BE5,2,214,154.0,61.82902578608075
BE5,2,215,129.0,-34.43469111717104
BE5,2,216,310.0,258.51432113589226
BE5,2,217,165.0,135.31950197655695
BE5,2,218,144.0,136.9595272290822
BE5,2,219,73.0,253.16624336302436
BE5,2,220,165.0,256.810411067466
BE5,2,221,193.0,233.0886651104869
BE5,2,222,187.0,239.1540830817263
BE5,2,223,256.0,295.85839875685997
BE5,2,224,204.0,-23.611959699022382
BE5,2,225,237.0,149.71858137816798
BE5,2,226,101.0,274.69831985834514
BE5,2,227,192.0,-21.3043616598067
BE5,2,228,111.0,-24.756501299446338
BE5,2,229,111.0,127.6759311329861
BE5,2,230,256.0,150.92089875685997
BE5,2,231,189.0,188.13710659416154
BE5,2,232,244.0,206.66865746587635
BE5,2,233,169.0,37.29536713703749
BE5,2,234,287.0,214.9052057037241
BE5,2,235,116.0,32.78256362754963
BE5,2,236,229.0,105.04325478851936
BE5,2,237,144.0,124.77897167352664
BE5,2,238,81.0,145.56215068587233
BE5,2,239,307.0,69.94394181467756
BE5,2,240,233.0,90.05624277510032
BE5,2,241,127.0,132.06949004623004
BE5,2,242,194.0,99.910629749128
BE5,2,243,326.0,111.27373138722807
BE5,2,244,57.0,61.86559448054418
BE5,2,245,50.0,110.98980500685997
BE5,2,246,289.0,121.31797109682536
BE5,2,247,213.0,126.8737486688318
BE5,2,248,266.0,95.66634636024342
BE5,2,249,219.0,102.28496482421157
BE5,2,250,115.0,-47.81541238444438
BE5,2,251,193.0,100.9384060431294
BE5,2,252,186.0,47.39926737245137
BE5,2,253,176.0,68.36230500685997
BE5,2,254,261.0,7.65708470034656
BE5,2,255,268.0,118.64308858894952
BE5,2,256,340.0,24.126275595095265
BE5,2,257,98.0,87.12123357828854
BE5,2,258,219.0,53.426517335627096
BE5,2,259,80.0,99.77480500685996
BE5,2,260,136.0,-1.6266655813753246
BE5,2,261,191.0,46.08383642047254
BE5,2,262,197.0,-103.56187012004358
BE5,2,263,108.0,78.18869389574886
BE5,2,264,253.0,94.53399473018013
BE5,2,265,222.0,-184.68442922737427
BE5,2,266,253.0,21.103164690654435
BE5,2,267,149.0,47.14712044310158
BE5,2,268,251.0,-13.577685032980668
BE5,2,269,370.0,-90.93668147962651
BE5,2,270,192.0,-105.68456999314003
BE5,2,271,35.0,-8.307337850282888
BE5,2,272,332.0,26.35402187432985
BE5,2,273,176.0,46.81685046140542
BE5,2,274,187.0,77.17547345605783
BE5,2,275,248.0,15.85222436169868
BE5,2,276,271.0,50.416963678446685
BE5,2,277,245.0,34.753886639513034
BE5,2,278,250.0,-26.76219499314003
BE5,2,279,285.0,-23.194054642262838
BE5,2,280,172.0,-51.58972987686096
BE5,2,281,259.0,18.395364852419814
BE5,2,282,226.0,56.4878581042051
BE5,2,283,126.0,-1.3470203899654272
BE5,2,284,47.0,67.7412943685621
BE5,2,285,186.0,-5.1975068210970194
BE5,2,286,250.0,-17.27019499314003
BE5,2,287,272.0,23.93951088921291
BE5,2,288,267.0,39.782014744687686
BE5,2,289,200.0,-100.02019499314002
BE5,2,290,351.0,-23.783528326473363
BE5,2,291,243.0,-41.585997462275834
BE5,2,292,166.0,-171.2032070413328
BE5,2,293,210.0,-68.69305213599718
BE5,2,294,141.0,-25.1168616598067
BE5,2,295,116.0,-64.18295361382968
BE5,2,296,155.0,-43.10825950926906
BE5,2,297,133.0,-43.194555895395666
BE5,2,298,251.0,-75.95218702501253
BE5,2,299,133.0,-64.1419243164483
BE5,2,300,224.0,-197.0528735645686
BE5,2,301,216.0,-34.445565363510404
BE5,2,302,363.0,-58.320718409117994
BE5,2,303,161.0,26.20819010002767
BE5,2,304,267.0,-3.6861500493198056
BE5,2,305,160.0,-26.80644499314003
BE5,2,306,167.0,-254.82744050212204
BE5,2,307,257.0,-222.5163428530622
BE5,2,308,174.0,-14.645597291990605
BE5,2,309,140.0,-179.4573378502829
BE5,2,310,90.0,-134.90575054869558
BE5,2,311,121.0,-142.07829416669375
BE5,2,312,109.0,-74.2300115069015
BE5,3,1,190.0,-36.44901887336684
BE5,3,2,239.0,-99.28189709402305
BE5,3,3,119.0,-533.7971391741187
BE5,3,4,243.0,-51.13987873908051
BE5,3,5,77.0,-629.6802560572355
BE5,3,6,198.0,-48.694686071665615
BE5,3,7,155.0,-66.33815299900351
BE5,3,8,202.0,-103.56022262532097
BE5,3,9,139.0,-588.3161525348586
BE5,3,10,120.0,-105.27928203126157
BE5,3,11,204.0,-509.7474192861635
BE5,3,12,164.0,-76.2335503239445
BE5,3,13,77.0,-463.160775537755
BE5,3,14,113.0,-125.72507849143855
BE5,3,15,125.0,-53.84628203126157
BE5,3,16,135.0,-5.2098375868171285
BE5,3,17,149.0,-191.10394646079175
BE5,3,18,151.0,-397.29004362066553
BE5,3,19,224.0,3.783217968738427
BE5,3,20,28.0,-152.01142488840443
BE5,3,21,219.0,84.97128874499414
BE5,3,22,130.0,-180.36966664664618
BE5,3,23,153.0,73.10388790337896
BE5,3,24,133.0,-162.00014669291568
BE5,3,25,123.0,-151.0526560150014
BE5,3,26,233.0,-154.7401189411328
BE5,3,27,100.0,8.705717968738426
BE5,3,28,195.0,82.40725643027689
BE5,3,29,190.0,-106.13849255757734
BE5,3,30,184.0,117.70441362091233
BE5,3,31,65.0,154.25341027643074
BE5,3,32,224.0,180.18500368302415
BE5,3,33,153.0,139.49604476612404
BE5,3,34,66.0,-369.6997365767161
BE5,3,35,115.0,-23.706455944305052
BE5,3,36,275.0,220.6293543323748
BE5,3,37,137.0,-333.82946451301336
BE5,3,38,119.0,38.32050788470481
BE5,3,39,124.0,202.19249216228684
BE5,3,40,204.0,140.39963953736589
BE5,3,41,112.0,25.88143225445271
BE5,3,42,209.0,215.2165313658676
BE5,3,43,158.0,243.44698379152328
BE5,3,44,125.0,142.54571796873847
BE5,3,45,181.0,250.69930912895944
BE5,3,46,147.0,32.62462953336428
BE5,3,47,112.0,199.80107511159557
BE5,3,48,241.0,213.3498673463318
BE5,3,49,54.0,216.32719945022
BE5,3,50,216.0,259.4660883391088
BE5,3,51,184.0,250.48702231656452
BE5,3,52,103.0,222.58843641534042
BE5,3,53,102.0,-53.301340854790986
BE5,3,54,147.0,148.69945946533707
BE5,3,55,200.0,297.5507179687384
BE5,3,56,146.0,293.1813344070946
BE5,3,57,263.0,233.84381682805403
BE5,3,58,189.0,-12.019361396340939
BE5,3,59,239.0,319.299692864136
BE5,3,60,192.0,254.71550963540508
BE5,3,61,236.0,296.54910779924694
BE5,3,62,50.0,337.26571796873844
BE5,3,63,124.0,296.2650728074481
BE5,3,64,172.0,373.0201365733896
BE5,3,65,218.0,120.18058035405953
BE5,3,66,114.0,-212.82972062775278
BE5,3,67,192.0,-193.60219869792823
BE5,3,68,117.0,112.73888036190085
BE5,3,69,173.0,63.33993762191762
BE5,3,70,152.0,33.98387586347527
BE5,3,71,175.0,392.8885751115956
BE5,3,72,121.0,96.65976755551529
BE5,3,73,179.0,-20.129142366457103
BE5,3,74,244.0,302.41948846054174
BE5,3,75,208.0,155.00437181489227
BE5,3,76,186.0,290.6306642052976
BE5,3,77,211.0,188.97131038580005
BE5,3,78,173.0,-175.52133405438295
BE5,3,79,89.0,166.18841459795192
BE5,3,80,159.0,218.7356550756567
BE5,3,81,41.0,180.73596187117744
BE5,3,82,174.0,216.66180992276145
BE5,3,83,132.0,-210.51791839489792
BE5,3,84,98.0,204.59061592792213
BE5,3,85,204.0,-146.7376153645949
BE5,3,86,122.0,350.2965376408696
BE5,3,87,191.0,394.0001682305185
BE5,3,88,178.0,248.3120101035699
BE5,3,89,200.0,267.9807179687384
BE5,3,90,137.0,-147.230924367028
BE5,3,91,211.0,349.9618317128143
BE5,3,92,98.0,337.2946975605752
BE5,3,93,202.0,265.0140348004216
BE5,3,94,209.0,-59.12796624178788
BE5,3,95,235.0,-174.37343096743177
BE5,3,96,206.0,355.29231991048607
BE5,3,97,64.0,312.4707179687384
BE5,3,98,227.0,341.7289778806327
BE5,3,99,210.0,230.49809892111938
BE5,3,100,94.0,129.1648669049087
BE5,3,101,76.0,241.76677060031741
BE5,3,102,163.0,296.83038054542556
BE5,3,103,183.0,229.269215236498
BE5,3,104,186.0,300.06614807626534
BE5,3,105,210.0,139.26000368302414
BE5,3,106,234.0,322.7901624131829
BE5,3,107,198.0,301.6790513020718
BE5,3,108,119.0,218.69865914520906
BE5,3,109,60.0,229.76238463540514
BE5,3,110,63.0,177.23460685762743
BE5,3,111,179.0,206.5300755106379
BE5,3,112,136.0,203.86777679226785
BE5,3,113,136.0,261.96336502756196
BE5,3,114,86.0,211.62478773618034
BE5,3,115,200.0,285.78071796873843
BE5,3,116,218.0,235.55672714305035
BE5,3,117,147.0,188.59741864901056
BE5,3,118,105.0,157.35524177826224
BE5,3,119,59.0,144.82029423992486
BE5,3,120,126.0,114.96476558778609
BE5,3,121,141.0,225.8563562666108
BE5,3,122,142.0,139.63445036310466
BE5,3,123,214.0,221.01861516500014
BE5,3,124,185.0,199.9295017525222
BE5,3,125,148.0,206.84571796873846
BE5,3,126,219.0,183.30005586828182
BE5,3,127,51.0,-13.262125168516475
BE5,3,128,114.0,1.4772969161068479
BE5,3,129,161.0,40.83019001842787
BE5,3,130,153.0,31.14963953736588
BE5,3,131,90.0,1.2790513020717602
BE5,3,132,67.0,-129.43040143424662
BE5,3,133,167.0,-157.66027005521363
BE5,3,134,168.0,12.071908444928903
BE5,3,135,208.0,66.72552566104612
BE5,3,136,212.0,24.326850044210126
BE5,3,137,124.0,7.845717968738427
BE5,3,138,43.0,-124.63102621730809
BE5,3,139,117.0,-289.95342733040684
BE5,3,140,134.0,-25.012490986485453
BE5,3,141,170.0,-272.901340854791
BE5,3,142,77.0,-136.134801511781
BE5,3,143,49.0,-68.20530243942484
BE5,3,144,178.0,-127.57001236834022
BE5,3,145,77.0,-54.290645667625206
BE5,3,146,172.0,-106.31707272893597
BE5,3,147,157.0,-161.04281706310869
BE5,3,148,128.0,-76.79490703126157
BE5,3,149,138.0,-190.21949942256592
BE5,3,150,158.0,-89.50238329708436
BE5,3,151,144.0,-25.99455980903935
BE5,3,152,159.0,-148.52220655956341
BE5,3,153,186.0,-8.32094869792824
BE5,3,154,179.0,-121.48109767371966
BE5,3,155,132.0,-262.04822142520095
BE5,3,156,152.0,-350.11480834705105
BE5,3,157,166.0,-197.97355913969528
BE5,3,158,184.0,-178.07819507473982
BE5,3,159,78.0,-386.3594102363897
BE5,3,160,137.0,-119.6177856808966
BE5,4,1,25.0,2.0441817762581196
BE5,4,2,111.0,-107.03329570121936
BE5,4,3,173.0,-37.54425753010026
BE5,4,4,71.0,-7.6262407589531485
BE5,4,5,155.0,54.05708500206457
BE5,4,6,167.0,-143.39414157703527
BE5,4,7,207.0,61.912780810074544
BE5,4,8,203.0,12.163393598918217
BE5,4,9,91.0,41.41121474329108
BE5,4,10,81.0,-176.27186760645793
BE5,4,11,240.0,92.19834844292478
BE5,4,12,142.0,-148.64032526599541
BE5,4,13,88.0,-38.146727314650974
BE5,4,14,103.0,-15.361643466460327
BE5,4,15,168.0,110.52156272863907
BE5,4,16,76.0,6.773129144679172
BE5,4,17,192.0,-20.16519322374188
BE5,4,18,165.0,62.08660601868236
BE5,4,19,232.0,35.90538867280984
BE5,4,20,132.0,77.22448480656115
BE5,4,21,162.0,117.5182558503322
BE5,4,22,203.0,48.34073350039605
BE5,4,23,85.0,123.71477001155223
BE5,4,24,188.0,117.33247964859855
BE5,4,25,194.0,157.69675909584575
BE5,4,26,168.0,116.89656272863907
BE5,4,27,165.0,128.46842420050052
BE5,4,28,192.0,209.44939010959146
BE5,4,29,156.0,112.86725869933504
BE5,4,30,51.0,96.28731903116008
BE5,4,31,91.0,113.04857738065373
BE5,4,32,101.0,171.16695405348574
BE5,4,33,167.0,150.53400213553957
BE5,4,34,181.0,195.272911058026
BE5,4,35,68.0,16.164770011552235
BE5,4,36,222.0,62.4261637582401
BE5,4,37,75.0,49.69751510959145
BE5,4,38,136.0,71.01771118802283
BE5,4,39,145.0,117.88556108660293
BE5,4,40,153.0,171.60104452135616
BE5,4,41,48.0,128.79834844292478
BE5,4,42,207.0,-88.08238827205105
BE5,4,43,153.0,155.00627327952608
BE5,4,44,187.0,182.03776466395863
BE5,4,45,316.0,283.13721975094165
BE5,4,46,147.0,304.7026851776186
BE5,4,47,205.0,-67.82898895544919
BE5,4,48,94.0,51.656947733704925
BE5,4,49,231.0,88.87708220915856
BE5,4,50,209.0,30.185808570516492
BE5,4,51,169.0,-26.21262295746969
BE5,4,52,122.0,291.29664079265154
BE5,4,53,130.0,203.59802793010428
BE5,4,54,327.0,326.37078728084526
BE5,4,55,217.0,248.61008039376964
BE5,4,56,238.0,202.54922379306478
BE5,4,57,128.0,200.27230677625812
BE5,4,58,52.0,72.54033562241196
BE5,4,59,118.0,172.94418177625803
BE5,4,60,116.0,273.5303886728098
BE5,4,61,204.0,108.1157504037091
BE5,4,62,262.0,299.69609017320465
BE5,4,63,156.0,-197.76094642887008
BE5,4,64,108.0,-209.7687811867049
BE5,4,65,301.0,307.80298576296906
BE5,4,66,102.0,-48.546014302173255
BE5,4,67,125.0,253.51618177625804
BE5,4,68,214.0,27.626424766912326
BE5,4,69,160.0,-47.06206822374188
BE5,4,70,256.0,284.6512130262581
BE5,4,71,267.0,343.08463121446033
BE5,4,72,510.0,11.359868050767924
BE5,4,73,192.0,257.91814010959143
BE5,4,74,102.0,248.35594648214035
BE5,4,75,250.0,336.8881817762581
BE5,4,76,112.0,176.8906103476867
BE5,4,77,224.0,211.2611460619724
BE5,4,78,122.0,278.7392637434712
BE5,4,79,284.0,318.71530853682145
BE5,4,80,124.0,266.8312785504516
BE5,4,81,187.0,185.55648124149874
BE5,4,82,96.0,279.90251510959143
BE5,4,83,168.0,352.8191817762581
BE5,4,84,152.0,193.9376028288897
BE5,4,85,73.0,183.51267492694305
BE5,4,86,215.0,265.28604224137433
BE5,4,87,284.0,287.0357310720327
BE5,4,88,162.0,318.13553980094946
BE5,4,89,125.0,-160.32381822374197
BE5,4,90,250.0,206.3321817762581
BE5,4,91,210.0,-67.30819917612283
BE5,4,92,186.0,294.49256887303227
BE5,4,93,162.0,287.2898607886038
BE5,4,94,181.0,186.43313205250115
BE5,4,95,101.0,45.622399598040296
BE5,4,96,130.0,116.76725869933504
BE5,4,97,146.0,226.8551406803677
BE5,4,98,266.0,103.77124944543105
BE5,4,99,133.0,128.02312914467916
BE5,4,100,83.0,99.82972394493282
BE5,4,101,70.0,136.3156103476867
BE5,4,102,322.0,113.48766003712767
BE5,4,103,138.0,153.61809481973637
BE5,4,104,81.0,99.81455214662849
BE5,4,105,95.0,103.4547080920476
BE5,4,106,238.0,210.70468597793874
BE5,4,107,92.0,153.90070351538856
BE5,4,108,78.0,213.44418177625812
BE5,4,109,85.0,122.95006412919929
BE5,4,110,81.0,228.06146572687538
BE5,4,111,126.0,-7.563754731678388
BE5,4,112,100.0,43.75418177625812
BE5,4,113,261.0,9.08785993717766
BE5,4,114,204.0,107.06182883508166
BE5,4,115,121.0,-119.60540500060138
BE5,4,116,170.0,17.74418177625812
BE5,4,117,52.0,-166.1712028391265
BE5,4,118,182.0,-77.64373031165397
BE5,4,119,123.0,33.12710860552641
BE5,4,120,83.0,-174.66425195868163
BE5,4,121,65.0,56.85956639164274
BE5,4,122,161.0,-165.19556977653693
BE5,4,123,191.0,-20.875189951490572
BE5,4,124,126.0,1.261642093718437
BE5,4,125,237.0,-68.02839206340433
BE5,4,126,132.0,76.072969655046
BE5,4,127,219.0,-154.5421195936049
BE5,4,128,180.0,-131.5891515570752
BE5,4,129,83.0,-109.53172183819972
BE5,4,130,186.0,-92.85689349255908
BE5,4,131,136.0,-179.67346528256542
BE5,4,132,221.0,-118.48794492057446
BE5,4,133,229.0,-93.00123307090347
BE5,4,134,88.0,-66.38536367828733
BE5,4,135,163.0,-123.67238264091978
BE5,4,136,54.0,-103.11137377929744
BE5,5,1,118.0,-171.60386150096008
BE5,5,2,202.0,-28.157477879547127
BE5,5,3,157.0,-214.10472515204503
BE5,5,4,125.0,-77.74508183994313
BE5,5,5,198.0,-315.6667788096401
BE5,5,6,61.0,-229.6642949546972
BE5,5,7,191.0,-120.81750068811067
BE5,5,8,123.0,-194.45317940091874
BE5,5,9,212.0,-33.324440330509205
BE5,5,10,62.0,-267.5196624851044
BE5,5,11,179.0,-2.758534353909647
BE5,5,12,214.0,98.41506769276714
BE5,5,13,137.0,62.50729772210064
BE5,5,14,291.0,60.292608881706315
BE5,5,15,149.0,-157.8111757996747
BE5,5,16,120.0,-401.43874850660984
BE5,5,17,101.0,55.77816568480931
BE5,5,18,211.0,52.57779967664451
BE5,5,19,137.0,-4.00365118300886
BE5,5,20,86.0,-193.44126788645474
BE5,5,21,173.0,-329.57569455670614
BE5,5,22,340.0,73.70585933652744
BE5,5,23,202.0,111.30291816005685
BE5,5,24,256.0,-81.81036308994317
BE5,5,25,122.0,-282.59872118420543
BE5,5,26,158.0,-110.86163880196845
BE5,5,27,267.0,-239.46487210211544
BE5,5,28,130.0,-53.52015876302009
BE5,5,29,298.0,151.35996513992262
BE5,5,30,74.0,79.50562086275954
BE5,5,31,172.0,152.22152281121964
BE5,5,32,145.0,61.24774574626374
BE5,5,33,228.0,-124.18830991011859
BE5,5,34,105.0,154.41720387434256
BE5,5,35,134.0,129.88500771229567
BE5,5,36,51.0,87.12644757182154
BE5,5,37,19.0,-0.3812923662589559
BE5,5,38,229.0,157.3815207801442
BE5,5,39,189.0,15.646833503972177
BE5,5,40,132.0,-4.666778809640136
BE5,5,41,77.0,233.9133077704465
BE5,5,42,283.0,-329.35432565619755
BE5,5,43,128.0,197.09979316005683
BE5,5,44,195.0,243.01061046774916
BE5,5,45,104.0,-70.38938953225086
BE5,5,46,228.0,265.17133921268845
BE5,5,47,107.0,122.38703030958958
BE5,5,48,156.0,-35.83169722455855
BE5,5,49,134.0,236.48202263766882
BE5,5,50,114.0,176.27660237058316
BE5,5,51,224.0,194.13327530291397
BE5,5,52,191.0,308.57516946895737
BE5,5,53,172.0,43.23896467168474
BE5,5,54,187.0,326.47938874829214
BE5,5,55,225.0,251.7606959378346
BE5,5,56,188.0,282.48908837282283
BE5,5,57,149.0,-179.56285365202368
BE5,5,58,291.0,374.97302125284034
BE5,5,59,74.0,-171.87275751561882
BE5,5,60,138.0,308.27393265281046
BE5,5,61,173.0,322.9156349230626
BE5,5,62,100.0,294.6829181600569
BE5,5,63,107.0,327.3963761039821
BE5,5,64,130.0,300.2952258523645
BE5,5,65,162.0,371.5806959378346
BE5,5,66,101.0,-165.60797292905204
BE5,5,67,130.0,-145.9586203014816
BE5,5,68,176.0,378.109736341875
BE5,5,69,141.0,293.48022312459585
BE5,5,70,130.0,332.456764313903
BE5,5,71,152.0,-119.36155552415369
BE5,5,72,99.0,249.38372624086495
BE5,5,73,131.0,299.2723838089118
BE5,5,74,232.0,408.08309057385
BE5,5,75,75.0,221.26291816005687
BE5,5,76,43.0,309.8610576949406
BE5,5,77,181.0,332.10402313243253
BE5,5,78,165.0,-112.90920305206436
BE5,5,79,138.0,304.14349787020177
BE5,5,80,107.0,326.6300209637952
BE5,5,81,121.0,-208.30865208787705
BE5,5,82,171.0,-158.913456108949
BE5,5,83,170.0,394.16174168946867
BE5,5,84,229.0,377.1064116098385
BE5,5,85,194.0,415.55034084046923
BE5,5,86,192.0,292.41229316005683
BE5,5,87,85.0,233.3264475718216
BE5,5,88,119.0,357.2188845466115
BE5,5,89,152.0,235.3884444758463
BE5,5,90,50.0,330.9229181600569
BE5,5,91,145.0,287.5511940221258
BE5,5,92,223.0,268.4688374425681
BE5,5,93,123.0,99.70942222509751
BE5,5,94,220.0,278.60291816005684
BE5,5,95,275.0,217.63019088732958
BE5,5,96,273.0,181.91830277544145
BE5,5,97,100.0,230.74291816005686
BE5,5,98,146.0,276.88510994087875
BE5,5,99,178.0,302.35347995780967
BE5,5,100,216.0,294.4371774193161
BE5,5,101,258.0,276.0897398654832
BE5,5,102,179.0,-228.94289189580908
BE5,5,103,255.0,323.8480161992726
BE5,5,104,130.0,143.50291816005685
BE5,5,105,106.0,295.34065400911345
BE5,5,106,113.0,302.5507057706763
BE5,5,107,201.0,169.4820226376688
BE5,5,108,141.0,281.07596780544696
BE5,5,109,118.0,-236.74792929757024
BE5,5,110,149.0,-191.8313100278626
BE5,5,111,60.0,320.7195848267236
BE5,5,112,76.0,177.960812896899
BE5,5,113,163.0,-192.83205116509652
BE5,5,114,226.0,263.8294668326232
BE5,5,115,158.0,253.2206396790442
BE5,5,116,194.0,242.59157795387128
BE5,5,117,117.0,252.431123288262
BE5,5,118,228.0,217.25467254602177
BE5,5,119,144.0,-4.759581839943166
BE5,5,120,123.0,-223.52635013262608
BE5,5,121,205.0,194.06389376981295
BE5,5,122,206.0,290.68641330568795
BE5,5,123,58.0,53.940849194539595
BE5,5,124,164.0,213.24804011127637
BE5,5,125,68.0,-241.57943478111957
BE5,5,126,140.0,13.060061017199692
BE5,5,127,108.0,148.34921445635317
BE5,5,128,132.0,172.674130281269
BE5,5,129,55.0,80.7756454327841
BE5,5,130,150.0,90.2895848267235
BE5,5,131,109.0,210.8625511875798
BE5,5,132,131.0,71.47085709135453
BE5,5,133,73.0,238.20702774909793
BE5,5,134,144.0,137.44875149339018
BE5,5,135,210.0,114.53148958862828
BE5,5,136,121.0,121.95581072204031
BE5,5,137,34.0,7.50880051299801
BE5,5,138,82.0,71.75413767225196
BE5,5,139,130.0,-13.65092799378932
BE5,5,140,57.0,-24.574274822399307
BE5,5,141,133.0,-83.71211943392812
BE5,5,142,117.0,117.33710619424491
BE5,5,143,202.0,-191.6525273844976
BE5,5,144,133.0,-38.95272093768753
BE5,5,145,81.0,177.11773297487167
BE5,5,146,124.0,-104.08417861413669
BE5,5,147,69.0,-190.34925575298658
BE5,5,148,153.0,73.17219920580847
BE5,5,149,108.0,1.1362514933901668
BE5,5,150,93.0,-192.3207377539216
BE5,5,151,77.0,-395.94383508669637
BE5,5,152,194.0,-177.95996843788132
BE5,5,153,49.0,-203.08483694198395
BE5,5,154,120.0,-357.1304151732765
BE5,5,155,120.0,-174.44708183994317
BE5,5,156,32.0,-205.79083183994317
BE5,5,157,39.0,-180.1329792758406
BE5,5,158,25.0,-250.21708183994318
BE5,6,1,61.0,-314.4803038634558
BE5,6,2,84.0,-72.24767310623477
BE5,6,3,139.0,-197.6416436440902
BE5,6,4,217.0,-66.59483132436073
BE5,6,5,160.0,-67.15243501099667
BE5,6,6,116.0,-287.14381432134155
BE5,6,7,139.0,-38.44020479516933
BE5,6,8,165.0,-207.80091985948155
BE5,6,9,85.0,-366.0112585404085
BE5,6,10,277.0,-91.38348194240461
BE5,6,11,224.0,-20.259577868139527
BE5,6,12,214.0,-17.105706039034054
BE5,6,13,118.0,66.29671753137622
BE5,6,14,32.0,-479.24618501099667
BE5,6,15,337.0,-80.16727180624889
BE5,6,16,200.0,-335.77243501099673
BE5,6,17,128.0,-75.09774751099667
BE5,6,18,106.0,-147.4165859543929
BE5,6,19,193.0,69.99264270921059
BE5,6,20,154.0,62.69821433965268
BE5,6,21,148.0,-96.84162420018586
BE5,6,22,88.0,-61.05016228372394
BE5,6,23,72.0,-33.87465723321889
BE5,6,24,205.0,-402.90853257197233
BE5,6,25,204.0,-26.373023246290785
BE5,6,26,237.0,-317.1186797367351
BE5,6,27,163.0,-260.90703623799055
BE5,6,28,161.0,35.41278238030768
BE5,6,29,65.0,-10.55243501099667
BE5,6,30,182.0,-90.42166578022743
BE5,6,31,248.0,-273.7693704948676
BE5,6,32,263.0,-213.8862753151792
BE5,6,33,125.0,19.51956498900333
BE5,6,34,233.0,45.431255976127794
BE5,6,35,243.0,49.9463304211021
BE5,6,36,199.0,88.88776599402843
BE5,6,37,197.0,81.64451930372414
BE5,6,38,240.0,43.64756498900333
BE5,6,39,70.0,-339.1095778681396
BE5,6,40,86.0,68.06849522156148
BE5,6,41,352.0,-23.226298647360306
BE5,6,42,159.0,83.69662159277692
BE5,6,43,167.0,-169.10453081937993
BE5,6,44,301.0,-265.6773519545183
BE5,6,45,53.0,51.05511215881465
BE5,6,46,181.0,-97.07508694469833
BE5,6,47,128.0,61.52725248900333
BE5,6,48,232.0,104.96825464417574
BE5,6,49,247.0,-227.37915565876997
BE5,6,50,399.0,60.31122413687299
BE5,6,51,253.0,101.66574680718514
BE5,6,52,353.0,80.73425054141126
BE5,6,53,282.0,140.43621747127284
BE5,6,54,51.0,-266.66223893256534
BE5,6,55,145.0,-67.23519363168633
BE5,6,56,208.0,-39.5707042417659
BE5,6,57,204.0,23.234819890964115
BE5,6,58,86.0,42.85919289598007
BE5,6,59,116.0,-327.64381432134155
BE5,6,60,199.0,14.159122777948054
BE5,6,61,132.0,-160.82667743523913
BE5,6,62,111.0,-55.50378636234802
BE5,6,63,80.0,-29.677435010996668
BE5,6,64,266.0,69.59944468825144
BE5,6,65,50.0,-35.19243501099667
BE5,6,66,206.0,-15.322337923618027
BE5,6,67,335.0,82.78487842183914
BE5,6,68,75.0,-106.36576834433001
BE5,6,69,274.0,-282.6013401204857
BE5,6,70,55.0,-183.8615259200877
BE5,6,71,176.0,-117.10129864736031
BE5,6,72,75.0,-37.805768344330005
BE5,6,73,276.0,-129.1017103733155
BE5,6,74,141.0,176.8830259819111
BE5,6,75,31.0,-46.79759630131925
BE5,6,76,122.0,180.74100761195413
BE5,6,77,212.0,-0.5769633128834615
BE5,6,78,145.0,155.25446154072748
BE5,6,79,193.0,172.2050779423712
BE5,6,80,193.0,74.15844581801888
BE5,6,81,373.0,192.94676069945908
BE5,6,82,167.0,-25.23626734632601
BE5,6,83,118.0,-296.4320960279459
BE5,6,84,103.0,114.77960382395473
BE5,6,85,156.0,9.738590630028972
BE5,6,86,222.0,161.00071814215647
BE5,6,87,156.0,-157.92166578022747
BE5,6,88,131.0,114.32848101953769
BE5,6,89,162.0,187.4463304211021
BE5,6,90,220.0,71.70665589809424
BE5,6,91,207.0,29.47558431267483
BE5,6,92,286.0,159.88253002396834
BE5,6,93,270.0,202.16978721122553
BE5,6,94,99.0,153.9384740799124
BE5,6,95,155.0,182.23466176319687
BE5,6,96,100.0,175.4175649890033
BE5,6,97,60.0,64.99756498900334
BE5,6,98,30.0,103.91423165567
BE5,6,99,152.0,163.34756498900333
BE5,6,100,79.0,78.5690839763451
BE5,6,101,140.0,234.4975649890033
BE5,6,102,165.0,216.98089832233663
BE5,6,103,133.0,220.2911740115597
BE5,6,104,322.0,230.82893144863064
BE5,6,105,376.0,150.80767137198205
BE5,6,106,117.0,34.36038550182384
BE5,6,107,268.0,114.84756498900333
BE5,6,108,220.0,169.33392862536695
BE5,6,109,65.0,121.89371883515717
BE5,6,110,113.0,232.48473313059625
BE5,6,111,169.0,243.1079200185891
BE5,6,112,101.0,-92.16233600109572
BE5,6,113,50.0,224.36756498900328
BE5,6,114,112.0,185.7672078461462
BE5,6,115,147.0,283.7523268937652
BE5,6,116,149.0,162.16971264001
BE5,6,117,49.0,197.23532009104412
BE5,6,118,236.0,125.44925990425756
BE5,6,119,193.0,241.7232126573971
BE5,6,120,126.0,-90.05719691575862
BE5,6,121,125.0,-77.18443501099671
BE5,6,122,137.0,203.00084966053618
BE5,6,123,162.0,150.7426267173984
BE5,6,124,137.0,-62.561194135084264
BE5,6,125,151.0,136.95352525390396
BE5,6,126,143.0,259.4489635904019
BE5,6,127,180.0,-89.83021278877445
BE5,6,128,118.0,231.67807346357955
BE5,6,129,160.0,-93.30868501099667
BE5,6,130,261.0,197.0276416173558
BE5,6,131,156.0,284.6167957582341
BE5,6,132,145.0,223.8268753338309
BE5,6,133,230.0,205.9866954237859
BE5,6,134,125.0,-132.3124350109967
BE5,6,135,191.0,248.9260990204169
BE5,6,136,119.0,259.77193473690244
BE5,6,137,28.0,134.27613641757475
BE5,6,138,159.0,322.9041687625882
BE5,6,139,147.0,192.0380411794795
BE5,6,140,117.0,340.556966698405
BE5,6,141,84.0,252.70470784614614
BE5,6,142,227.0,215.42465750001654
BE5,6,143,150.0,-70.19910167766334
BE5,6,144,149.0,-70.81686454119802
BE5,6,145,85.0,-62.83478795217314
BE5,6,146,79.0,-151.35496665656638
BE5,6,147,207.0,273.67848286339944
BE5,6,148,229.0,-150.18300269658621
BE5,6,149,97.0,-126.42047624811008
BE5,6,150,246.0,-14.932922815874718
BE5,6,151,169.0,271.19667741503883
BE5,6,152,163.0,250.46106192151865
BE5,6,153,195.0,205.7193598607982
BE5,6,154,224.0,-107.91582786813953
BE5,6,155,69.0,249.8040867281337
BE5,6,156,209.0,-76.91320056123591
BE5,6,157,181.0,270.2232555967381
BE5,6,158,39.0,-141.7934606520223
BE5,6,159,311.0,242.28807945845668
BE5,6,160,125.0,247.9995649890033
BE5,6,161,105.0,245.9428030842414
BE5,6,162,179.0,127.6408610783888
BE5,6,163,181.0,296.1072334972906
BE5,6,164,94.0,194.29437349964158
BE5,6,165,210.0,187.21423165566998
BE5,6,166,47.0,161.40075647836503
BE5,6,167,84.0,-175.33100643956814
BE5,6,168,201.0,-135.89870366771308
BE5,6,169,95.0,45.489670252161226
BE5,6,170,153.0,247.1220747929249
BE5,6,171,149.0,227.79387371383552
BE5,6,172,203.0,239.71948617126932
BE5,6,173,243.0,209.97513700546423
BE5,6,174,178.0,-133.2535586065023
BE5,6,175,235.0,84.1284160528331
BE5,6,176,101.0,210.90697092959735
BE5,6,177,241.0,263.27910025871284
BE5,6,178,284.0,183.16094527069345
BE5,6,179,189.0,69.75232689376523
BE5,6,180,213.0,198.63160254768874
BE5,6,181,168.0,214.4547078461462
BE5,6,182,106.0,224.22492347956936
BE5,6,183,318.0,305.30353983177065
BE5,6,184,143.0,-157.99858885715057
BE5,6,185,412.0,249.8524193579354
BE5,6,186,87.0,82.43377188555506
BE5,6,187,100.0,145.7275649890033
BE5,6,188,79.0,92.36655233077548
BE5,6,189,167.0,242.78768474948234
BE5,6,190,161.0,55.78545318776109
BE5,6,191,159.0,92.91045807076435
BE5,6,192,151.0,138.33763121416885
BE5,6,193,385.0,113.3280844695228
BE5,6,194,246.0,-41.92885777522431
BE5,6,195,281.0,213.9827963057293
BE5,6,196,34.0,16.994623812532744
BE5,6,197,103.0,139.17766207638192
BE5,6,198,240.0,287.8183983223367
BE5,6,199,173.0,52.1423626768646
BE5,6,200,72.0,42.61145387789222
BE5,6,201,211.0,161.8996976904251
BE5,6,202,223.0,89.24666812801675
BE5,6,203,83.0,267.87166137454545
BE5,6,204,238.0,109.68369944278481
BE5,6,205,311.0,205.2848640243731
BE5,6,206,152.0,106.5909860416349
BE5,6,207,109.0,283.5264640715721
BE5,6,208,116.0,193.33032360969295
BE5,6,209,209.0,120.27340230957749
BE5,6,210,139.0,95.07058657173712
BE5,6,211,250.0,228.38356498900333
BE5,6,212,266.0,250.90395596644692
BE5,6,213,141.0,122.24472810957067
BE5,6,214,233.0,211.1222431005913
BE5,6,215,45.0,191.11423165566998
BE5,6,216,113.0,4.918361449180322
BE5,6,217,103.0,39.624264018129544
BE5,6,218,244.0,237.79838466113446
BE5,6,219,133.0,227.55433190629654
BE5,6,220,186.0,177.7884252040571
BE5,6,221,88.0,143.7112013526397
BE5,6,222,228.0,150.12826674338928
BE5,6,223,194.0,235.14653406116827
BE5,6,224,260.0,218.30141114284947
BE5,6,225,146.0,145.1420855369485
BE5,6,226,217.0,208.59871706273606
BE5,6,227,108.0,177.44941684085515
BE5,6,228,206.0,144.9737785812363
BE5,6,229,142.0,-130.34257585606713
BE5,6,230,151.0,191.2912735982748
BE5,6,231,50.0,-122.81243501099667
BE5,6,232,160.0,45.13506498900333
BE5,6,233,183.0,217.79838466113443
BE5,6,234,198.0,175.36776700920532
BE5,6,235,77.0,187.2631494045877
BE5,6,236,131.0,205.5269543019804
BE5,6,237,91.0,116.91349905493736
BE5,6,238,222.0,145.52324066467898
BE5,6,239,165.0,-78.31607137463304
BE5,6,240,69.0,84.8910432498729
BE5,6,241,130.0,140.3321803736187
BE5,6,242,318.0,191.6085712783115
BE5,6,243,214.0,-84.36271538482848
BE5,6,244,209.0,202.62746929522342
BE5,6,245,128.0,-4.300872510996669
BE5,6,246,191.0,113.40777441308707
BE5,6,247,144.0,-62.88854612210778
BE5,6,248,247.0,189.25647187159439
BE5,6,249,205.0,117.80854059875941
BE5,6,250,268.0,199.17592319795855
BE5,6,251,165.0,184.27786801930634
BE5,6,252,67.0,233.83263961586897
BE5,6,253,180.0,70.69200943344775
BE5,6,254,305.0,25.939368267691854
BE5,6,255,197.0,150.28411321235356
BE5,6,256,207.0,-6.9543673781464275
BE5,6,257,138.0,191.93452151074246
BE5,6,258,384.0,136.33975248900333
BE5,6,259,186.0,203.82605961265924
BE5,6,260,264.0,94.3172619587003
BE5,6,261,175.0,202.59042213186044
BE5,6,262,156.0,78.12320601464435
BE5,6,263,74.0,56.698916340354685
BE5,6,264,173.0,53.015195046806795
BE5,6,265,214.0,192.3101818114332
BE5,6,266,316.0,113.09123587507926
BE5,6,267,101.0,-180.11283105060068
BE5,6,268,170.0,102.31815322429743
BE5,6,269,184.0,-7.065478489257538
BE5,6,270,193.0,109.04963752786342
BE5,6,271,154.0,17.782629924068267
BE5,6,272,120.0,89.46423165566999
BE5,6,273,240.0,1.1058983223366643
BE5,6,274,208.0,128.96294960438794
BE5,6,275,160.0,-159.17743501099667
BE5,6,276,170.0,133.71815322429742
BE5,6,277,138.0,-78.76837703998217
BE5,6,278,263.0,-16.749393185901614
BE5,6,279,190.0,135.9791439363717
BE5,6,280,201.0,74.44457991437646
BE5,6,281,269.0,24.52414491465389
BE5,6,282,108.0,108.36608350752182
BE5,6,283,58.0,-19.61795225237598
BE5,6,284,162.0,125.84139214949715
BE5,6,285,334.0,110.04516977942248
BE5,6,286,114.0,137.12826674338928
BE5,6,287,316.0,47.47098271052232
BE5,6,288,215.0,-217.28266756913624
BE5,6,289,215.0,156.14989057039864
BE5,6,290,103.0,120.20678828997414
BE5,6,291,223.0,-70.55153815001015
BE5,6,292,118.0,-103.4151468754035
BE5,6,293,207.0,139.35964228368928
BE5,6,294,80.0,87.07256498900333
BE5,6,295,137.0,-222.1159386606317
BE5,6,296,155.0,76.9636940212614
BE5,6,297,129.0,90.64601460140642
BE5,6,298,467.0,31.695530727761362
BE5,6,299,399.0,-68.27022949721223
BE5,6,300,150.0,34.80756498900333
BE5,6,301,139.0,64.0921693055501
BE5,6,302,65.0,29.30910345054179
BE5,6,303,186.0,66.57337144061623
BE5,6,304,269.0,113.49440513770222
BE5,6,305,306.0,21.909656492271306
BE5,6,306,128.0,-223.12899751099667
BE5,6,307,174.0,64.75561096601483
BE5,6,308,128.0,46.08975248900333
BE5,6,309,55.0,3.0839286253669673
BE5,6,310,115.0,72.88234759769895
BE5,6,311,217.0,-10.235384319752429
BE5,6,312,138.0,-21.96402921389522
BE5,6,313,304.0,-13.514277116259827
BE5,6,314,148.0,-4.672705281266939
BE5,6,315,292.0,105.34414033146908
BE5,6,316,123.0,19.343499948352925
BE5,6,317,88.0,-221.0047077382694
BE5,6,318,115.0,-235.9698263153445
BE5,6,319,157.0,15.949475817028809
BE5,6,320,50.0,29.127564989003332
BE5,6,321,284.0,13.713762172101923
BE5,6,322,248.0,-121.0838866238999
BE5,6,323,135.0,16.751268692707036
BE5,6,324,146.0,-38.686681586339134
BE5,6,325,200.0,43.79256498900333
BE5,6,326,347.0,14.003184585545117
BE5,6,327,56.0,28.883279274717616
BE5,6,328,334.0,-67.64944099902061
BE5,6,329,155.0,-105.55888662389991
BE5,6,330,175.0,33.05327927471762
BE5,6,331,76.0,-39.33664553731246
BE5,6,332,100.0,12.337564989003331
BE5,6,333,222.0,17.07729471873306
BE5,6,334,177.0,60.0961525596248
BE5,6,335,127.0,6.666462626798607
BE5,6,336,175.0,50.881850703289054
BE5,6,337,307.0,-78.98631123249504
BE5,6,338,191.0,-197.419450717803
BE5,6,339,160.0,24.77881498900333
BE5,6,340,199.0,37.95309262719429
BE5,6,341,220.0,-56.30243501099667
BE5,6,342,105.0,4.323755465193807
BE5,6,343,65.0,-297.78320424176593
BE5,6,344,145.0,-80.71105570065185
BE5,6,345,73.0,-266.57709254524326
BE5,6,346,128.0,-81.00399751099667
BE5,6,347,111.0,21.15387129530964
BE5,6,348,242.0,-64.15656724240162
BE5,6,349,88.0,-25.81152592008758
BE5,6,350,156.0,-34.38961449817616
BE5,6,351,67.0,-100.15243501099667
BE5,6,352,239.0,-18.616870157440182
BE5,6,353,124.0,-150.99114468841606
BE5,6,354,313.0,-82.5997193560446
BE5,6,355,370.0,-123.54162420018586
BE5,6,356,111.0,-21.02630888487054
BE5,6,357,106.0,-122.86941614307216
BE5,6,358,142.0,-23.265111067334697
BE5,6,359,213.0,-172.1524350109967
BE5,6,360,193.0,-103.23015521825056
BE5,6,361,88.0,-68.28879864736031
BE5,6,362,62.0,-112.71695114002893
BE5,6,363,85.0,-97.23478795217315
BE5,6,364,362.0,-133.50326374027844
BE5,6,365,131.0,-264.04556478198907
BE5,6,366,85.0,-214.64655265805555
BE5,6,367,110.0,-81.47970773826944
BE5,6,368,64.0,-66.71493501099667
BE5,7,1,126.0,-246.67196122339027
BE5,7,2,214.0,-197.16484061813878
BE5,7,3,306.0,94.94428527520925
BE5,7,4,207.0,60.72106845224818
BE5,7,5,104.0,45.535914234485276
BE5,7,6,251.0,33.177118647602036
BE5,7,7,177.0,83.94910415191248
BE5,7,8,115.0,25.382904201040457
BE5,7,9,221.0,3.1230183068834623
BE5,7,10,192.0,90.5214911575622
BE5,7,11,115.0,73.91333898364915
BE5,7,12,250.0,159.21699115756218
BE5,7,13,49.0,189.71919523919485
BE5,7,14,94.0,164.1345230724558
BE5,7,15,150.0,73.19565782422886
BE5,7,16,126.0,112.95502290359394
BE5,7,17,183.0,193.59696929963863
BE5,7,18,206.0,193.69928241969805
BE5,7,19,178.0,-28.397750415471513
BE5,7,20,139.0,201.13704871151904
BE5,7,21,273.0,257.75477870334976
BE5,7,22,170.0,127.30310880462102
BE5,7,23,185.0,107.05763980621083
BE5,7,24,203.0,336.9873162807149
BE5,7,25,160.0,343.5089911575622
BE5,7,26,117.0,119.37993132850237
BE5,7,27,195.0,84.12693987551093
BE5,7,28,223.0,-107.28876668997142
BE5,7,29,103.0,87.5099620313486
BE5,7,30,201.0,-197.28852128024877
BE5,7,31,210.0,-121.91958027100924
BE5,7,32,61.0,254.35653214116874
BE5,7,33,213.0,295.36392073502697
BE5,7,34,296.0,-179.9633061397351
BE5,7,35,215.0,315.7578283668645
BE5,7,36,138.0,-130.2910088424378
BE5,7,37,154.0,419.9947054432765
BE5,7,38,185.0,415.4522344008054
BE5,7,39,130.0,277.79360654217754
BE5,7,40,115.0,359.8176868097361
BE5,7,41,148.0,12.567099265670304
BE5,7,42,218.0,434.67229390985574
BE5,7,43,85.0,432.64428527520914
BE5,7,44,230.0,377.1307302879969
BE5,7,45,204.0,152.59134409873863
BE5,7,46,206.0,398.3546222255233
BE5,7,47,84.0,76.89946734803839
BE5,7,48,208.0,69.19937577294681
BE5,7,49,195.0,194.46027320884423
BE5,7,50,121.0,194.33295809971094
BE5,7,51,291.0,-285.8459916603072
BE5,7,52,318.0,388.3913810946691
BE5,7,53,195.0,-274.05254730397627
BE5,7,54,76.0,-281.7252193687537
BE5,7,55,277.0,-21.404727253990153
BE5,7,56,160.0,374.9464911575622
BE5,7,57,193.0,308.9136543699974
BE5,7,58,98.0,37.178378912664236
BE5,7,59,248.0,86.31786212530413
BE5,7,60,273.0,357.062471011042
BE5,7,61,84.0,360.0304197289907
BE5,7,62,155.0,330.59608793175573
BE5,7,63,255.0,398.35016762815036
BE5,7,64,229.0,112.61510469468008
BE5,7,65,216.0,80.13491708348812
BE5,7,66,184.0,54.72529550538828
BE5,7,67,176.0,41.81694570301674
BE5,7,68,215.0,115.74387487849243
BE5,7,69,244.0,-326.7377301539132
BE5,7,70,171.0,-25.235453286882247
BE5,7,71,137.0,9.552056850992852
BE5,7,72,72.0,32.84788004645108
BE5,7,73,111.0,-50.04326109469006
BE5,7,74,320.0,15.868366157562196
BE5,7,75,45.0,-72.45767550910448
BE5,7,76,184.0,9.497034635823065
BE5,7,77,212.0,-168.11648054055104
BE5,7,78,91.0,-208.5492506006796
BE5,7,79,213.0,-166.3966426452547
BE5,7,80,115.0,-179.30405232069873
BE5,7,81,238.0,-147.76579875840423
BE5,7,82,125.0,-119.4870088424378
BE5,8,1,77.0,-244.94776735588104
BE5,8,2,339.0,-105.77460718272083
BE5,8,3,109.0,-204.19356742736917
BE5,8,4,112.0,-307.02163099224464
BE5,8,5,187.0,-195.15785138949443
BE5,8,6,188.0,-299.94659299832364
BE5,8,7,211.0,-10.91520749867657
BE5,8,8,166.0,-377.6521172228815
BE5,8,9,234.0,-161.64640205451568
BE5,8,10,144.0,-243.65655162716524
BE5,8,11,179.0,-141.97200010637073
BE5,8,12,171.0,-140.74536741663894
BE5,8,13,244.0,-33.13389680020715
BE5,8,14,252.0,-79.73095638907002
BE5,8,15,312.0,36.09718768907407
BE5,8,16,349.0,-258.19485551127855
BE5,8,17,217.0,-102.96201117657641
BE5,8,18,272.0,51.032990856494884
BE5,8,19,157.0,25.60968156462527
BE5,8,20,183.0,-193.85110991496128
BE5,8,21,92.0,-241.65866515373534
BE5,8,22,230.0,-383.23692602330044
BE5,8,23,180.0,-61.546829404943026
BE5,8,24,151.0,-81.40816126660602
BE5,8,25,229.0,-162.55917777951848
BE5,8,26,398.0,22.64666584910499
BE5,8,27,250.0,-98.45327384938747
BE5,8,28,116.0,-38.8378255735254
BE5,8,29,289.0,-35.538159662536266
BE5,8,30,62.0,-347.6832093332585
BE5,8,31,136.0,-22.94127384938747
BE5,8,32,102.0,-104.82362679056399
BE5,8,33,76.0,-18.336010691492735
BE5,8,34,227.0,-35.46330028110553
BE5,8,35,224.0,-319.72252384938747
BE5,8,36,267.0,89.15797708694213
BE5,8,37,231.0,46.59335818524457
BE5,8,38,135.0,-4.878310886424508
BE5,8,39,195.0,-43.10281231092593
BE5,8,40,236.0,21.643471913324394
BE5,8,41,285.0,103.16925246640199
BE5,8,42,431.0,116.84410898123897
BE5,8,43,363.0,74.99949750047479
BE5,8,44,229.0,110.37095322484832
BE5,8,45,186.0,-312.63482223648424
BE5,8,46,132.0,-276.0170314251451
BE5,8,47,153.0,-278.121012411479
BE5,8,48,229.0,176.84693575759943
BE5,8,49,152.0,-307.02680016517695
BE5,8,50,376.0,138.47893891656997
BE5,8,51,153.0,-245.08833267291692
BE5,8,52,158.0,73.19163754301759
BE5,8,53,295.0,138.5180481845108
BE5,8,54,213.0,170.76060408488482
BE5,8,55,25.0,159.15872615061252
BE5,8,56,146.0,64.75050697253033
BE5,8,57,272.0,56.49622615061253
BE5,8,58,202.0,-291.7581055325558
BE5,8,59,211.0,171.38811003686843
BE5,8,60,478.0,214.11521150626106
BE5,8,61,296.0,100.6871045289909
BE5,8,62,172.0,-266.8133668726433
BE5,8,63,358.0,162.61459207240023
BE5,8,64,160.0,71.20872615061253
BE5,8,65,250.0,64.06272615061253
BE5,8,66,203.0,142.9971497959327
BE5,8,67,250.0,-119.71327384938748
BE5,8,68,29.0,60.17941580578494
BE5,8,69,291.0,129.88175020559532
BE5,8,70,221.0,-91.89828742404812
BE5,8,71,314.0,92.10968156462526
BE5,8,72,40.0,149.18372615061253
BE5,8,73,144.0,67.86428170616809
BE5,8,74,322.0,179.05872615061253
BE5,8,75,345.0,239.06017542597485
BE5,8,76,206.0,-27.722827247445725
BE5,8,77,166.0,-70.76055095782121
BE5,8,78,268.0,125.55872615061251
BE5,8,79,313.0,127.23923733272115
BE5,8,80,231.0,121.64097723286358
BE5,8,81,144.0,164.16983726172364
BE5,8,82,203.0,-10.500387149880082
BE5,8,83,138.0,185.96452325206178
BE5,8,84,382.0,101.30741725008896
BE5,8,85,46.0,166.16742180278644
BE5,8,86,174.0,144.4897606333711
BE5,8,87,216.0,259.10965207653845
BE5,8,88,196.0,195.8087261506125
BE5,8,89,203.0,99.92325817031696
BE5,8,90,38.0,154.40083141377042
BE5,8,91,200.0,-29.081273849387472
BE5,8,92,172.0,107.11105173200785
BE5,8,93,65.0,120.35872615061253
BE5,8,94,303.0,244.60163044104155
BE5,8,95,353.0,165.07997260953604
BE5,8,96,148.0,-125.46154411965776
BE5,8,97,227.0,152.43097284664773
BE5,8,98,204.0,-115.70107777095612
BE5,8,99,186.0,254.98883367749423
BE5,8,100,205.0,-105.57785921524115
BE5,8,101,165.0,130.58296857485493
BE5,8,102,53.0,178.23797143363132
BE5,8,103,187.0,8.221827754890604
BE5,8,104,165.0,205.32842312030948
BE5,8,105,387.0,232.04709824363576
BE5,8,106,203.0,196.46513009149922
BE5,8,107,212.0,287.8889148298578
BE5,8,108,83.0,-14.079828066254942
BE5,8,109,329.0,187.30340700167633
BE5,8,110,232.0,-225.6826531597323
BE5,8,111,252.0,-155.57222623033988
BE5,8,112,238.0,229.85284379767134
BE5,8,113,181.0,323.7244720069661
BE5,8,114,302.0,233.31700429630789
BE5,8,115,121.0,-163.77185236178417
BE5,8,116,328.0,279.2416529798808
BE5,8,117,165.0,-158.5503647584784
BE5,8,118,251.0,318.9451803338795
BE5,8,119,164.0,272.34531151646615
BE5,8,120,100.0,-66.49127384938747
BE5,8,121,169.0,209.02618177191428
BE5,8,122,323.0,217.0540821877642
BE5,8,123,214.0,-34.32445141948093
BE5,8,124,147.0,338.80362410979615
BE5,8,125,119.0,261.3234320329654
BE5,8,126,47.0,289.2395772144422
BE5,8,127,78.0,196.4048799967663
BE5,8,128,213.0,277.6009796717393
BE5,8,129,161.0,-123.19903782454276
BE5,8,130,215.0,199.9261680110776
BE5,8,131,210.0,85.98253567442204
BE5,8,132,137.0,-0.4266753092414859
BE5,8,133,191.0,-74.49886547242411
BE5,8,134,227.0,196.92877020347595
BE5,8,135,279.0,193.766611455272
BE5,8,136,340.0,58.92931438590664
BE5,8,137,135.0,-174.05608866420232
BE5,8,138,149.0,159.63926306336418
BE5,8,139,195.0,-140.4566584647721
BE5,8,140,207.0,182.10945078829369
BE5,8,141,196.0,235.28321594653087
BE5,8,142,184.0,250.77611745496034
BE5,8,143,116.0,254.82596752992285
BE5,8,144,282.0,164.94879707259832
BE5,8,145,141.0,279.88496728536427
BE5,8,146,216.0,-154.60794051605413
BE5,8,147,230.0,223.33263919409077
BE5,8,148,172.0,310.15756335991483
BE5,8,149,263.0,311.76785162589766
BE5,8,150,135.0,129.29946689135323
BE5,8,151,153.0,137.6567653662988
BE5,8,152,191.0,-140.07478170279066
BE5,8,153,259.0,1.4274520193383975
BE5,8,154,77.0,-174.09062449873818
BE5,8,155,172.0,42.28547033665904
BE5,8,156,271.0,256.44433500670107
BE5,8,157,127.0,238.40124583565185
BE5,8,158,303.0,157.58842912090955
BE5,8,159,117.0,107.33650392839027
BE5,8,160,327.0,93.93793104357889
BE5,8,161,75.0,66.11872615061253
BE5,8,162,215.0,-138.52499477962007
BE5,8,163,230.0,114.47611745496033
BE5,8,164,186.0,274.1608766882469
BE5,8,165,191.0,111.3545376689371
BE5,8,166,183.0,265.9849556588092
BE5,8,167,161.0,284.3413348462647
BE5,8,168,72.0,233.40594837283476
BE5,8,169,130.0,135.7510338429202
BE5,8,170,171.0,86.48855071201605
BE5,8,171,174.0,184.23688707015273
BE5,8,172,223.0,257.61702211473806
BE5,8,173,298.0,137.55872615061253
BE5,8,174,247.0,268.13362493603773
BE5,8,175,244.0,227.6570868063502
BE5,8,176,186.0,-229.0219190106778
BE5,8,177,299.0,111.35136829108076
BE5,8,178,284.0,140.65027544638716
BE5,8,179,252.0,259.16586900775536
BE5,8,180,41.0,174.11970176036863
BE5,8,181,96.0,212.9441428172792
BE5,8,182,282.0,234.2218467179884
BE5,8,183,150.0,238.93205948394584
BE5,8,184,209.0,222.15681227501446
BE5,8,185,205.0,20.363604199393016
BE5,8,186,175.0,22.23872615061253
BE5,8,187,208.0,83.13084153522792
BE5,8,188,145.0,21.248381323026322
BE5,8,189,106.0,216.56816011287665
BE5,8,190,195.0,91.20487999676637
BE5,8,191,273.0,193.9067114985979
BE5,8,192,252.0,34.44364678553316
BE5,8,193,73.0,-18.468671109661443
BE5,8,194,113.0,96.16934561963907
BE5,8,195,254.0,190.79100961517943
BE5,8,196,63.0,102.08253567442205
BE5,8,197,299.0,120.31792347502724
BE5,8,198,228.0,125.59381386991076
BE5,8,199,29.0,149.52424339199183
BE5,8,200,297.0,194.99643658832295
BE5,8,201,123.0,-52.18111124776146
BE5,8,202,177.0,207.45138151784417
BE5,8,203,192.0,-21.29544051605414
BE5,8,204,214.0,202.50265138425738
BE5,8,205,252.0,173.76507535696172
BE5,8,206,212.0,163.3700469053295
BE5,8,207,160.0,104.66497615061253
BE5,8,208,144.0,150.73233726172364
BE5,8,209,232.0,-111.32058419421506
BE5,8,210,427.0,191.40884324663128
BE5,8,211,329.0,149.77453162173714
BE5,8,212,184.0,-36.94670863199617
BE5,8,213,332.0,155.8749912108535
BE5,8,214,121.0,155.2694699522654
BE5,8,215,225.0,116.63872615061253
BE5,8,216,126.0,-25.814289722403345
BE5,8,217,219.0,147.28018733782713
BE5,8,218,124.0,-38.36869320422618
BE5,8,219,214.0,165.4138663375284
BE5,8,220,133.0,81.41586900775538
BE5,8,221,186.0,104.22539281727919
BE5,8,222,281.0,181.42705355274774
BE5,8,223,156.0,-253.3964020545157
BE5,8,224,215.0,-16.534297105201425
BE5,8,225,202.0,70.3211023882363
BE5,8,226,276.0,-256.78909993634403
BE5,8,227,227.0,-40.92585534718482
BE5,8,228,144.0,-81.3996071827208
BE5,8,229,217.0,-187.47353191390363
BE5,8,230,163.0,57.055658665949956
BE5,8,231,117.0,-191.61221402032768
BE5,8,232,128.0,15.660288650612529
BE5,8,233,195.0,-28.80024820836183
BE5,8,234,74.0,-63.11694952506315
BE5,8,235,52.0,-279.2297353878491
BE5,8,236,222.0,-89.01785042596407
BE5,8,237,139.0,-284.95925946089824
BE5,8,238,182.0,-42.391823299936924
BE5,8,239,263.0,-108.51731947676389
BE5,8,240,156.0,-182.26178666990032
BE5,8,241,326.0,-124.85231679417276
BE5,8,242,130.0,27.78949538138176
BE5,8,243,53.0,51.16249973551819
BE5,8,244,69.0,-70.18040428417008
BE5,8,245,46.0,95.64568267235165
BE5,8,246,68.0,-92.82362679056394
BE5,8,247,105.0,17.53967853156491
BE5,8,248,220.0,3.9632716051579835
BE5,8,249,66.0,0.30115039303677116
BE5,8,250,123.0,-14.742086857517553
BE5,8,251,336.0,-2.0573452779588997
BE5,8,252,115.0,-12.26736080590921
BE5,8,253,171.0,-98.54068905406585
BE5,8,254,131.0,-0.021426521143196466
BE5,8,255,207.0,-132.1852352020445
BE5,8,256,119.0,-74.77740830316904
BE5,8,257,165.0,-79.55036475847838
BE5,8,258,70.0,-56.226988135101756
BE5,8,259,374.0,-131.63111342158
BE5,8,260,111.0,-45.34217475028837
BE5,8,261,202.0,-44.13434315631817
BE5,8,262,135.0,-38.75238496049858
BE5,8,263,118.0,-111.61076537481125
BE5,8,264,183.0,-121.09154707343122
BE5,8,265,151.0,-76.95120762422192
BE5,8,266,65.0,-67.59512000323363
BE5,9,1,57.0,-217.42789325210623
BE5,9,2,244.0,-207.99483314281662
BE5,9,3,271.0,-429.69111588433253
BE5,9,4,122.0,-78.9497511756035
BE5,9,5,178.0,-2.935383888810331
BE5,9,6,320.0,-1.3768515854395447
BE5,9,7,164.0,52.549749024316554
BE5,9,8,196.0,45.07550810843801
BE5,9,9,55.0,5.202409778196819
BE5,9,10,251.0,-211.95644570894552
BE5,9,11,257.0,84.37885123557213
BE5,9,12,292.0,-518.60026768133
BE5,9,13,130.0,159.13108110686812
BE5,9,14,93.0,-332.6644523918912
BE5,9,15,268.0,-273.1492862869321
BE5,9,16,269.0,212.90791839597307
BE5,9,17,279.0,115.92694545757118
BE5,9,18,111.0,171.4279626037496
BE5,9,19,249.0,223.82913486034357
BE5,9,20,97.0,-137.16328844110967
BE5,9,21,56.0,-94.8683694425824
BE5,9,22,298.0,-50.65384403510397
BE5,9,23,261.0,-54.91065187279587
BE5,9,24,73.0,52.86891040086183
BE5,9,25,263.0,105.68364033471255
BE5,9,26,134.0,210.49996744441117
BE5,9,27,274.0,151.19497779412248
BE5,9,28,201.0,305.8606639618241
BE5,9,29,284.0,321.06975933005344
BE5,9,30,225.0,178.13210674789377
BE5,9,31,128.0,233.02783591456046
BE5,9,32,126.0,233.98480516059215
BE5,9,33,280.0,368.61377341456046
BE5,9,34,163.0,-28.68147198421255
BE5,9,35,145.0,196.23187686283632
BE5,9,36,382.0,211.67071058733532
BE5,9,37,453.0,232.2122833483353
BE5,9,38,245.0,7.304079537009435
BE5,9,39,337.0,95.47319477954562
BE5,9,40,261.0,234.62191517701254
BE5,9,41,87.0,177.67555502375578
BE5,9,42,313.0,120.48477980433681
BE5,9,43,392.0,268.0321407614992
BE5,9,44,55.0,337.4024097781967
BE5,9,45,210.0,193.96258293836996
BE5,9,46,173.0,118.74166358797085
BE5,9,47,276.0,371.68442558847346
BE5,9,48,280.0,-91.00051229972526
BE5,9,49,362.0,194.08131485102453
BE5,9,50,419.0,182.36765169618337
BE5,9,51,312.0,191.38300418379123
BE5,9,52,243.0,371.7531767067415
BE5,9,53,199.0,220.2839995452137
BE5,9,54,144.0,353.44016230344937
BE5,9,55,293.0,18.91795430193247
BE5,9,56,298.0,437.69514925348665
BE5,9,57,343.0,137.45743230668873
BE5,9,58,160.0,229.92002341456046
BE5,9,59,366.0,245.72237997193747
BE5,9,60,323.0,285.8455845600713
BE5,9,61,419.0,41.72564692291368
BE5,9,62,198.0,345.95089462668165
BE5,9,63,182.0,105.99152066730768
BE5,9,64,217.0,-64.5630699034119
BE5,9,65,150.0,-267.76789325210626
BE5,9,66,302.0,-258.20162393643295
BE5,9,67,56.0,-115.08265515686811
BE5,9,68,269.0,-28.49728606499345
BE5,9,69,213.0,-255.6438556934208
BE5,9,70,160.0,362.93877341456044
BE5,9,71,251.0,285.56945070539706
BE5,9,72,139.0,401.41143528506404
BE5,9,73,124.0,402.97264438230235
BE5,9,74,248.0,296.74683793068954
BE5,9,75,309.0,341.7727539970847
BE5,9,76,154.0,279.26474744053445
BE5,9,77,173.0,-306.2236543311043
BE5,9,78,190.0,197.44403657245516
BE5,9,79,298.0,291.93340428704363
BE5,9,80,69.0,24.10833863195176
BE5,9,81,275.0,-253.67395385816684
BE5,9,82,290.0,209.75946306973287
BE5,9,83,316.0,41.77674809810476
BE5,9,84,216.0,211.07673637752342
BE5,9,85,130.0,174.5926195684066
BE5,9,86,239.0,221.7994428706274
BE5,9,87,110.0,-392.4430447672578
BE5,9,88,239.0,-119.74030608334752
BE5,9,89,253.0,-27.15648350243559
BE5,9,90,132.0,-89.2536508278638
BE5,9,91,177.0,-383.52958816736043
BE5,9,92,165.0,-381.04001446422745
BE5,9,93,448.0,-150.88622658543954
BE5,9,94,244.0,-48.22434133953791
BE5,9,95,110.0,43.74786432365136
BE5,9,96,229.0,-4.237209118190636
BE5,9,97,255.0,94.4113224341683
BE5,9,98,148.0,-2.017983342196301
BE5,9,99,228.0,-139.80947219947464
BE5,9,100,356.0,16.165739706695287
BE5,9,101,146.0,-42.213281379960094
BE5,9,102,135.0,-54.620485844698806
BE5,9,103,185.0,-26.588253612466573
BE5,9,104,191.0,-161.9025878419841
BE5,9,105,233.0,29.63362319996818
BE5,9,106,196.0,-175.29694087115385
BE5,9,107,48.0,-198.82372658543954
BE5,9,108,161.0,-320.76122658543954
BE5,9,109,104.0,-178.472765046978
BE5,9,110,131.0,-414.9138983411648
BE5,9,111,193.0,-149.0565633730043
BE5,9,112,293.0,-151.6690764147911
BE5,9,113,230.0,-271.99166136804826
BE5,9,114,222.0,-418.0179833421963
BE5,9,115,148.0,-73.52474009895306
BE5,9,116,46.0,-273.6525309332657
BE10,1,1,282.0,-409.40933575989226
BE10,1,2,97.0,-372.0636824733528
BE10,1,3,179.0,-284.47778141938744
BE10,1,4,151.0,-145.46868008378496
BE10,1,5,212.0,-78.62996335255914
BE10,1,6,51.0,2.9367218120727485
BE10,1,7,622.0,-5.8107405169102915
BE10,1,8,331.0,-288.55513293586876
BE10,1,9,389.0,-59.34232451082659
BE10,1,10,115.0,-426.3423915724115
BE10,1,11,437.0,-28.434840084997294
BE10,1,12,599.0,-120.73590249641528
BE10,1,13,265.0,-300.26298222048365
BE10,1,14,117.0,-35.301588896826196
BE10,1,15,439.0,-11.662724344522008
BE10,1,16,249.0,-41.69639890609404
BE10,1,17,314.0,-428.4586197640482
BE10,1,18,400.0,-108.54043505067234
BE10,1,19,302.0,-412.8362297526591
BE10,1,20,189.0,-286.62474721998456
BE10,1,21,259.0,1.4789278836905848
BE10,1,22,237.0,-282.14741817303525
BE10,1,23,113.0,-308.01295717456617
BE10,1,24,227.0,-158.60080950001156
BE10,1,25,223.0,-251.05633191165893
BE10,1,26,433.0,23.248952940089772
BE10,1,27,409.0,15.591019717053811
BE10,1,28,418.0,-129.0606982085671
BE10,1,29,313.0,29.183542585110395
BE10,1,30,72.0,-273.12210171733904
BE10,1,31,372.0,-165.7914565560487
BE10,1,32,202.0,-288.0643459417615
BE10,1,33,265.0,-139.82901995633273
BE10,1,34,309.0,23.803464625703054
BE10,1,35,310.0,83.24456494932764
BE10,1,36,403.0,13.24183542079167
BE10,1,37,317.0,-327.54060855224964
BE10,1,38,187.0,-338.60516767099324
BE10,1,39,182.0,-270.6807097759471
BE10,1,40,318.0,-229.81392561671012
BE10,1,41,561.0,21.524957106190396
BE10,1,42,78.0,54.12148802625073
BE10,1,43,313.0,-6.631153900512605
BE10,1,44,231.0,-142.93162552686286
BE10,1,45,276.0,-78.7670292535709
BE10,1,46,202.0,-246.46038554572186
BE10,1,47,339.0,100.84839975758725
BE10,1,48,257.0,87.54067389874399
BE10,1,49,165.0,-294.21907141430876
BE10,1,50,278.0,-67.70723361182343
BE10,1,51,66.0,-253.28876838400572
BE10,1,52,166.0,-318.6602543277808
BE10,1,53,35.0,-273.76972076495815
BE10,1,54,469.0,-9.768867886493245
BE10,1,55,193.0,-287.7818599211387
BE10,1,56,240.0,82.36956494932765
BE10,1,57,325.0,-304.25235812759547
BE10,1,58,328.0,-249.58348383116018
BE10,1,59,317.0,-285.8529113913664
BE10,1,60,426.0,-22.899097022503334
BE10,1,61,411.0,110.43020971818409
BE10,1,62,167.0,-99.37759073929514
BE10,1,63,260.0,-365.56697351221084
BE10,1,64,290.0,-87.60371091274132
BE10,1,65,296.0,132.65605143581413
BE10,1,66,373.0,124.09148183940806
BE10,1,67,301.0,106.84689053072299
BE10,1,68,40.0,-115.35543505067236
BE10,1,69,246.0,-328.95543505067235
BE10,1,70,386.0,-60.958025724247484
BE10,1,71,381.0,-78.09323032626291
BE10,1,72,323.0,158.03992098647936
BE10,1,73,348.0,141.8434155240403
BE10,1,74,448.0,155.43072566361337
BE10,1,75,381.0,137.0590006448657
BE10,1,76,480.0,155.18623161599433
BE10,1,77,245.0,-8.99012892822337
BE10,1,78,285.0,101.51298600195922
BE10,1,79,229.0,115.36552564801758
BE10,1,80,411.0,-293.06127446673077
BE10,1,81,230.0,120.9576084275885
BE10,1,82,536.0,137.70874405380528
BE10,1,83,239.0,-3.3633848414673286
BE10,1,84,446.0,36.679094097309715
BE10,1,85,455.0,105.67643308119577
BE10,1,86,189.0,161.75620516096785
BE10,1,87,349.0,29.260897327551145
BE10,1,88,369.0,22.097410477782937
BE10,1,89,956.0,165.00900009577117
BE10,1,90,628.0,152.40284520410472
BE10,1,91,198.0,-260.64230373754106
BE10,1,92,137.0,18.150404365386045
BE10,1,93,297.0,149.56139996616267
BE10,1,94,252.0,139.5207554255181
BE10,1,95,450.0,163.13123161599432
BE10,1,96,447.0,106.05910633635224
BE10,1,97,403.0,112.64133914287603
BE10,1,98,248.0,85.61311333642442
BE10,1,99,28.0,96.08027923504194
BE10,1,100,464.0,48.44758219070696
BE10,1,101,228.0,-174.79754031383027
BE10,1,102,390.0,157.7086675134302
BE10,1,103,398.0,-226.7393546486623
BE10,1,104,256.0,156.69300244932765
BE10,1,105,250.0,167.99256494932763
BE10,1,106,288.0,176.56192606043876
BE10,1,107,431.0,157.42855566858518
BE10,1,108,614.0,118.6097115291322
BE10,1,109,315.0,-144.43321282845014
BE10,1,110,575.0,214.19152147106678
BE10,1,111,456.0,219.6717579317838
BE10,1,112,250.0,92.43256494932764
BE10,1,113,385.0,-19.69439608963339
BE10,1,114,383.0,106.5550088135574
BE10,1,115,344.0,191.12886727490906
BE10,1,116,240.0,129.69873161599432
BE10,1,117,254.0,101.79653345326464
BE10,1,118,193.0,11.358036451918323
BE10,1,119,283.0,236.01099604473401
BE10,1,120,357.0,228.0459655095517
BE10,1,121,257.0,193.88308635010586
BE10,1,122,270.0,238.68530569006836
BE10,1,123,98.0,64.00374862279703
BE10,1,124,426.0,168.49761659252016
BE10,1,125,637.0,256.30594642499483
BE10,1,126,285.0,233.91649477388904
BE10,1,127,506.0,172.10582977146203
BE10,1,128,286.0,28.80330620806891
BE10,1,129,853.0,139.85992251087512
BE10,1,130,420.0,99.91599352075622
BE10,1,131,279.0,-99.46618773884438
BE10,1,132,111.0,125.1571775619402
BE10,1,133,88.0,204.02183767660037
BE10,1,134,380.0,280.9524596861698
BE10,1,135,371.0,176.42327114878856
BE10,1,136,206.0,227.9523319396189
BE10,1,137,101.0,-67.55444495166245
BE10,1,138,365.0,203.56100330549202
BE10,1,139,226.0,280.52244105552234
BE10,1,140,233.0,270.85357782486415
BE10,1,141,331.0,263.68655890703155
BE10,1,142,347.0,195.97684160638815
BE10,1,143,276.0,-89.44094229704916
BE10,1,144,299.0,188.19673886237112
BE10,1,145,212.0,-99.61581240916293
BE10,1,146,93.0,91.12521011061796
BE10,1,147,167.0,252.17330746429766
BE10,1,148,266.0,223.39418900947803
BE10,1,149,89.0,221.24119416281079
BE10,1,150,225.0,39.135676060438755
BE10,1,151,249.0,185.452195471416
BE10,1,152,412.0,107.2897105803956
BE10,1,153,111.0,-109.6356152308526
BE10,1,154,513.0,278.3671770350976
BE10,1,155,337.0,288.89768067633065
BE10,1,156,267.0,-125.5078695076012
BE10,1,157,201.0,-148.82856937903057
BE10,1,158,280.0,177.99813637789907
BE10,1,159,339.0,237.03424046555182
BE10,1,160,417.0,57.530176460119016
BE10,1,161,458.0,132.78473962181673
BE10,1,162,226.0,239.0401401705666
BE10,1,163,398.0,212.23049459756885
BE10,1,164,322.0,-146.6728263550202
BE10,1,165,477.0,196.60745803108864
BE10,1,166,344.0,266.69282076328113
BE10,1,167,64.0,184.40393994932765
BE10,1,168,327.0,224.1317209126304
BE10,1,169,368.0,291.63967364497984
BE10,1,170,211.0,162.99954125264517
BE10,1,171,136.0,36.52250612579824
BE10,1,172,239.0,236.84163607903474
BE10,1,173,216.0,119.80845383821654
BE10,1,174,452.0,274.4273083121595
BE10,1,175,371.0,63.81680214609315
BE10,1,176,221.0,212.18709888597922
BE10,1,177,269.0,80.30664673371426
BE10,1,178,365.0,209.188400565766
BE10,1,179,403.0,124.65126470118868
BE10,1,180,382.0,222.48435552524384
BE10,1,181,199.0,45.810896607619114
BE10,1,182,84.0,39.11599352075622
BE10,1,183,435.0,234.2847948343851
BE10,1,184,107.0,36.13334999605662
BE10,1,185,343.0,182.7428156781906
BE10,1,186,483.0,278.45139724746423
BE10,1,187,230.0,217.07065190584936
BE10,1,188,273.0,232.26251366727635
BE10,1,189,458.0,254.7519885301137
BE10,1,190,336.0,283.79158875885145
BE10,1,191,490.0,88.79150372483785
BE10,1,192,157.0,203.96494711493273
BE10,1,193,77.0,179.77833118309383
BE10,1,194,414.0,217.67258427299913
BE10,1,195,498.0,198.81564928667706
BE10,1,196,374.0,240.6889499760656
BE10,1,197,452.0,254.48704282543383
BE10,1,198,438.0,221.23406266622263
BE10,1,199,304.0,256.7879860019592
BE10,1,200,251.0,-100.69846293911856
BE10,1,201,91.0,-44.99389658913389
BE10,1,202,230.0,206.01413016671893
BE10,1,203,382.0,257.3613188760292
BE10,1,204,346.0,-63.374510195181024
BE10,1,205,203.0,-4.169720764958064
BE10,1,206,244.0,14.38472888375388
BE10,1,207,346.0,255.1428308452814
BE10,1,208,380.0,-85.87385610330394
BE10,1,209,369.0,150.848087984558
BE10,1,210,229.0,-49.407400116174536
BE10,1,211,154.0,257.54456494932765
BE10,1,212,396.0,234.64810030286299
BE10,1,213,60.0,20.661231615994318
BE10,1,214,266.0,-73.51182602811596
BE10,1,215,278.0,209.91147142414778
BE10,1,216,340.0,255.11515318462176
BE10,1,217,344.0,51.19282076328114
BE10,1,218,321.0,165.8155929867108
BE10,1,219,479.0,67.70114114974518
BE10,1,220,298.0,152.1553032043612
BE10,1,221,498.0,-49.44137882577275
BE10,1,222,341.0,215.10761480270008
BE10,1,223,317.0,239.31428103765572
BE10,1,224,535.0,249.87727522970147
BE10,1,225,206.0,-193.45543505067238
BE10,1,226,338.0,-36.78975457729957
BE10,1,227,265.0,185.8049423078182
BE10,1,228,449.0,226.2594869983254
BE10,1,229,242.0,56.05696164354253
BE10,1,230,144.0,-170.4484906062279
BE10,1,231,407.0,136.28412268888536
BE10,1,232,324.0,129.75444149253752
BE10,1,233,322.0,201.64394383131523
BE10,1,234,377.0,263.3350158777096
BE10,1,235,120.0,113.94456494932766
BE10,1,236,363.0,-150.46920915535554
BE10,1,237,185.0,189.40942981419252
BE10,1,238,246.0,122.81285763225446
BE10,1,239,488.0,174.03431904768829
BE10,1,240,249.0,-21.88113786191733
BE10,1,241,112.0,227.24099352075623
BE10,1,242,506.0,147.00306297304306
BE10,1,243,329.0,-151.26698520264804
BE10,1,244,370.0,40.80132170608441
BE10,1,245,363.0,168.32693409533314
BE10,1,246,439.0,140.72451939124107
BE10,1,247,362.0,232.66611191065363
BE10,1,248,307.0,247.2416333532364
BE10,1,249,188.0,165.98605431102976
BE10,1,250,110.0,155.09911040387306
BE10,1,251,418.0,138.29336877707885
BE10,1,252,399.0,-2.9291192611986654
BE10,1,253,300.0,-32.26876838400568
BE10,1,254,246.0,190.7762722664008
BE10,1,255,203.0,203.25885066361334
BE10,1,256,172.0,-81.01357458555609
BE10,1,257,338.0,166.26941702033355
BE10,1,258,293.0,115.14183457390101
BE10,1,259,301.0,74.5312759127828
BE10,1,260,296.0,203.895916300679
BE10,1,261,299.0,-106.53904709080614
BE10,1,262,245.0,108.16089147993988
BE10,1,263,357.0,-22.976443454033696
BE10,1,264,294.0,-63.65951668332541
BE10,1,265,422.0,91.05404362231344
BE10,1,266,211.0,-33.6402691738951
BE10,1,267,67.0,176.55949032246193
BE10,1,268,199.0,-96.66146520142615
BE10,1,269,51.0,145.58378063560215
BE10,1,270,241.0,168.86406702401644
BE10,1,271,86.0,-21.769388539044442
BE10,1,272,335.0,-121.58677833425446
BE10,1,273,314.0,-95.2484286812456
BE10,1,274,423.0,-4.46961944783547
BE10,1,275,306.0,-46.125369691195225
BE10,1,276,219.0,-8.574156511859565
BE10,1,277,544.0,58.43978553756295
BE10,1,278,242.0,90.33382114767475
BE10,1,279,287.0,-10.856131914783848
BE10,1,280,291.0,-20.809386940706712
BE10,1,281,100.0,-49.40543505067235
BE10,1,282,255.0,-22.627984070280192
BE10,1,283,486.0,116.78119046373094
BE10,1,284,198.0,-94.36452595976328
BE10,1,285,240.0,10.673731615994317
BE10,1,286,414.0,30.65567606043876
BE10,1,287,160.0,139.28831494932766
BE10,1,288,204.0,-37.73484681537823
BE10,1,289,330.0,118.72638313114582
BE10,1,290,90.0,103.56678717154985
BE10,1,291,418.0,44.48954102588267
BE10,1,292,498.0,34.042556917199136
BE10,1,293,273.0,35.30646971123241
BE10,1,294,304.0,-93.66267189277761
BE10,1,295,270.0,-10.029509124746424
BE10,1,296,283.0,-210.87239618141442
BE10,1,297,309.0,115.5219112276448
BE10,1,298,197.0,7.590250228515468
BE10,1,299,543.0,114.85027397326873
BE10,1,300,281.0,124.00008096356252
BE10,1,301,208.0,-222.8015888968262
BE10,1,302,297.0,32.33917774394044
BE10,1,303,343.0,126.78946290851131
BE10,1,304,502.0,123.96089961068223
BE10,1,305,422.0,112.20807205833238
BE10,1,306,185.0,-171.87165126688856
BE10,1,307,310.0,-193.51672537325302
BE10,1,308,190.0,-194.67648768225132
BE10,1,309,331.0,-146.18353172740953
BE10,1,310,292.0,-157.33899669450798
BE10,1,311,51.0,97.42691789050411
BE10,1,312,157.0,106.4171764142958
BE10,1,313,460.0,87.91195625367547
BE10,1,314,221.0,55.503840967427195
BE10,1,315,286.0,53.55155795632066
BE10,1,316,323.0,-176.49258675345874
BE10,1,317,341.0,81.64133914287603
BE10,1,318,217.0,-137.2757115483682
BE10,1,319,165.0,-12.679677474914774
BE10,1,320,388.0,-152.51471340118783
BE10,1,321,112.0,-48.69650647924378
BE10,1,322,88.0,-16.307707777945076
BE10,1,323,356.0,-105.39363729786336
BE10,1,324,245.0,-85.96563913230501
BE10,1,325,496.0,67.46795204610184
BE10,1,326,187.0,-40.90463291163491
BE10,1,327,135.0,-86.95913875437604
BE10,1,328,436.0,14.54456494932765
BE10,1,329,413.0,-86.41427282306945
BE10,1,330,93.0,-59.240381287231486
BE10,1,331,324.0,-62.21469430993161
BE10,1,332,400.0,-53.70043505067235
BE10,1,333,218.0,-51.82699468369987
BE10,1,334,290.0,40.34801322518972
BE10,1,335,60.0,-84.53876838400568
BE10,1,336,245.0,17.030279235041935
BE10,1,337,374.0,38.29857564451482
BE10,1,338,29.0,-51.35198677481028
BE10,1,339,470.0,-77.5660733485447
BE10,1,340,424.0,-8.078076560106311
BE10,1,341,238.0,-105.27896446243707
BE10,1,342,279.0,-225.63464652020642
BE10,1,343,279.0,-70.52711963848597
BE10,1,344,461.0,41.65085562177884
BE10,1,345,161.0,14.221583582868023
BE10,1,346,387.0,-112.15827742793334
BE10,1,347,150.0,-200.9754350506724
BE10,1,348,158.0,-73.36049834181159
BE10,1,349,370.0,-104.76624586148317
BE10,1,350,325.0,-50.66466581990312
BE10,1,351,231.0,11.38439178915449
BE10,1,352,352.0,-112.48952595976326
BE10,1,353,305.0,-128.08494324739365
BE10,1,354,186.0,-107.40167160981214
BE10,1,355,501.0,-88.7528402402931
BE10,1,356,121.0,-252.190972240755
BE10,1,357,66.0,-57.4099805052178
BE10,1,358,271.0,-264.51447564107826
BE10,1,359,284.0,-100.46247730419347
BE10,1,360,281.0,-141.88959875173998
BE10,1,361,276.0,-112.19818867386076
BE10,1,362,400.0,-3.2554350506723493
BE10,1,363,258.0,-66.76163660105995
BE10,1,364,478.0,-30.679284423057286
BE10,1,365,585.0,-130.42979402503133
BE10,1,366,85.0,-111.8319056389077
BE10,1,367,62.0,-117.31027376034977
BE10,1,368,362.0,-132.99963394569997
BE10,1,369,92.0,-138.21630461588978
BE10,1,370,332.0,-252.66627842416636
BE10,1,371,148.0,-151.40138099661831
BE10,1,372,344.0,-127.18508621346305
BE10,1,373,390.0,-55.46056325580055
BE10,1,374,261.0,-153.1182702997145
BE10,1,375,228.0,-65.77999645418113
BE10,1,376,118.0,-86.81136725406223
BE10,1,377,400.0,-264.64543505067235
BE10,1,378,537.0,-145.7906305813986
BE10,1,379,276.0,-178.00615968835353
BE10,1,380,284.0,-177.59980124785545
BE10,1,381,255.0,-105.60445465851548
BE10,1,382,293.0,-162.73188556261775
BE10,1,383,235.0,-68.16181802939576
BE10,1,384,205.0,-43.68470334335528
BE10,1,385,166.0,-167.79278444826275
BE10,1,386,68.0,-67.29367034479
BE10,10,1,341.0,570.0571782360046
BE10,10,2,351.0,383.1327979567858
BE10,10,3,299.0,196.03617959929784
BE10,10,4,192.0,167.19476376875159
BE10,10,5,224.0,65.79446614970395
BE10,10,6,144.0,2.76420821319602
BE10,10,7,269.0,64.41440441311339
BE10,10,8,145.0,89.19763733196996
BE10,10,9,310.0,118.4985272096118
BE10,10,10,240.0,38.561430435418245
BE10,10,11,60.0,41.19476376875158
BE10,10,12,522.0,21.03671779174008
BE10,10,13,372.0,110.45282828488061
BE10,10,14,193.0,131.0000314716877
BE10,10,15,196.0,57.18796104766313
BE10,10,16,106.0,305.59256251088993
BE10,10,17,88.0,-9.286296837309031
BE10,10,18,229.0,644.6201640598721
BE10,10,19,316.0,33.35510132149419
BE10,10,20,169.0,-99.95069974209656
BE10,10,21,169.0,-34.382652404818444
BE10,10,22,147.0,19.196464449023683
BE10,10,23,261.0,16.511813577180686
BE10,10,24,219.0,-36.15112664220734
BE10,10,25,340.0,254.78495984718293
BE10,10,26,199.0,137.18429475702627
BE10,10,27,224.0,922.8212518639895
BE10,10,28,329.0,37.86978909803222
BE10,10,29,150.0,148.90476376875156
BE10,10,30,146.0,77.66622495596619
BE10,10,31,250.0,755.4314304354182
BE10,10,32,153.0,-46.1532754469347
BE10,10,33,276.0,113.35418405860665
BE10,10,34,289.0,142.64949271915526
BE10,10,35,197.0,152.79417155216956
BE10,10,36,125.0,239.13143043541834
BE10,10,37,156.0,163.64348171746957
BE10,10,38,356.0,479.02716077249687
BE10,10,39,221.0,330.5254575847395
BE10,10,40,71.0,504.96354311147473
BE10,10,41,129.0,279.60367849743375
BE10,10,42,202.0,217.94311360373507
BE10,10,43,249.0,422.52307702176364
BE10,10,44,332.0,305.6234786281894
BE10,10,45,407.0,165.7441085680964
BE10,10,46,268.0,266.3838184951197
BE10,10,47,249.0,14.005004732606997
BE10,10,48,207.0,-194.86683043414692
BE10,10,49,171.0,-168.610791786804
BE10,10,50,54.0,-98.70338437939662
BE10,10,51,380.0,412.7982725406814
BE10,10,52,148.0,25.80737638136419
BE10,10,53,310.0,51.350140112837586
BE10,10,54,344.0,330.3992211330926
BE10,10,55,360.0,435.3669859909738
BE10,10,56,343.0,-168.51976489985873
BE10,10,57,171.0,274.05002692664635
BE10,10,58,254.0,127.9539501204576
BE10,10,59,115.0,507.67230000063563
BE10,10,60,125.0,137.24343043541825
BE10,10,61,408.0,737.6678029844377
BE10,10,62,164.0,171.30655238663775
BE10,10,63,215.0,342.969569970302
BE10,10,64,97.0,628.3433891983047
BE10,10,65,242.0,181.88415770814552
BE10,10,66,124.0,422.4098175321924
BE10,10,67,169.0,575.5522588377851
BE10,10,68,78.0,13.278097102084908
BE10,10,69,242.0,81.31390977426123
BE10,10,70,372.0,661.2001401128374
BE10,10,71,402.0,506.3552115299455
BE10,10,72,172.0,176.58236066797642
BE10,10,73,77.0,277.7672745912625
BE10,10,74,290.0,151.349361469901
BE10,10,75,195.0,226.29348171746955
BE10,10,76,195.0,457.8114304354182
BE10,10,77,139.0,-59.143965248034995
BE10,10,78,373.0,324.86612212442634
BE10,10,79,173.0,314.2357078920657
BE10,10,80,153.0,378.6375742262679
BE10,10,81,233.0,108.97623730237103
BE10,10,82,298.0,513.1382760730021
BE10,10,83,231.0,-27.570387746399938
BE10,10,84,378.0,802.8151341391217
BE10,10,85,328.0,326.364479215906
BE10,10,86,370.0,145.6546736786615
BE10,10,87,83.0,76.56323766433388
BE10,10,88,434.0,516.0008313570771
BE10,10,89,218.0,336.5655588757852
BE10,10,90,406.0,188.41684915463006
BE10,10,91,218.0,215.37748548128982
BE10,10,92,178.0,773.2631158286763
BE10,10,93,336.0,5.429882816370624
BE10,10,94,146.0,109.98814276418538
BE10,10,95,407.0,285.19128301527076
BE10,10,96,276.0,596.8070826093311
BE10,10,97,474.0,215.0544684101018
BE10,10,98,437.0,425.4718423347316
BE10,10,99,304.0,441.01932517226027
BE10,10,100,187.0,734.5312165316748
BE10,10,101,451.0,287.3630934065934
BE10,10,102,417.0,543.0382889486075
BE10,10,103,195.0,471.9857894097771
BE10,10,104,96.0,595.4655971020848
BE10,10,105,259.0,209.4608512848391
BE10,10,106,434.0,487.93170693311396
BE10,10,107,266.0,698.5700770519594
BE10,10,108,321.0,361.327941338845
BE10,10,109,169.0,336.2268150508028
BE10,10,110,228.0,254.4579216634884
BE10,10,111,191.0,22.62190163960671
BE10,10,112,255.0,350.66633239620256
BE10,10,113,209.0,345.9702821100593
BE10,10,114,473.0,387.044834240915
BE10,10,115,427.0,265.0493695454885
BE10,10,116,103.0,151.12599354221433
BE10,10,117,209.0,131.22387062680582
BE10,10,118,315.0,108.31301773700555
BE10,10,119,420.0,68.19714472113252
BE10,10,120,263.0,97.36428214644484
BE10,10,121,387.0,183.42021596513405
BE10,10,122,371.0,351.16668650010826
BE10,10,123,204.0,138.0869206314967
BE10,10,124,249.0,233.03713324666322
BE10,10,125,292.0,979.9984167367878
BE10,10,126,157.0,73.90442406599148
BE10,10,127,154.0,255.87117069515855
BE10,10,128,332.0,65.98191236312908
BE10,10,129,107.0,120.6394678185958
BE10,10,130,201.0,762.9049627737264
BE10,10,131,253.0,289.20431581091236
BE10,10,132,336.0,290.3465494830373
BE10,10,133,453.0,205.19641939789065
BE10,10,134,350.0,173.8114304354183
BE10,10,135,327.0,286.3209105577424
BE10,10,136,95.0,-95.9464643014239
BE10,10,137,224.0,-91.48678385029605
BE10,10,138,272.0,386.593048082477
BE10,10,139,324.0,27.731800805788605
BE10,10,140,401.0,408.57901148279973
BE10,10,141,350.0,362.9342875782754
BE10,10,142,481.0,392.6155884395762
BE10,10,143,259.0,396.46857329256113
BE10,10,144,754.0,456.563685077328
BE10,10,145,192.0,285.69476376875156
BE10,10,146,313.0,294.8190981670476
BE10,10,147,379.0,393.72224837737065
BE10,10,148,273.0,402.17186999585783
BE10,10,149,157.0,401.630538715673
BE10,10,150,321.0,189.66438993697588
BE10,10,151,274.0,386.7172698514766
BE10,10,152,343.0,410.3548706686543
BE10,10,153,29.0,34.4390166423148
BE10,10,154,385.0,454.9958460198337
BE10,10,155,158.0,239.24434182782338
BE10,10,156,341.0,467.45307266415716
BE10,10,157,291.0,268.46022768627734
BE10,10,158,245.0,482.23183859868334
BE10,10,159,412.0,467.0847314062919
BE10,10,160,134.0,87.18605730108986
BE10,10,161,153.0,71.86633239620255
BE10,10,162,245.0,305.9706141088877
BE10,10,163,383.0,597.2015087643999
BE10,10,164,224.0,267.4685732925611
BE10,10,165,391.0,450.45030511572514
BE10,10,166,526.0,596.0848144658363
BE10,10,167,73.0,153.98129344911686
BE10,10,168,259.0,550.2253300493178
BE10,10,169,612.0,512.529731089013
BE10,10,170,400.0,304.47643043541825
BE10,10,171,350.0,412.91143043541825
BE10,10,172,191.0,694.8470325296589
BE10,10,173,154.0,298.29974212372986
BE10,10,174,366.0,416.849135353451
BE10,10,175,391.0,358.52447391367906
BE10,10,176,208.0,577.3854688969566
BE10,10,177,192.0,537.8249721020849
BE10,10,178,225.0,106.62920821319602
BE10,10,179,208.0,241.06335351234128
BE10,10,180,224.0,395.156073292561
BE10,10,181,340.0,705.9084892589475
BE10,10,182,356.0,604.4597450421597
BE10,10,183,71.0,-108.40265407162406
BE10,10,184,239.0,367.2767024019453
BE10,10,185,209.0,195.28607158374362
BE10,10,186,312.0,35.27168684567465
BE10,10,187,416.0,305.95998812772586
BE10,10,188,130.0,44.99604582003362
BE10,10,189,306.0,255.27482912822867
BE10,10,190,446.0,372.13609411254816
BE10,10,191,114.0,105.45353569857613
BE10,10,192,333.0,402.8666856906734
BE10,10,193,281.0,646.1416795457385
BE10,10,194,45.0,130.25587487986263
BE10,10,195,237.0,874.1135401400592
BE10,10,196,381.0,247.14686350628443
BE10,10,197,267.0,239.25937051032463
BE10,10,198,451.0,80.74890271923198
BE10,10,199,354.0,588.650978458017
BE10,10,200,336.0,40.23940662589443
BE10,10,201,47.0,27.696536818396964
BE10,10,202,464.0,332.14806836645266
BE10,10,203,138.0,75.14766231947621
BE10,10,204,375.0,467.4327637687515
BE10,10,205,226.0,30.350368488515585
BE10,10,206,54.0,-78.55523623124844
BE10,10,207,239.0,107.53193252746844
BE10,10,208,214.0,174.84507529523137
BE10,10,209,127.0,37.43820208896154
BE10,10,210,262.0,144.05036173312814
BE10,10,211,387.0,211.07396273515988
BE10,10,212,39.0,19.124250948238757
BE10,10,213,255.0,40.55260690600648
BE10,10,214,247.0,331.214669301815
BE10,10,215,122.0,-91.06070071212275
BE10,10,216,310.0,101.35014011283762
BE10,10,217,348.0,185.93326951587804
BE10,10,218,253.0,269.4691379452997
BE10,10,219,242.0,387.3056453114512
BE10,10,220,229.0,-96.3318010056298
BE10,10,221,125.0,287.57143043541834
BE10,10,222,237.0,443.4131181991311
BE10,10,223,186.0,161.00927989778384
BE10,10,224,214.0,319.40115006158646
BE10,10,225,267.0,291.19570009833956
BE10,10,226,423.0,282.8289245252527
BE10,10,227,272.0,411.2548127883594
BE10,10,228,556.0,556.3056750397348
BE10,10,229,131.0,429.64196478656334
BE10,10,230,83.0,80.45480392939413
BE10,10,231,248.0,386.071107854773
BE10,10,232,317.0,157.02467964677473
BE10,10,233,396.0,104.34880417279199
BE10,10,234,223.0,63.69214792420747
BE10,10,235,181.0,571.3296624796169
BE10,10,236,571.0,421.79882097832535
BE10,10,237,168.0,971.0459542449419
BE10,10,238,409.0,81.40360647453804
BE10,10,239,179.0,198.49969859184284
BE10,10,240,194.0,68.98771909521206
BE10,10,241,259.0,-118.99474717075937
BE10,10,242,285.0,253.4675707862954
BE10,10,243,102.0,287.25848925894775
BE10,10,244,309.0,185.02890616357357
BE10,10,245,116.0,321.00798215955615
BE10,10,246,240.0,225.02393043541827
BE10,10,247,262.0,606.7946365422883
BE10,10,248,248.0,247.09530140316008
BE10,10,249,316.0,172.09244309364607
BE10,10,250,359.0,490.3217368421034
BE10,10,251,250.0,6.643430435418253
BE10,10,252,386.0,250.24614546132497
BE10,10,253,315.0,412.20190662589437
BE10,10,254,265.0,64.11709081277672
BE10,10,255,291.0,645.5598840436656
BE10,10,256,439.0,71.56131654020184
BE10,10,257,220.0,-168.0840241100363
BE10,10,258,337.0,805.4808666371986
BE10,10,259,243.0,399.9612246741013
BE10,10,260,208.0,279.4912381277259
BE10,10,261,182.0,91.4795623035501
BE10,10,262,332.0,111.65962320650259
BE10,10,263,200.0,351.44643043541816
BE10,10,264,274.0,-159.9615622653117
BE10,10,265,214.0,45.12077622981075
BE10,10,266,64.0,-108.66981956458176
BE10,10,267,311.0,409.1805622682156
BE10,10,268,85.0,124.08201867071233
BE10,10,269,142.0,88.25227550584079
BE10,10,270,421.0,94.42853257318546
BE10,10,271,555.0,325.20782683181466
BE10,10,272,392.0,-9.028875687030737
BE10,10,273,276.0,113.08969130498345
BE10,10,274,252.0,254.52809710208496
BE10,10,275,317.0,104.28020015150658
BE10,10,276,426.0,318.1677684635872
BE10,10,277,210.0,251.21619234018013
BE10,10,278,108.0,430.61143043541824
BE10,10,279,318.0,6.564260624097479
BE10,10,280,262.0,256.34425486289916
BE10,10,281,122.0,46.51306977968053
BE10,10,282,58.0,-151.57822473699557
BE10,10,283,254.0,431.65080051415845
BE10,10,284,322.0,55.28223788883439
BE10,10,285,111.0,333.97179079577865
BE10,10,286,136.0,453.0893716118888
BE10,10,287,257.0,376.0783565054571
BE10,10,288,200.0,161.54143043541822
BE10,10,289,333.0,223.7765956005834
BE10,10,290,96.0,-71.02398623124843
BE10,10,291,327.0,262.8346720256323
BE10,10,292,144.0,115.2294859909738
BE10,10,293,160.0,-166.31981956458176
BE10,10,294,378.0,243.79661562060343
BE10,10,295,145.0,-108.42305232320246
BE10,10,296,327.0,186.00286774428676
BE10,10,297,233.0,81.17366219507488
BE10,10,298,255.0,23.038881415810387
BE10,10,299,300.0,-128.4519028979151
BE10,10,300,160.0,31.29268043541824
BE10,10,301,274.0,522.6296786106006
BE10,10,302,366.0,67.64968180153845
BE10,10,303,225.0,124.25143043541824
BE10,10,304,122.0,-22.790208908844054
BE10,10,305,198.0,46.56092538491323
BE10,10,306,458.0,42.97605925637894
BE10,10,307,216.0,38.037356361344166
BE10,10,308,137.0,526.5822333551263
BE10,10,309,78.0,-187.2988259748382
BE10,10,310,401.0,106.86080699402174
BE10,10,311,354.0,180.68205190434477
BE10,10,312,119.0,-18.901174606598566
BE10,10,313,261.0,35.837484075264975
BE10,10,314,276.0,6.937517391939974
BE10,10,315,204.0,111.3369206314967
BE10,10,316,324.0,-77.12622388556942
BE10,10,317,89.0,-65.19755832862671
BE10,10,318,389.0,-19.483685245815693
BE10,10,319,39.0,-218.1321593081716
BE10,10,320,101.0,162.9183611284876
BE10,11,1,38.0,-94.1173783487134
BE10,11,2,252.0,201.7151195627319
BE10,11,3,103.0,82.21041930075006
BE10,11,4,213.0,112.58746474493624
BE10,11,5,207.0,181.80138595334614
BE10,11,6,121.0,-167.7983265870779
BE10,11,7,129.0,-454.14940609249146
BE10,11,8,221.0,-73.30563745802513
BE10,11,9,107.0,-36.55294155579652
BE10,11,10,220.0,-395.4413017936895
BE10,11,11,261.0,33.965803744450554
BE10,11,12,172.0,74.05795824859382
BE10,11,13,259.0,113.87256272017504
BE10,11,14,143.0,-49.15878431117199
BE10,11,15,152.0,-53.88711519081866
BE10,11,16,164.0,-6.886312880163975
BE10,11,17,57.0,-23.933167822397607
BE10,11,18,149.0,99.31903987806163
BE10,11,19,176.0,-67.57311997550765
BE10,11,20,267.0,82.17722050797889
BE10,11,21,196.0,60.36194495955728
BE10,11,22,184.0,-142.7203531770887
BE10,11,23,114.0,-57.59106255923971
BE10,11,24,250.0,255.7245163881287
BE10,11,25,176.0,-62.595847248234925
BE10,11,26,159.0,25.25749752020418
BE10,11,27,112.0,-168.7630550404427
BE10,11,28,218.0,105.60932372757826
BE10,11,29,240.0,44.16134972146204
BE10,11,30,185.0,220.30808395569628
BE10,11,31,82.0,155.04051638812874
BE10,11,32,143.0,241.83422268183506
BE10,11,33,276.0,255.25428450407074
BE10,11,34,144.0,291.0891274992398
BE10,11,35,206.0,287.35605036871124
BE10,11,36,134.0,-147.76545376112497
BE10,11,37,115.0,221.9839946489983
BE10,11,38,103.0,261.7152736696822
BE10,11,39,292.0,376.22887255251226
BE10,11,40,242.0,315.64382217325266
BE10,11,41,229.0,-63.78262771667477
BE10,11,42,176.0,254.3814254790378
BE10,11,43,151.0,237.07694022918835
BE10,11,44,173.0,292.8121926887068
BE10,11,45,294.0,108.58473407520356
BE10,11,46,239.0,279.18486785256385
BE10,11,47,185.0,82.41619206380439
BE10,11,48,142.0,194.1602346979879
BE10,11,49,123.0,165.16653264829134
BE10,11,50,187.0,178.75976772502713
BE10,11,51,195.0,-18.895381047768726
BE10,11,52,78.0,-126.19025284264045
BE10,11,53,227.0,219.41716837050757
BE10,11,54,284.0,216.34685441629773
BE10,11,55,292.0,360.3076396758
BE10,11,56,210.0,174.9405163881287
BE10,11,57,226.0,-57.30904113399519
BE10,11,58,175.0,-71.44234075472843
BE10,11,59,178.0,256.0517523431849
BE10,11,60,68.0,220.61404579989346
BE10,11,61,43.0,36.88935359743103
BE10,11,62,209.0,19.396975718272248
BE10,11,63,174.0,-29.17212729003221
BE10,11,64,224.0,349.1208735309859
BE10,11,65,144.0,347.4155163881287
BE10,11,66,230.0,326.38834247508527
BE10,11,67,153.0,250.13528762995878
BE10,11,68,179.0,177.1606281199723
BE10,11,69,272.0,19.87507521165812
BE10,11,70,161.0,24.59641700924672
BE10,11,71,188.0,419.0458355370649
BE10,11,72,221.0,474.4500186505722
BE10,11,73,64.0,239.6342663881287
BE10,11,74,137.0,240.44562587717982
BE10,11,75,137.0,360.7011003297346
BE10,11,76,198.0,343.813243660856
BE10,11,77,230.0,282.2013859533461
BE10,11,78,175.0,125.46051638812874
BE10,11,79,299.0,427.2395130436471
BE10,11,80,192.0,47.62905805479537
BE10,11,81,139.0,-199.22926778453314
BE10,11,82,168.0,225.58218305479537
BE10,11,83,163.0,159.38714215499988
BE10,11,84,272.0,-150.5734542001066
BE10,11,85,81.0,264.0219978696102
BE10,11,86,143.0,367.42163526924764
BE10,11,87,165.0,279.07384972146207
BE10,11,88,146.0,273.4514752922383
BE10,11,89,168.0,436.29051638812876
BE10,11,90,120.0,509.29051638812865
BE10,11,91,106.0,565.7291956334118
BE10,11,92,212.0,232.18674280322307
BE10,11,93,95.0,405.77209533549717
BE10,11,94,97.0,458.2518565943143
BE10,11,95,116.0,449.05775776743906
BE10,11,96,218.0,-40.12003407058689
BE10,11,97,166.0,303.98629952065886
BE10,11,98,152.0,-103.1831678223976
BE10,11,99,84.0,-166.84043599282364
BE10,11,100,73.0,-139.76085347488498
BE10,11,101,174.0,118.23017156054253
BE10,11,102,251.0,415.26960005346734
BE10,11,103,151.0,-61.85683460524878
BE10,11,104,226.0,-178.34443936408368
BE10,11,105,227.0,-81.45067303918407
BE10,11,106,124.0,323.47600025909645
BE10,11,107,98.0,-132.6941774894223
BE10,11,108,164.0,-39.39241044113958
BE10,11,109,178.0,184.3775950398141
BE10,11,110,45.0,-11.881705834093514
BE10,11,111,106.0,200.26693148246835
BE10,11,112,190.0,57.666832177602394
BE10,11,113,204.0,361.61894776067777
BE10,11,114,92.0,287.63834247508527
BE10,11,115,153.0,177.26600658420713
BE10,11,116,88.0,-0.14130179368947376
BE10,11,117,150.0,30.807183054795374
BE10,11,118,145.0,-2.073276715319568
BE10,11,119,160.0,-67.11573361187129
BE10,11,120,87.0,-55.103161772790834
BE10,11,121,130.0,-36.05948361187129
BE10,11,122,156.0,-8.824868227255907
BE10,11,123,216.0,194.19329416590648
BE10,11,124,71.0,171.44192483883302
BE10,11,125,251.0,105.04250842000121
BE10,11,126,190.0,67.02999007233926
BE10,11,127,134.0,-13.690826895453382
BE10,11,128,85.0,-32.23595420010658
BE10,11,129,45.0,65.8294052770176
BE10,11,130,76.0,-11.07790466450287
BE10,11,131,199.0,13.193782719787
BE10,11,132,215.0,170.76842336487292
BE10,11,133,136.0,-208.23889537657718
BE10,11,134,237.0,-120.81391399161811
BE10,11,135,178.0,-5.290944286028595
BE10,11,136,186.0,-34.13152662262398
BE10,11,137,110.0,48.54051638812871
BE10,11,138,232.0,74.24310259502526
BE10,11,139,183.0,20.190789612172424
BE10,11,140,97.0,16.757011233489532
BE10,11,141,166.0,-84.8028571058472
BE10,11,142,116.0,43.419826732956295
BE10,11,143,238.0,121.63715504359092
BE10,11,144,79.0,-179.05442032073196
BE10,11,145,195.0,-6.844098996486677
BE10,11,146,233.0,-13.55390421272966
BE10,11,147,201.0,38.928576089621245
BE10,11,148,135.0,-62.37059472298241
BE10,11,149,178.0,-116.55498922984881
BE10,11,150,107.0,-63.74920323803951
BE10,11,151,175.0,-40.89948361187129
BE10,11,152,136.0,-10.56242478834188
BE10,11,153,124.0,62.201806710709356
BE10,11,154,228.0,-38.481413436432696
BE10,11,155,77.0,-18.550392702780382
BE10,11,156,114.0,-15.231413436432696
BE10,11,157,39.0,-45.638970791358474
BE10,11,158,178.0,10.327033242061292
BE10,11,159,134.0,-143.9594836118713
BE10,11,160,127.0,-75.23113715517833
BE10,11,161,117.0,-6.878287030674711
BE10,11,162,128.0,-146.5297961118713
BE10,11,163,110.0,-283.94130179368943
BE10,12,1,141.0,-39.348640016305325
BE10,12,2,113.0,116.24070285697654
BE10,12,3,30.0,15.763416721283313
BE10,12,4,165.0,156.2543258121924
BE10,12,5,197.0,22.564093540234246
BE10,12,6,238.0,182.17630187534493
BE10,12,7,295.0,-142.83432339171102
BE10,12,8,103.0,166.2028989219306
BE10,12,9,251.0,462.36315111703374
BE10,12,10,168.0,545.1955595784262
BE10,12,11,96.0,349.29675005461667
BE10,12,12,67.0,258.8390386118306
BE10,12,13,95.0,547.7037675984762
BE10,12,14,264.0,440.0959924788591
BE10,12,15,92.0,662.1626920836023
BE10,12,16,290.0,520.6507730431224
BE10,12,17,146.0,462.1643299632925
BE10,12,18,113.0,198.6743311755606
BE10,12,19,194.0,452.9187431817644
BE10,12,20,226.0,876.2938002021094
BE10,12,21,169.0,714.9969472932755
BE10,12,22,72.0,521.8939722768389
BE10,12,23,90.0,507.95230561017235
BE10,12,24,200.0,331.9550833879501
BE10,12,25,186.0,796.8236317750469
BE10,12,26,225.0,341.38119449906117
BE10,12,27,173.0,138.16765564228524
BE10,12,28,483.0,71.12283701113839
BE10,12,29,157.0,194.6237139611984
BE10,12,30,64.0,73.34883338794998
BE10,12,31,152.0,318.62350444058154
BE10,12,32,178.0,260.2255890059275
BE10,12,33,158.0,344.756665666431
BE10,12,34,214.0,153.69550394869765
BE10,12,35,248.0,90.59379306536934
BE10,12,36,233.0,134.85755119910877
BE10,12,37,328.0,315.770327290389
BE10,12,38,318.0,552.3879450231702
BE10,12,39,363.0,250.0984029471786
BE10,12,40,124.0,191.66234145246614
BE10,12,41,44.0,590.3119015697683
BE10,12,42,98.0,500.7627364491746
BE10,12,43,114.0,57.20903075637104
BE10,12,44,116.0,342.0869799396742
BE10,12,45,252.0,652.5110357689025
BE10,12,46,296.0,89.96454284740943
BE10,12,47,213.0,168.1512101485134
BE10,12,48,254.0,-119.28723944669568
BE10,12,49,150.0,322.37008338795
BE10,12,50,163.0,144.50738400144692
BE10,12,51,253.0,469.234826470954
BE10,12,52,327.0,148.2906338466656
BE10,12,53,221.0,232.023748546321
BE10,12,54,26.0,299.2454680033346
BE10,12,55,69.0,380.73153266331235
BE10,12,56,148.0,183.7246779825446
BE10,12,57,189.0,817.508390266257
BE10,12,58,267.0,421.89974630929834
BE10,12,59,147.0,67.31715821788197
BE10,12,60,228.0,449.42832900198516
BE10,12,61,309.0,215.7433519963642
BE10,12,62,254.0,118.0828392934618
BE10,12,63,95.0,193.44060970373948
BE10,12,64,134.0,879.8763520446665
BE10,12,65,174.0,720.1703132730075
BE10,12,66,89.0,409.8885103542421
BE10,12,67,234.0,733.8352115930784
BE10,12,68,277.0,17.890011185783916
BE10,12,69,239.0,767.0024683251887
BE10,12,70,24.0,42.713416721283316
BE10,12,71,280.0,653.3265119593785
BE10,12,72,282.0,145.95277842341096
BE10,12,73,288.0,581.4842500546167
BE10,12,74,163.0,50.88161713028128
BE10,12,75,215.0,235.71380431818258
BE10,12,76,222.0,491.76521852308525
BE10,12,77,117.0,269.621536379403
BE10,12,78,219.0,935.8583938902333
BE10,12,79,119.0,169.41999935433657
BE10,12,80,215.0,582.5649671088803
BE10,12,81,340.0,489.0536127997148
BE10,12,82,294.0,1146.7525323675418
BE10,12,83,198.0,258.170487428354
BE10,12,84,180.0,561.9411944990612
BE10,12,85,141.0,731.5662536007161
BE10,12,86,381.0,263.39911225934105
BE10,12,87,130.0,42.66854492641153
BE10,12,88,216.0,364.21341672128335
BE10,12,89,263.0,392.0217183689386
BE10,12,90,314.0,498.81479676374624
BE10,12,91,210.0,306.8348452927119
BE10,12,92,68.0,223.18890691736178
BE10,12,93,159.0,332.63008338795
BE10,12,94,274.0,69.4147549207967
BE10,12,95,115.0,459.36051817055875
BE10,12,96,315.0,319.31897227683885
BE10,12,97,152.0,114.3537675984763
BE10,12,98,101.0,325.29344972458364
BE10,12,99,400.0,369.17258338795
BE10,12,100,211.0,398.0661023452961
BE10,12,101,256.0,136.29023963794998
BE10,12,102,249.0,496.23249302650424
BE10,12,103,300.0,238.83008338794994
BE10,12,104,156.0,242.80957056743713
BE10,12,105,126.0,1658.8205595784264
BE10,12,106,300.0,370.83341672128336
BE10,12,107,156.0,226.155724413591
BE10,12,108,75.0,1520.8034167212836
BE10,12,109,290.0,220.55422131898447
BE10,12,110,237.0,1074.562572839427
BE10,12,111,249.0,230.18430025541986
BE10,12,112,95.0,319.5985044405816
BE10,12,113,194.0,263.3208050374345
BE10,12,114,241.0,609.2400418941742
BE10,12,115,106.0,235.79989470870473
BE10,12,116,201.0,233.71963562675597
BE10,12,117,72.0,-63.411583278716684
BE10,12,118,183.0,814.214782841502
BE10,12,119,188.0,191.4971046645457
BE10,12,120,57.0,65.82306584409034
BE10,12,121,281.0,522.1923609680211
BE10,12,122,149.0,136.44887533425873
BE10,12,123,391.0,383.1850706002262
BE10,12,124,122.0,149.05631289614672
BE10,12,125,200.0,282.89008338794997
BE10,12,126,304.0,233.96889917742365
BE10,12,127,157.0,380.6173445344469
BE10,12,128,261.0,200.26993013124502
BE10,12,129,196.0,185.51273644917447
BE10,12,130,183.0,183.89784295079153
BE10,12,131,247.0,418.7798809588003
BE10,12,132,262.0,379.13008338795
BE10,12,133,330.0,276.19068944855604
BE10,12,134,250.0,608.1020833879501
BE10,12,135,166.0,473.9132159180706
BE10,12,136,56.0,421.4336548165214
BE10,12,137,176.0,121.72099247885907
BE10,12,138,134.0,106.90620279093507
BE10,12,139,102.0,539.6791029957933
BE10,12,140,257.0,517.6806670455376
BE10,12,141,272.0,406.38375985853827
BE10,12,142,72.0,155.51897227683887
BE10,12,143,214.0,326.218868434679
BE10,12,144,228.0,321.8406097037395
BE10,12,145,69.0,353.41269208360217
BE10,12,146,220.0,435.92553793340466
BE10,12,147,286.0,506.37833513620177
BE10,12,148,218.0,328.28604669070234
BE10,12,149,209.0,375.0272125745529
BE10,12,150,122.0,345.7530342076222
BE10,12,151,121.0,707.7871081813387
BE10,12,152,80.0,488.5800833879501
BE10,12,153,196.0,578.5688588981542
BE10,12,154,233.0,406.4884524866625
BE10,12,155,404.0,86.29344972458365
BE10,12,156,244.0,94.42106699450737
BE10,12,157,69.0,-49.065568785963066
BE10,12,158,221.0,576.5214861028822
BE10,12,159,185.0,105.50035365822025
BE10,12,160,185.0,36.57602933389593
BE10,12,161,188.0,417.90135998369465
BE10,12,162,141.0,559.6584521822763
BE10,12,163,130.0,95.53008338794999
BE10,12,164,152.0,41.32087286163419
BE10,12,165,121.0,-3.8079331409756394
BE10,12,166,231.0,231.2231569810236
BE10,12,167,297.0,132.1351338930005
BE10,12,168,188.0,464.5449770049713
BE10,12,169,113.0,216.4442426799854
BE10,12,170,54.0,95.01897227683892
BE10,12,171,179.0,860.2110889745422
BE10,12,172,190.0,567.293241282687
BE10,12,173,283.0,217.20605511939877
BE10,12,174,264.0,551.9331136909803
BE10,12,175,186.0,127.07094360300376
BE10,12,176,147.0,39.990627605637066
BE10,12,177,39.0,422.68136543923214
BE10,12,178,149.0,268.87169412620506
BE10,12,179,227.0,616.6124622425757
BE10,12,180,355.0,151.55684395133028
BE10,12,181,310.0,58.791373710530635
BE10,12,182,299.0,305.5999830535019
BE10,12,183,97.0,311.5991555528984
BE10,12,184,127.0,363.3308707895249
BE10,12,185,171.0,266.64762724759913
BE10,12,186,240.0,287.1717500546166
BE10,12,187,161.0,146.158033698509
BE10,12,188,125.0,399.0700833879501
BE10,12,189,253.0,104.59055769625039
BE10,12,190,151.0,237.95458669920828
BE10,12,191,109.0,368.47412008519774
BE10,12,192,292.0,11.753371059182857
BE10,12,193,235.0,41.6428493453968
BE10,12,194,260.0,612.7339295417962
BE10,12,195,389.0,260.10309110003226
BE10,12,196,192.0,288.31237505461667
BE10,12,197,187.0,259.8867678799286
BE10,12,198,111.0,83.35981311767974
BE10,12,199,469.0,97.26974223656406
BE10,12,200,537.0,35.34889158161851
BE10,12,201,287.0,236.438445757288
BE10,12,202,337.0,522.1256323493744
BE10,12,203,177.0,218.38714553484263
BE10,12,204,296.0,153.22805636092298
BE10,12,205,515.0,214.40872416464902
BE10,12,206,180.0,0.36341672128331387
BE10,12,207,694.0,81.26553007382894
BE10,12,208,48.0,245.06758338794998
BE10,12,209,82.0,368.0691077781939
BE10,12,210,33.0,212.7512955091621
BE10,12,211,71.0,120.37656226118946
BE10,12,212,216.0,490.2874907953575
BE10,12,213,141.0,110.88540253688616
BE10,12,214,601.0,105.75820318828275
BE10,12,215,113.0,104.00176480387918
BE10,12,216,145.0,225.14732476726033
BE10,12,217,62.0,55.42040596859514
BE10,12,218,80.0,423.65508338795007
BE10,12,219,201.0,278.7942624924276
BE10,12,220,381.0,786.834807797399
BE10,12,221,145.0,365.38870407760515
BE10,12,222,290.0,15.74387649139826
BE10,12,223,77.0,292.5391742970409
BE10,12,224,238.0,667.7435287661015
BE10,12,225,227.0,166.89880585491034
BE10,12,226,636.0,417.4288255263148
BE10,12,227,70.0,-116.69848804062141
BE10,12,228,167.0,262.96541272926737
BE10,12,229,595.0,42.66537750559704
BE10,12,230,141.0,187.83575714681524
BE10,12,231,94.0,364.8641259411415
BE10,12,232,159.0,-53.25041975670411
BE10,12,233,314.0,205.9549241522812
BE10,12,234,288.0,152.8835556101722
BE10,12,235,49.0,523.9974303267255
BE10,12,236,72.0,64.60230561017221
BE10,12,237,79.0,155.88324794491206
BE10,12,238,335.0,110.91963562675598
BE10,12,239,48.0,396.1509167212833
BE10,12,240,403.0,-21.89348981304257
BE10,12,241,229.0,346.05366417397624
BE10,12,242,214.0,80.66746656552009
BE10,12,243,375.0,4.227416721283314
BE10,12,244,207.0,518.0358804893993
BE10,12,245,67.0,347.2867998058604
BE10,12,246,58.0,298.0956006293293
BE10,12,247,132.0,587.63008338795
BE10,12,248,277.0,46.83585956123519
BE10,12,249,296.0,-55.36315985529326
BE10,12,250,193.0,475.4694616262921
BE10,12,251,105.0,308.8681786260453
BE10,12,252,429.0,41.12658688445348
BE10,12,253,58.0,398.9059454569155
BE10,12,254,579.0,-37.18338811464069
BE10,12,255,250.0,36.87408338794999
BE10,12,256,442.0,-45.625572720647305
BE10,12,257,109.0,1163.9603586173082
BE10,12,258,183.0,353.3568593442342
BE10,12,259,76.0,421.72218865110796
BE10,12,260,213.0,37.137125641471116
BE10,12,261,182.0,-26.688597930731337
BE10,12,262,597.0,147.77246194741397
BE10,12,263,62.0,1095.791373710531
BE10,12,264,454.0,-14.519696347732832
BE10,12,265,114.0,-60.62430257696229
BE10,12,266,88.0,-3.9949166120500195
BE10,12,267,141.0,272.6088067922053
BE10,12,268,297.0,-11.097189339322746
BE10,12,269,821.0,-13.892450107786923
BE10,12,270,136.0,410.1080245644206
BE10,12,271,217.0,100.31671933265045
BE10,12,272,528.0,169.75508338795
BE10,12,273,95.0,-96.61202187520789
BE10,12,274,573.0,49.13095598829902
BE10,12,275,640.0,128.14570838795
BE10,12,276,119.0,14.419999354336536
BE10,12,277,144.0,244.0328611657278
BE10,12,278,73.0,-4.054848118899335
BE10,12,279,191.0,520.3473608748611
BE10,12,280,172.0,117.60101362050813
BE10,12,281,175.0,-50.84991661205002
BE10,12,282,129.0,-112.77301738724381
BE10,12,283,91.0,-52.02925727139066
BE10,2,1,205.0,-101.95378590450603
BE10,2,2,226.0,15.93250807347802
BE10,2,3,153.0,34.44717057564703
BE10,2,4,135.0,-344.8007597075774
BE10,2,5,120.0,52.084425477607816
BE10,2,6,62.0,-336.49084333959655
BE10,2,7,233.0,30.920620041270187
BE10,2,8,132.0,153.7586679018502
BE10,2,9,205.0,6.880360436957407
BE10,2,10,162.0,25.652326712175714
BE10,2,11,195.0,79.24083573401806
BE10,2,12,251.0,62.780972622362135
BE10,2,13,51.0,-114.709692169451
BE10,2,14,128.0,75.62609214427448
BE10,2,15,41.0,154.93401897354278
BE10,2,16,179.0,117.45220946271021
BE10,2,17,195.0,-137.94377965059732
BE10,2,18,237.0,102.6224001611521
BE10,2,19,128.0,55.03234214427448
BE10,2,20,201.0,-293.08721631343695
BE10,2,21,259.0,119.28584117902352
BE10,2,22,184.0,82.71848344862231
BE10,2,23,58.0,119.9924714546193
BE10,2,24,171.0,8.379747115034714
BE10,2,25,144.0,-53.40863007794774
BE10,2,26,198.0,126.95311234629466
BE10,2,27,198.0,39.51876891195125
BE10,2,28,347.0,147.25397398865488
BE10,2,29,37.0,55.197038090220424
BE10,2,30,198.0,227.32684972003202
BE10,2,31,165.0,40.414728507910844
BE10,2,32,91.0,9.48186137504371
BE10,2,33,118.0,-65.38450107606451
BE10,2,34,196.0,128.603132960601
BE10,2,35,136.0,216.83932743839213
BE10,2,36,61.0,58.23469870165153
BE10,2,37,150.0,125.91775881094111
BE10,2,38,186.0,106.60593085395189
BE10,2,39,137.0,224.19269798369052
BE10,2,40,73.0,157.85383187030186
BE10,2,41,83.0,66.38362226475641
BE10,2,42,102.0,185.92756273250973
BE10,2,43,147.0,247.5232009878119
BE10,2,44,142.0,-136.495386728965
BE10,2,45,108.0,-230.7118708186885
BE10,2,46,264.0,197.51624365942598
BE10,2,47,194.0,1.6634632782950989
BE10,2,48,214.0,179.45202672371371
BE10,2,49,155.0,332.97367278943574
BE10,2,50,193.0,3.323631004378107
BE10,2,51,50.0,236.83109214427444
BE10,2,52,294.0,388.84633023951255
BE10,2,53,210.0,333.28918738236973
BE10,2,54,308.0,309.27381941700173
BE10,2,55,48.0,33.896925477607816
BE10,2,56,149.0,49.445723016757704
BE10,2,57,47.0,346.35747512299776
BE10,2,58,152.0,363.4550395126955
BE10,2,59,131.0,244.72437458702254
BE10,2,60,141.0,-224.5077731039525
BE10,2,61,371.0,382.63923230599954
BE10,2,62,214.0,-206.45918822955733
BE10,2,63,96.0,-172.23849118905886
BE10,2,64,108.0,410.35294399612627
BE10,2,65,227.0,288.4449247433934
BE10,2,66,160.0,382.41984214427447
BE10,2,67,193.0,173.88839784375634
BE10,2,68,234.0,-172.3343779411956
BE10,2,69,167.0,283.90378675505286
BE10,2,70,177.0,256.40928423466994
BE10,2,71,237.0,317.12450986579347
BE10,2,72,259.0,306.1777330709154
BE10,2,73,122.0,200.0051905049302
BE10,2,74,279.0,-225.46575373386173
BE10,2,75,119.0,246.1754618921736
BE10,2,76,172.0,267.20458051636746
BE10,2,77,253.0,264.0257957015867
BE10,2,78,161.0,337.710719473467
BE10,2,79,109.0,249.55384443785243
BE10,2,80,161.0,319.8659989765726
BE10,2,81,284.0,332.09264144004914
BE10,2,82,307.0,324.23806282831356
BE10,2,83,254.0,327.4873126167154
BE10,2,84,205.0,64.48523848573787
BE10,2,85,250.0,119.09909214427448
BE10,2,86,226.0,414.0873753301152
BE10,2,87,31.0,419.0252856926614
BE10,2,88,207.0,145.86944963219716
BE10,2,89,253.0,391.796546689729
BE10,2,90,117.0,141.57587846906077
BE10,2,91,193.0,163.54642893183924
BE10,2,92,222.0,402.43127232445465
BE10,2,93,166.0,168.01012828885277
BE10,2,94,135.0,426.38442547760775
BE10,2,95,237.0,346.483159654823
BE10,2,96,337.0,308.4766114321083
BE10,2,97,344.0,224.87027819078614
BE10,2,98,243.0,453.1440962595008
BE10,2,99,83.0,340.6848270840335
BE10,2,100,301.0,43.67301905457348
BE10,2,101,288.0,293.87261992205225
BE10,2,102,275.0,338.3347285079108
BE10,2,103,215.0,320.8371386559024
BE10,2,104,86.0,293.63481307450695
BE10,2,105,228.0,313.0449517933973
BE10,2,106,252.0,123.39394928713162
BE10,2,107,260.0,373.45109214427447
BE10,2,108,224.0,305.9609135728459
BE10,2,109,177.0,123.23979270924623
BE10,2,110,148.0,233.75784890103122
BE10,2,111,203.0,398.6845896812203
BE10,2,112,298.0,123.29136060065031
BE10,2,113,186.0,131.09517816577986
BE10,2,114,293.0,154.85177473813113
BE10,2,115,248.0,309.8478663378229
BE10,2,116,427.0,159.50636146511758
BE10,2,117,251.0,244.956271427143
BE10,2,118,332.0,268.1396463611419
BE10,2,119,354.0,303.68329553410496
BE10,2,120,185.0,176.3700110631934
BE10,2,121,313.0,-162.91823692920795
BE10,2,122,345.0,304.3293530138397
BE10,2,123,268.0,328.0010921442744
BE10,2,124,99.0,278.3015971947795
BE10,2,125,226.0,171.08737533011518
BE10,2,126,112.0,-37.972122141439804
BE10,2,127,305.0,-2.1882521180206016
BE10,2,128,172.0,275.0999293535768
BE10,2,129,217.0,249.55063131478138
BE10,2,130,468.0,20.23186137504371
BE10,2,131,270.0,12.791832885015221
BE10,2,132,215.0,14.823185167530294
BE10,2,133,142.0,-59.601020531781856
BE10,2,134,273.0,-11.825830932648596
BE10,2,135,165.0,95.2692739624563
BE10,2,136,409.0,-38.15722081416073
BE10,2,137,281.0,112.92369000904316
BE10,2,138,163.0,-22.577128714621225
BE10,2,139,722.0,12.745551978069495
BE10,2,140,662.0,-43.42262386781011
BE10,2,141,233.0,-44.24247008748518
BE10,2,142,185.0,-215.1380970449147
BE10,2,143,170.0,-146.47831962043142
BE10,2,144,342.0,-106.13487276800623
BE10,2,145,286.0,-63.339816946634606
BE10,2,146,366.0,-218.13415375736488
BE10,2,147,240.0,-123.11140785572552
BE10,2,148,301.0,-101.33362546369895
BE10,3,1,167.0,-386.90293070756275
BE10,3,2,198.0,-17.406075932264923
BE10,3,3,167.0,-196.52568519858085
BE10,3,4,193.0,-37.040686284491855
BE10,3,5,140.0,-27.524402050591043
BE10,3,6,193.0,-316.0095982015903
BE10,3,7,350.0,-21.138687764876757
BE10,3,8,213.0,-93.10823840203305
BE10,3,9,263.0,-41.98692241995551
BE10,3,10,123.0,-87.24507568589884
BE10,3,11,199.0,-132.26489020565208
BE10,3,12,113.0,-102.71719598232303
BE10,3,13,259.0,-44.16339818958718
BE10,3,14,41.0,-35.895482189963865
BE10,3,15,130.0,-14.440885567074558
BE10,3,16,88.0,-29.01466179085078
BE10,3,17,314.0,-282.58081697324803
BE10,3,18,195.0,-491.15114197733095
BE10,3,19,182.0,3.1679056417166507
BE10,3,20,74.0,-77.37768390387289
BE10,3,21,208.0,-40.819731720920714
BE10,3,22,262.0,-110.18034534393891
BE10,3,23,97.0,-24.361662728057905
BE10,3,24,248.0,-27.19318085243436
BE10,3,25,305.0,-48.4871655166332
BE10,3,26,347.0,4.8195666608128285
BE10,3,27,156.0,-36.297295823484816
BE10,3,28,77.0,-461.60881763500646
BE10,3,29,348.0,55.63528596254525
BE10,3,30,229.0,-31.318849960759476
BE10,3,31,210.0,-452.6005925267815
BE10,3,32,209.0,28.87648653450807
BE10,3,33,52.0,-16.098577874766868
BE10,3,34,146.0,-60.38545880205875
BE10,3,35,176.0,40.41147457278558
BE10,3,36,48.0,-24.289283002971995
BE10,3,37,62.0,-6.923019562111779
BE10,3,38,183.0,-33.381154587671446
BE10,3,39,59.0,45.91022264674552
BE10,3,40,80.0,-38.06011633630533
BE10,3,41,337.0,-334.3427572858603
BE10,3,42,281.0,71.82511498042065
BE10,3,43,73.0,-15.981349213017657
BE10,3,44,204.0,-6.805214375521014
BE10,3,45,83.0,-311.08120067365473
BE10,3,46,193.0,7.995583145559958
BE10,3,47,202.0,-316.01803712838455
BE10,3,48,345.0,-153.06373952471114
BE10,3,49,316.0,48.21203556242885
BE10,3,50,140.0,-379.9886877648768
BE10,3,51,270.0,-112.18419041037941
BE10,3,52,132.0,116.75048972430073
BE10,3,53,114.0,-90.18730931876148
BE10,3,54,157.0,10.511539714650086
BE10,3,55,217.0,98.58389288028452
BE10,3,56,153.0,174.3107986963744
BE10,3,57,91.0,-438.8595668857558
BE10,3,58,53.0,25.784223286336182
BE10,3,59,166.0,-372.1293934447391
BE10,3,60,57.0,-161.02941458191938
BE10,3,61,552.0,128.6590865622454
BE10,3,62,277.0,147.95342156983185
BE10,3,63,183.0,125.84288912817551
BE10,3,64,100.0,-422.84011633630524
BE10,3,65,290.0,186.4657457326602
BE10,3,66,61.0,130.70627710631763
BE10,3,67,255.0,144.72125621271428
BE10,3,68,230.0,160.955101054999
BE10,3,69,114.0,-395.1522215994632
BE10,3,70,220.0,-163.0646617908508
BE10,3,71,167.0,124.86353635830541
BE10,3,72,185.0,-399.76957579576475
BE10,3,73,224.0,107.97559794940896
BE10,3,74,238.0,140.8873626552913
BE10,3,75,231.0,1.642264616075625
BE10,3,76,333.0,170.05024402405502
BE10,3,77,86.0,188.41081389625276
BE10,3,78,173.0,109.45866979086227
BE10,3,79,130.0,-39.85627018245918
BE10,3,80,365.0,235.48166448561247
BE10,3,81,430.0,197.34104645439234
BE10,3,82,252.0,208.4875027113137
BE10,3,83,122.0,-67.40847699204305
BE10,3,84,200.0,14.434883663694672
BE10,3,85,110.0,173.4717018455128
BE10,3,86,102.0,112.36635425192992
BE10,3,87,352.0,111.52511093642194
BE10,3,88,151.0,-57.82005011113976
BE10,3,89,159.0,64.65214781463803
BE10,3,90,331.0,139.40891689632306
BE10,3,91,168.0,146.85059794940895
BE10,3,92,229.0,214.27503650212262
BE10,3,93,250.0,-48.21411633630533
BE10,3,94,180.0,-309.0156718918609
BE10,3,95,220.0,-49.069207245396235
BE10,3,96,321.0,178.68988366369467
BE10,3,97,261.0,79.03471124990156
BE10,3,98,245.0,201.644985704511
BE10,3,99,181.0,81.56281184049024
BE10,3,100,215.0,199.43872087299695
BE10,3,101,272.0,-283.7329104539524
BE10,3,102,264.0,121.93230790611892
BE10,3,103,138.0,-295.9695366261604
BE10,3,104,193.0,-9.2375774762017
BE10,3,105,222.0,-8.260566786755778
BE10,3,106,364.0,234.47559794940898
BE10,3,107,328.0,249.93073732223124
BE10,3,108,352.0,195.7921563909674
BE10,3,109,194.0,259.4527702616328
BE10,3,110,141.0,-74.96259860580888
BE10,3,111,258.0,271.1356200978032
BE10,3,112,396.0,291.17220689601794
BE10,3,113,224.0,-306.6270806220196
BE10,3,114,214.0,269.624463102947
BE10,3,115,230.0,-65.39707285804445
BE10,3,116,143.0,102.067506041317
BE10,3,117,210.0,108.02797890178991
BE10,3,118,342.0,323.8916380496596
BE10,3,119,258.0,175.58523250090397
BE10,3,120,144.0,295.96766144147244
BE10,3,121,146.0,352.34741791027
BE10,3,122,173.0,241.00780273883913
BE10,3,123,174.0,304.00022849128084
BE10,3,124,308.0,296.12819535200634
BE10,3,125,153.0,-89.12710980035762
BE10,3,126,119.0,357.27811895781247
BE10,3,127,169.0,43.95615585304378
BE10,3,128,274.0,242.17528512354866
BE10,3,129,280.0,-98.54940205059104
BE10,3,130,65.0,51.99757597138698
BE10,3,131,97.0,41.34967747812766
BE10,3,132,190.0,-199.02064265209484
BE10,3,133,179.0,62.807202099448865
BE10,3,134,208.0,-7.536077874766866
BE10,3,135,82.0,215.6654934197922
BE10,3,136,63.0,-35.45297347916247
BE10,3,137,258.0,236.24414722958613
BE10,3,138,230.0,-194.52750764065317
BE10,3,139,176.0,-50.52602542721442
BE10,3,140,161.0,92.75820664506112
BE10,3,141,176.0,190.30920184551286
BE10,3,142,225.0,117.743216997028
BE10,3,143,199.0,206.75018517123232
BE10,3,144,266.0,168.14853028023603
BE10,3,145,188.0,205.4132879190138
BE10,3,146,396.0,136.73786346167446
BE10,3,147,144.0,142.19682810813913
BE10,3,148,230.0,220.95075322891205
BE10,3,149,281.0,180.97102245373026
BE10,3,150,342.0,276.3887140730514
BE10,3,151,378.0,252.0258624996735
BE10,3,152,165.0,-107.46163148782048
BE10,3,153,138.0,321.40002859123086
BE10,3,154,126.0,-102.89741792360695
BE10,3,155,225.0,320.78321699702803
BE10,3,156,211.0,-111.31485567279823
BE10,3,157,215.0,339.43872087299707
BE10,3,158,74.0,354.041235015046
BE10,3,159,272.0,188.30017778134174
BE10,3,160,324.0,326.6003774908552
BE10,3,161,123.0,341.6004527693858
BE10,3,162,365.0,271.8816644856125
BE10,3,163,119.0,178.1520685376442
BE10,3,164,288.0,322.3773836636947
BE10,3,165,245.0,194.15927141879672
BE10,3,166,163.0,255.84939286614863
BE10,3,167,150.0,295.18321699702796
BE10,3,168,215.0,66.49918598927607
BE10,3,169,473.0,179.86113102098855
BE10,3,170,115.0,25.429014098477282
BE10,3,171,104.0,328.82449904831003
BE10,3,172,162.0,288.99235279949716
BE10,3,173,437.0,62.648693732344555
BE10,3,174,57.0,302.0933924356245
BE10,3,175,286.0,178.8297438035548
BE10,3,176,111.0,273.3655593393703
BE10,3,177,126.0,286.3882963621075
BE10,3,178,153.0,143.4545895460476
BE10,3,179,111.0,298.48267645648747
BE10,3,180,220.0,295.9717018455129
BE10,3,181,138.0,288.00147786659323
BE10,3,182,185.0,109.65745123126223
BE10,3,183,247.0,32.83968123454488
BE10,3,184,255.0,159.2781189578123
BE10,3,185,132.0,14.500489724300733
BE10,3,186,183.0,128.84835360904984
BE10,3,187,257.0,186.53424164034837
BE10,3,188,279.0,36.335044954017256
BE10,3,189,42.0,-231.78630681249584
BE10,3,190,342.0,167.26298307889934
BE10,3,191,167.0,30.168925579862336
BE10,3,192,235.0,-212.59947803843298
BE10,3,193,77.0,211.11845509226603
BE10,3,194,74.0,-67.29660282279181
BE10,3,195,228.0,-52.03818651174392
BE10,3,196,242.0,240.51219771328144
BE10,3,197,66.0,-296.21920724539626
BE10,3,198,144.0,-35.57400522519421
BE10,3,199,178.0,-15.19213880821544
BE10,3,200,246.0,-28.419872433866303
BE10,3,201,207.0,220.8927822144193
BE10,3,202,344.0,5.27999994276444
BE10,3,203,155.0,146.99310947014627
BE10,3,204,265.0,53.91252517312863
BE10,3,205,342.0,250.7542111490748
BE10,3,206,219.0,-57.28271907603135
BE10,3,207,145.0,144.607125043005
BE10,3,208,151.0,114.06736710740326
BE10,3,209,44.0,105.4171563909674
BE10,3,210,145.0,-62.834254267339816
BE10,3,211,202.0,-28.087344059077605
BE10,3,212,259.0,71.68216165597266
BE10,3,213,190.0,41.20567313737888
BE10,3,214,170.0,-98.63952810101122
BE10,3,215,219.0,74.70814850387733
BE10,3,216,335.0,-14.760862604962044
BE10,3,217,137.0,-159.3393134165973
BE10,3,218,33.0,98.29594426975528
BE10,3,219,188.0,-86.45905250651812
BE10,3,220,207.0,49.419352262728495
BE10,3,221,244.0,113.31693284402253
BE10,3,222,170.0,-180.0689398657171
BE10,3,223,305.0,92.7128344833668
BE10,3,224,258.0,-81.42639540607277
BE10,3,225,247.0,-29.395136579220306
BE10,3,226,40.0,14.739883663694673
BE10,3,227,251.0,30.90900716967077
BE10,3,228,32.0,-64.52886633630533
BE10,3,229,175.0,-32.40725919344818
BE10,3,230,89.0,-241.69213880821545
BE10,3,231,165.0,-247.5949648211538
BE10,3,232,119.0,-139.4193600337844
BE10,3,233,228.0,-147.2311689678843
BE10,3,234,98.0,-193.52440205059105
BE10,3,235,217.0,-157.59122232708876
BE10,3,236,150.0,-426.456783002972
BE10,3,237,161.0,-395.7014206841314
BE10,4,1,209.0,88.28037742751042
BE10,4,2,170.0,208.73182690682364
BE10,4,3,169.0,241.01271796147037
BE10,4,4,134.0,574.5298953879474
BE10,4,5,72.0,133.60846089375178
BE10,4,6,96.0,296.99040533819624
BE10,4,7,77.0,361.7547451650361
BE10,4,8,100.0,268.5512386715296
BE10,4,9,83.0,337.49015433418015
BE10,4,10,142.0,122.18377388279718
BE10,4,11,107.0,294.214509699567
BE10,4,12,104.0,357.79008482537574
BE10,4,13,44.0,437.14760230789324
BE10,4,14,242.0,443.6951229690503
BE10,4,15,70.0,311.689810100101
BE10,4,16,127.0,431.2218685927893
BE10,4,17,39.0,185.56893097922193
BE10,4,18,75.0,206.16790533819625
BE10,4,19,152.0,102.16913340837166
BE10,4,20,121.0,124.70751966326509
BE10,4,21,69.0,202.2322531642832
BE10,4,22,142.0,596.3950414884308
BE10,4,23,120.0,125.50290533819621
BE10,4,24,173.0,117.89129647499777
BE10,4,25,86.0,131.2961223924598
BE10,4,26,111.0,174.59457200486293
BE10,4,27,101.0,143.93450599826224
BE10,4,28,200.0,199.91623867152958
BE10,4,29,48.0,482.82373867152955
BE10,4,30,146.0,688.5146633290639
BE10,4,31,47.0,123.41017484174239
BE10,4,32,154.0,264.73526464555556
BE10,4,33,73.0,551.4804167537213
BE10,4,34,267.0,898.6994409187207
BE10,4,35,107.0,318.4294629705949
BE10,4,36,226.0,536.354159025512
BE10,4,37,205.0,523.9197752568956
BE10,4,38,29.0,240.330204188771
BE10,4,39,81.0,586.1624732394308
BE10,4,40,201.0,516.047308323271
BE10,4,41,84.0,222.91600057629148
BE10,4,42,161.0,349.7767666218401
BE10,4,43,158.0,178.79288424114984
BE10,4,44,176.0,160.15896594425683
BE10,4,45,122.0,67.96615670431645
BE10,4,46,104.0,140.19393097922188
BE10,4,47,32.0,37.323738671529554
BE10,4,48,98.0,206.58776928377446
BE10,4,49,94.0,210.38889824599767
BE10,4,50,91.0,-6.222277811986929
BE10,4,51,35.0,167.43266724295816
BE10,4,52,175.0,287.7183815286724
BE10,4,53,93.0,245.56231394034677
BE10,4,54,105.0,352.2040958143867
BE10,4,55,170.0,250.3200622009413
BE10,4,56,156.0,277.8381617484526
BE10,4,57,115.0,90.20036910631218
BE10,4,58,88.0,437.0226023078931
BE10,4,59,151.0,590.499649267556
BE10,4,60,197.0,169.7028630370118
BE10,4,61,179.0,900.8087247050494
BE10,4,62,85.0,636.7200622009412
BE10,4,63,103.0,462.6787143996847
BE10,4,64,178.0,977.2837105816423
BE10,4,65,197.0,891.8297665903116
BE10,4,66,152.0,667.7480807767929
BE10,4,67,137.0,156.89627516787993
BE10,4,68,124.0,522.7370451231425
BE10,4,69,218.0,486.60527536877737
BE10,4,70,307.0,772.4664503979141
BE10,4,71,107.0,522.392079793025
BE10,4,72,57.0,206.08580007503832
BE10,4,73,126.0,34.72949263978353
BE10,4,74,142.0,193.45842177012113
BE10,4,75,54.0,-80.29431688402599
BE10,4,76,203.0,496.5715834991159
BE10,4,77,50.0,103.08123867152958
BE10,4,78,180.0,3.411238671529554
BE10,4,79,211.0,189.82048037769073
BE10,4,80,125.0,315.48523867152943
BE10,4,81,188.0,175.11762165025294
BE10,4,82,151.0,419.5592519165627
BE10,4,83,188.0,239.06974930982742
BE10,4,84,134.0,637.6716864327234
BE10,4,85,70.0,553.275524385815
BE10,4,86,112.0,281.1630243858153
BE10,4,87,208.0,378.96316174845265
BE10,4,88,146.0,184.40507428796792
BE10,4,89,156.0,543.5689309792218
BE10,4,90,59.0,215.5663234172923
BE10,4,91,141.0,416.5236500190472
BE10,4,92,188.0,358.31974930982733
BE10,4,93,195.0,431.6663668766578
BE10,4,94,280.0,781.5040958143867
BE10,4,95,76.0,846.379659724161
BE10,4,96,132.0,536.0263901866809
BE10,4,97,172.0,353.6333316947853
BE10,4,98,67.0,606.6492983730219
BE10,4,99,131.0,242.87192569443033
BE10,4,100,189.0,179.55753496782586
BE10,4,101,207.0,236.15978939616724
BE10,4,102,168.0,224.61242914772006
BE10,4,103,210.0,203.66600057629145
BE10,4,104,217.0,135.8234506530964
BE10,4,105,214.0,603.7659115687261
BE10,4,106,152.0,244.28755446100323
BE10,4,107,199.0,1013.3366155559519
BE10,4,108,155.0,362.68059351023925
BE10,4,109,175.0,275.58123867152943
BE10,4,110,263.0,432.0445086335068
BE10,4,111,77.0,620.8976023078931
BE10,4,112,166.0,271.97208204502346
BE10,4,113,103.0,86.67871439968492
BE10,4,114,204.0,243.20731710290212
BE10,4,115,107.0,412.8032947462959
BE10,4,116,180.0,334.82234978264063
BE10,4,117,147.0,176.19321146064522
BE10,4,118,92.0,168.17428214979046
BE10,4,119,181.0,309.97394585385
BE10,4,120,189.0,251.21361962391052
BE10,4,121,117.0,52.03046944076034
BE10,4,122,251.0,280.3369358826849
BE10,4,123,231.0,80.698468108759
BE10,4,124,199.0,51.13058540519791
BE10,4,125,209.0,316.9023869968885
BE10,4,126,65.0,65.07662328691417
BE10,4,127,259.0,270.63189504218593
BE10,4,128,330.0,287.65820836849923
BE10,4,129,60.0,29.211238671529554
BE10,4,130,118.0,216.54937426474993
BE10,4,131,120.0,159.82790533819622
BE10,4,132,101.0,1036.7265852061835
BE10,4,133,198.0,484.3369962472871
BE10,4,134,98.0,1082.7306264266317
BE10,4,135,140.0,1282.0398101001012
BE10,4,136,127.0,111.45808906523037
BE10,4,137,138.0,78.12355751210927
BE10,4,138,229.0,349.3835094138877
BE10,4,139,187.0,152.9778162116365
BE10,4,140,272.0,219.83109161270605
BE10,4,141,142.0,294.1063090940648
BE10,4,142,87.0,67.23825016578246
BE10,4,143,84.0,106.84457200486291
BE10,4,144,167.0,439.3869871745235
BE10,4,145,272.0,158.22815043623544
BE10,4,146,89.0,80.22753080636102
BE10,4,147,133.0,-34.016956817192245
BE10,4,148,117.0,123.3979908082817
BE10,4,149,159.0,261.4876537658692
BE10,4,150,236.0,-26.497235904741633
BE10,4,151,195.0,88.1022643125552
BE10,4,152,181.0,78.06234364390525
BE10,4,153,154.0,-20.972527562236678
BE10,4,154,218.0,161.9630735339149
BE10,4,155,130.0,124.83046944076033
BE10,4,156,253.0,281.91341258457305
BE10,4,157,27.0,-102.40542799513712
BE10,4,158,343.0,138.80642817590274
BE10,4,159,196.0,177.8836876511214
BE10,4,160,59.0,-200.02689692169076
BE10,4,161,151.0,-117.52021828211284
BE10,4,162,160.0,196.60498867152955
BE10,4,163,94.0,-105.82386771144914
BE10,4,164,41.0,-172.5192491333485
BE10,4,165,129.0,-228.28139698738516
BE10,4,166,148.0,25.43691434720523
BE10,4,167,91.0,-91.02447561418472
BE10,4,168,39.0,-171.94388953359856
BE10,5,1,151.0,-639.4821191347604
BE10,5,2,241.0,-73.80294021689623
BE10,5,3,97.0,-51.12757554221599
BE10,5,4,226.0,-606.4611673677794
BE10,5,5,88.0,-680.4636814466209
BE10,5,6,219.0,-13.961450230348552
BE10,5,7,143.0,144.0616682037288
BE10,5,8,284.0,-581.4840079511023
BE10,5,9,195.0,-154.88052293846235
BE10,5,10,242.0,72.3452028508998
BE10,5,11,192.0,90.6466405230761
BE10,5,12,194.0,-631.4626270886077
BE10,5,13,414.0,-96.92574776194805
BE10,5,14,179.0,237.36053135175393
BE10,5,15,250.0,-112.81231781025723
BE10,5,16,245.0,-449.9808892388286
BE10,5,17,125.0,-19.87231781025723
BE10,5,18,127.0,30.425634945648284
BE10,5,19,340.0,-408.7287883984925
BE10,5,20,132.0,39.11586400792459
BE10,5,21,238.0,47.812388072095715
BE10,5,22,270.0,-124.730095588035
BE10,5,23,195.0,-137.26513832307774
BE10,5,24,349.0,-113.46807712257814
BE10,5,25,280.0,207.2262536183142
BE10,5,26,165.0,179.62950037156097
BE10,5,27,257.0,220.35118413526808
BE10,5,28,101.0,67.95857327885169
BE10,5,29,198.0,143.76485390691448
BE10,5,30,241.0,104.86925895322825
BE10,5,31,288.0,297.59629330085386
BE10,5,32,236.0,-63.88452120008773
BE10,5,33,240.0,210.80184885640944
BE10,5,34,146.0,262.8627506828935
BE10,5,35,220.0,19.63404582610641
BE10,5,36,154.0,399.08664322870385
BE10,5,37,347.0,26.673042420290322
BE10,5,38,86.0,66.00117056183579
BE10,5,39,410.0,254.98182853120622
BE10,5,40,309.0,426.5913715101311
BE10,5,41,248.0,73.07590799619439
BE10,5,42,164.0,97.74280414096228
BE10,5,43,304.0,130.04439271605855
BE10,5,44,272.0,378.4778292485663
BE10,5,45,37.0,-261.0063718643113
BE10,5,46,183.0,-317.47690797419165
BE10,5,47,344.0,473.40524032927766
BE10,5,48,229.0,-264.60733964431836
BE10,5,49,356.0,406.03925522345065
BE10,5,50,235.0,190.22215027484913
BE10,5,51,258.0,176.47403877889005
BE10,5,52,105.0,224.01911076117133
BE10,5,53,60.0,357.5310155230761
BE10,5,54,551.0,245.11483282495146
BE10,5,55,246.0,366.0842675555965
BE10,5,56,448.0,233.95393218974277
BE10,5,57,29.0,186.18561322422553
BE10,5,58,208.0,227.5188360358966
BE10,5,59,323.0,405.4161032423744
BE10,5,60,247.0,269.01934210877124
BE10,5,61,46.0,336.80855175496015
BE10,5,62,552.0,445.46978363901815
BE10,5,63,310.0,377.3025208994202
BE10,5,64,470.0,312.78172474293433
BE10,5,65,306.0,25.64245343157284
BE10,5,66,84.0,33.95244409450468
BE10,5,67,319.0,302.4301273308086
BE10,5,68,451.0,316.3824937196763
BE10,5,69,224.0,292.6548250468856
BE10,5,70,500.0,359.5696821897428
BE10,5,71,259.0,318.42219956426015
BE10,5,72,189.0,303.269904411965
BE10,5,73,389.0,343.00912177843173
BE10,5,74,80.0,336.5851821897428
BE10,5,75,289.0,334.0857444734798
BE10,5,76,194.0,296.1404656948974
BE10,5,77,176.0,-118.04890871934813
BE10,5,78,112.0,329.1637536183142
BE10,5,79,199.0,363.3642651043158
BE10,5,80,114.0,-107.48740552955547
BE10,5,81,225.0,-97.18342892136833
BE10,5,82,194.0,185.9600533237634
BE10,5,83,207.0,343.0863295327381
BE10,5,84,375.0,251.75434885640942
BE10,5,85,104.0,203.96114372820432
BE10,5,86,111.0,327.2188533609142
BE10,5,87,255.0,255.09474101327217
BE10,5,88,223.0,319.8638256875007
BE10,5,89,92.0,351.93898653756884
BE10,5,90,192.0,173.15705718974277
BE10,5,91,268.0,186.48424935392188
BE10,5,92,283.0,210.82860091765795
BE10,5,93,311.0,55.47533492286174
BE10,5,94,258.0,159.78799226726215
BE10,5,95,487.0,157.76226124518425
BE10,5,96,530.0,210.87787086898808
BE10,5,97,331.0,136.51898128339835
BE10,5,98,249.0,184.9191681335179
BE10,5,99,115.0,116.4042039288732
BE10,5,100,110.0,-95.88868144662086
BE10,5,101,432.0,181.21897848603908
BE10,5,102,219.0,-49.180628312540335
BE10,5,103,147.0,-112.70741985107355
BE10,5,104,255.0,155.16925081719373
BE10,5,105,343.0,-99.67534988022808
BE10,5,106,233.0,-107.92227489180229
BE10,5,107,278.0,101.93617139837586
BE10,5,108,407.0,254.6914168334774
BE10,5,109,197.0,51.2151948800981
BE10,5,110,322.0,122.83339647545706
BE10,5,111,542.0,-29.926487551954644
BE10,5,112,443.0,-47.606945349760615
BE10,5,113,208.0,-27.548471656411074
BE10,5,114,519.0,-120.99856058482371
BE10,5,115,255.0,-208.2189844769239
BE10,5,116,287.0,-192.9279275663548
BE10,5,117,303.0,-112.4143640148777
BE10,5,118,345.0,-152.1813033175036
BE10,5,119,430.0,-178.88487594979213
BE10,5,120,311.0,-60.01341105784565
BE10,5,121,138.0,-260.4813033175036
BE10,5,122,449.0,-88.9857253826403
BE10,5,123,315.0,-56.317397175336595
BE10,5,124,241.0,-32.38385307996677
BE10,6,1,37.0,-299.05789606557016
BE10,6,2,65.0,-117.84999585766994
BE10,6,3,267.0,-78.95515287293932
BE10,6,4,127.0,-249.58651917687044
BE10,6,5,94.0,-143.15277818172888
BE10,6,6,159.0,-80.0541564769249
BE10,6,7,188.0,-70.2910760540693
BE10,6,8,65.0,-59.14230354997764
BE10,6,9,198.0,-6.983639991314079
BE10,6,10,114.0,-84.70559639748102
BE10,6,11,138.0,-17.467610127458126
BE10,6,12,176.0,-199.21406928424338
BE10,6,13,280.0,2.2175865599124727
BE10,6,14,103.0,-340.01355074938016
BE10,6,15,52.0,-123.38845739613149
BE10,6,16,157.0,-36.679001247184885
BE10,6,17,236.0,-105.65638438439746
BE10,6,18,102.0,-315.54305769779063
BE10,6,19,113.0,-25.667558825675393
BE10,6,20,190.0,-61.193315695726625
BE10,6,21,227.0,-54.63820324499628
BE10,6,22,125.0,-207.0278420115161
BE10,6,23,168.0,-31.414556297230384
BE10,6,24,178.0,-209.6667633598307
BE10,6,25,203.0,-368.73783215929933
BE10,6,26,248.0,24.790512827193577
BE10,6,27,215.0,-59.720121081283544
BE10,6,28,108.0,-153.4853234929976
BE10,6,29,105.0,-165.28955629723038
BE10,6,30,250.0,13.0001579884839
BE10,6,31,164.0,-191.0648176212722
BE10,6,32,142.0,-204.3770814481358
BE10,6,33,152.0,15.884315883220744
BE10,6,34,248.0,-75.43529362441933
BE10,6,35,98.0,29.812484519096145
BE10,6,36,269.0,33.538908917851934
BE10,6,37,103.0,-201.5766575454967
BE10,6,38,170.0,6.266746223778019
BE10,6,39,117.0,45.85085884318475
BE10,6,40,264.0,62.2461579884839
BE10,6,41,367.0,-26.3171935101537
BE10,6,42,120.0,27.687824655150568
BE10,6,43,66.0,-260.3977814054555
BE10,6,44,172.0,-205.7538420115161
BE10,6,45,147.0,-122.10588282784263
BE10,6,46,118.0,12.487683412212714
BE10,6,47,215.0,-107.75267922081842
BE10,6,48,115.0,82.66572320587521
BE10,6,49,77.0,88.77537876770468
BE10,6,50,166.0,-166.13034803561249
BE10,6,51,176.0,55.518885261211175
BE10,6,52,243.0,-7.777504562956428
BE10,6,53,293.0,108.45008290315967
BE10,6,54,106.0,21.439554214898994
BE10,6,55,66.0,-330.42808443575854
BE10,6,56,251.0,120.33081934306557
BE10,6,57,245.0,112.59207635583084
BE10,6,58,69.0,-180.82992896803785
BE10,6,59,103.0,9.054410415668368
BE10,6,60,150.0,74.50949132181724
BE10,6,61,184.0,29.4961579884839
BE10,6,62,195.0,85.66282465515057
BE10,6,63,147.0,141.54717839664715
BE10,6,64,197.0,151.3159549427986
BE10,6,65,180.0,-226.67606423373832
BE10,6,66,171.0,38.428906526495595
BE10,6,67,86.0,108.77522775592575
BE10,6,68,176.0,-119.03225110242519
BE10,6,69,263.0,112.53988422422535
BE10,6,70,213.0,74.10413920914118
BE10,6,71,130.0,54.750004142330056
BE10,6,72,248.0,215.87922250461293
BE10,6,73,87.0,-53.0957960345046
BE10,6,74,209.0,151.9339570315461
BE10,6,75,115.0,-198.6734072289074
BE10,6,76,72.0,41.88504687737279
BE10,6,77,195.0,98.30385029617621
BE10,6,78,224.0,7.563122274198187
BE10,6,79,138.0,182.01789711891868
BE10,6,80,125.0,151.3961579884839
BE10,6,81,169.0,12.931069231087452
BE10,6,82,360.0,129.3461579884839
BE10,6,83,151.0,113.75774739245742
BE10,6,84,189.0,118.05435904668497
BE10,6,85,166.0,-159.10022755368476
BE10,6,86,172.0,123.810111476856
BE10,6,87,179.0,160.1302362007744
BE10,6,88,208.0,143.73654260386851
BE10,6,89,201.0,152.76730226709086
BE10,6,90,29.0,90.16857178158735
BE10,6,91,114.0,118.41721062006285
BE10,6,92,194.0,143.83120953487565
BE10,6,93,318.0,165.36093786269774
BE10,6,94,271.0,152.9592576194802
BE10,6,95,225.0,160.52949132181723
BE10,6,96,88.0,90.84843071575663
BE10,6,97,193.0,118.16714244444245
BE10,6,98,162.0,16.16899749465674
BE10,6,99,268.0,165.82451619743912
BE10,6,100,179.0,131.87883955272972
BE10,6,101,229.0,100.52454226795989
BE10,6,102,232.0,155.39702005744942
BE10,6,103,64.0,91.6524079884839
BE10,6,104,179.0,-40.584847598108276
BE10,6,105,111.0,220.7889507812767
BE10,6,106,134.0,309.3692923168421
BE10,6,107,142.0,43.066580523695166
BE10,6,108,150.0,-125.96384201151609
BE10,6,109,52.0,34.26538875771467
BE10,6,110,305.0,61.865010447500296
BE10,6,111,161.0,85.73528842326651
BE10,6,112,160.0,314.7211579884839
BE10,6,113,239.0,159.14678560354668
BE10,6,114,122.0,97.44697766061505
BE10,6,115,239.0,365.2764927165174
BE10,6,116,137.0,124.68228937534522
BE10,6,117,165.0,-20.34323595091004
BE10,6,118,202.0,20.45655402808786
BE10,6,119,38.0,296.8119474621681
BE10,6,120,191.0,-49.3755697602072
BE10,6,121,195.0,149.09872209104802
BE10,6,122,110.0,179.087067079393
BE10,6,123,150.0,-150.87050867818277
BE10,6,124,152.0,102.71984219901022
BE10,6,125,214.0,192.5802701380166
BE10,6,126,177.0,164.59502804498106
BE10,6,127,160.0,174.2336579884839
BE10,6,128,35.0,232.85330084562676
BE10,6,129,210.0,-75.25146105913515
BE10,6,130,76.0,171.77247377795757
BE10,6,131,81.0,137.9961579884839
BE10,6,132,42.0,-247.21812772580182
BE10,6,133,101.0,164.72883125581063
BE10,6,134,209.0,222.89089483058916
BE10,6,135,91.0,58.83132282364873
BE10,6,136,215.0,111.87987891871646
BE10,6,137,210.0,73.1961579884839
BE10,6,138,224.0,-61.977056297230384
BE10,6,139,221.0,242.95543400658346
BE10,6,140,293.0,206.58660167449074
BE10,6,141,270.0,228.3961579884839
BE10,6,142,228.0,208.73300009374705
BE10,6,143,218.0,102.18423138297932
BE10,6,144,167.0,211.53508014417253
BE10,6,145,107.0,-135.09729995544134
BE10,6,146,160.0,206.5274079884839
BE10,6,147,210.0,220.3723484646744
BE10,6,148,113.0,-87.90649687877274
BE10,6,149,271.0,223.16589968590088
BE10,6,150,100.0,-134.0438420115161
BE10,6,151,147.0,118.22745050549071
BE10,6,152,198.0,-37.210912718586805
BE10,6,153,181.0,160.5375944525723
BE10,6,154,225.0,145.68949132181723
BE10,6,155,292.0,186.61602100218252
BE10,6,156,83.0,82.96001341017065
BE10,6,157,155.0,127.6735773433226
BE10,6,158,208.0,267.3759656807916
BE10,6,159,197.0,259.9403204250321
BE10,6,160,241.0,283.46088827894033
BE10,6,161,225.0,198.8050468773728
BE10,6,162,145.0,-112.86591097703334
BE10,6,163,148.0,90.61777961010553
BE10,6,164,241.0,164.6974028017619
BE10,6,165,165.0,-81.04626625394035
BE10,6,166,355.0,176.46094672087827
BE10,6,167,103.0,6.0155754642120565
BE10,6,168,285.0,222.52949132181723
BE10,6,169,163.0,-83.59893403605598
BE10,6,170,295.0,187.4741240901788
BE10,6,171,126.0,182.81361830594423
BE10,6,172,50.0,149.7961579884839
BE10,6,173,258.0,336.50778589546064
BE10,6,174,146.0,294.2906785364291
BE10,6,175,219.0,127.58063287432866
BE10,6,176,214.0,241.94008322212875
BE10,6,177,206.0,231.27771138654217
BE10,6,178,196.0,124.0165661517492
BE10,6,179,71.0,185.390524185667
BE10,6,180,120.0,-74.8788420115161
BE10,6,181,177.0,22.787118440461303
BE10,6,182,162.0,159.28010860576785
BE10,6,183,170.0,189.60204034142507
BE10,6,184,160.0,-52.4975920115161
BE10,6,185,39.0,-83.92691893459302
BE10,6,186,201.0,-18.396876837386746
BE10,6,187,128.0,218.1914704884839
BE10,6,188,189.0,203.21838021070613
BE10,6,189,248.0,318.0042225046129
BE10,6,190,211.0,195.46535230128012
BE10,6,191,199.0,298.86550472215225
BE10,6,192,186.0,189.81873863364518
BE10,6,193,170.0,194.41968740024862
BE10,6,194,98.0,268.02677023338185
BE10,6,195,50.0,271.8561579884839
BE10,6,196,109.0,232.54661670408024
BE10,6,197,230.0,-25.786450707168274
BE10,6,198,256.0,265.2617829884839
BE10,6,199,236.0,305.0003952766195
BE10,6,200,213.0,128.36705000726323
BE10,6,201,155.0,196.06067411751616
BE10,6,202,266.0,264.1841279132959
BE10,6,203,234.0,254.21838021070613
BE10,6,204,196.0,208.28187227419818
BE10,6,205,272.0,268.6432168120133
BE10,6,206,55.0,124.23252162484754
BE10,6,207,254.0,126.023717043602
BE10,6,208,141.0,-131.4861115150622
BE10,6,209,133.0,43.46232340201774
BE10,6,210,246.0,251.317296199866
BE10,6,211,186.0,172.95852357988176
BE10,6,212,208.0,175.8182733730993
BE10,6,213,201.0,43.16033709296151
BE10,6,214,208.0,197.71250414233006
BE10,6,215,90.0,-74.61495312262721
BE10,6,216,290.0,261.5547786781391
BE10,6,217,142.0,-108.96863074391047
BE10,6,218,158.0,192.4202086213953
BE10,6,219,35.0,105.2818722741982
BE10,6,220,48.0,83.07949132181723
BE10,6,221,291.0,97.64220609844953
BE10,6,222,171.0,-71.03892973081435
BE10,6,223,66.0,288.3294913218172
BE10,6,224,188.0,-108.59426754343099
BE10,6,225,123.0,281.8742067689717
BE10,6,226,224.0,223.72830084562676
BE10,6,227,134.0,241.7424266452003
BE10,6,228,213.0,258.98207348144166
BE10,6,229,240.0,144.98782465515058
BE10,6,230,146.0,244.8934182624565
BE10,6,231,93.0,142.31873863364518
BE10,6,232,128.0,308.4024079884839
BE10,6,233,128.0,149.9492829884839
BE10,6,234,59.0,169.67412409017882
BE10,6,235,151.0,277.0623831540468
BE10,6,236,126.0,272.21838021070613
BE10,6,237,150.0,238.26282465515058
BE10,6,238,250.0,294.2721579884839
BE10,6,239,155.0,158.06067411751616
BE10,6,240,226.0,382.57137922742197
BE10,6,241,109.0,133.76680019031878
BE10,6,242,130.0,-21.842303549977636
BE10,6,243,159.0,197.70056050420717
BE10,6,244,125.0,-81.9558420115161
BE10,6,245,191.0,192.38882814555197
BE10,6,246,62.0,255.68970637558067
BE10,6,247,224.0,36.51847941705533
BE10,6,248,226.0,261.5581048911388
BE10,6,249,252.0,164.26599925832517
BE10,6,250,287.0,159.6372729710623
BE10,6,251,166.0,-51.47974562597393
BE10,6,252,209.0,266.0822823903978
BE10,6,253,179.0,47.94587865887496
BE10,6,254,218.0,-51.448796139956464
BE10,6,255,130.0,282.11154260386854
BE10,6,256,147.0,-92.22152908634602
BE10,6,257,224.0,135.00955084562676
BE10,6,258,249.0,269.6266800768373
BE10,6,259,46.0,97.21354929283173
BE10,6,260,193.0,170.4521165377067
BE10,6,261,81.0,-29.040879048553137
BE10,6,262,195.0,-50.778200985875074
BE10,6,263,90.0,122.67393576626168
BE10,6,264,263.0,162.65395266528998
BE10,6,265,360.0,167.79060243292835
BE10,6,266,174.0,152.38121545974826
BE10,6,267,192.0,44.115949655150565
BE10,6,268,165.0,183.4022185945445
BE10,6,269,132.0,64.45827920060512
BE10,6,270,151.0,191.50609176331835
BE10,6,271,158.0,-115.63042428999711
BE10,6,272,147.0,123.38391309052471
BE10,6,273,171.0,11.697912374448814
BE10,6,274,234.0,188.32521781754372
BE10,6,275,184.0,56.89833190152738
BE10,6,276,242.0,214.05400922815332
BE10,6,277,66.0,164.4961579884839
BE10,6,278,179.0,59.923532290159876
BE10,6,279,201.0,182.24491420738937
BE10,6,280,217.0,88.42472941705533
BE10,6,281,220.0,261.93252162484754
BE10,6,282,239.0,-86.97036920816882
BE10,6,283,151.0,106.51271427987463
BE10,6,284,176.0,175.88252162484753
BE10,6,285,225.0,180.06726909959502
BE10,6,286,190.0,-15.46699990625294
BE10,6,287,130.0,31.803850296176208
BE10,6,288,225.0,210.78726909959502
BE10,6,289,302.0,54.23787984278854
BE10,6,290,172.0,197.83918124429786
BE10,6,291,109.0,17.491570832520598
BE10,6,292,221.0,184.65226658576896
BE10,6,293,146.0,45.7016374405387
BE10,6,294,102.0,53.741256027699585
BE10,6,295,175.0,71.9961579884839
BE10,6,296,124.0,-71.2780355599032
BE10,6,297,249.0,40.36161983587346
BE10,6,298,237.0,140.76830988721807
BE10,6,299,65.0,71.11923491156082
BE10,6,300,179.0,116.15258256948948
BE10,6,301,152.0,-18.674894643095048
BE10,6,302,82.0,125.95957262263025
BE10,6,303,221.0,202.97353355409476
BE10,6,304,158.0,23.426537735319343
BE10,6,305,139.0,149.5573090676206
BE10,6,306,44.0,108.7461579884839
BE10,6,307,143.0,168.02413001645593
BE10,6,308,193.0,-128.62042232239693
BE10,6,309,125.0,61.9241579884839
BE10,6,310,246.0,126.08558888279285
BE10,6,311,177.0,88.94531053085679
BE10,6,312,91.0,125.91923491156082
BE10,6,313,195.0,-47.239739447413534
BE10,6,314,161.0,41.06448096985036
BE10,6,315,96.0,-39.024675344849435
BE10,6,316,80.0,74.0336579884839
BE10,6,317,200.0,161.5311579884839
BE10,6,318,189.0,190.3824013747273
BE10,6,319,176.0,124.962067079393
BE10,6,320,34.0,89.05498151789567
BE10,6,321,162.0,143.1566518156444
BE10,6,322,208.0,173.6211579884839
BE10,6,323,163.0,103.41333590259433
BE10,6,324,98.0,108.39411717215737
BE10,6,325,115.0,121.10920146674476
BE10,6,326,177.0,46.78146872294718
BE10,6,327,97.0,160.55285901941173
BE10,6,328,154.0,156.14550863783455
BE10,6,329,281.0,35.02106902051237
BE10,6,330,113.0,-41.747204843374504
BE10,6,331,231.0,128.36845236077826
BE10,6,332,160.0,164.7899079884839
BE10,6,333,190.0,147.5961579884839
BE10,6,334,170.0,158.3255697531898
BE10,6,335,260.0,157.1961579884839
BE10,6,336,133.0,162.6352557328448
BE10,6,337,207.0,-31.849252639535422
BE10,6,338,109.0,-7.737786965644539
BE10,6,339,164.0,134.71567018360585
BE10,6,340,204.0,152.4912560276996
BE10,6,341,137.0,51.93776382789996
BE10,6,342,311.0,47.39165638076686
BE10,6,343,266.0,26.774353477205704
BE10,6,344,179.0,138.38721944099788
BE10,6,345,131.0,85.41600531672817
BE10,6,346,205.0,54.31323115921561
BE10,6,347,169.0,66.71213431984485
BE10,6,348,149.0,-61.695117179301334
BE10,6,349,326.0,63.04523774308513
BE10,6,350,136.0,147.98145210613097
BE10,6,351,211.0,-12.743178504407094
BE10,6,352,205.0,55.26445067141073
BE10,6,353,184.0,92.57767972761434
BE10,6,354,207.0,117.47441885804912
BE10,6,355,205.0,-12.930671279808783
BE10,6,356,232.0,-152.3788420115161
BE10,6,357,184.0,-106.66145070716827
BE10,6,358,147.0,21.091396083721996
BE10,6,359,29.0,132.82374419538044
BE10,6,360,185.0,57.309671501997414
BE10,6,361,112.0,52.8086579884839
BE10,6,362,105.0,46.539015131341046
BE10,6,363,241.0,41.83433226234282
BE10,6,364,160.0,72.3024079884839
BE10,6,365,52.0,-196.34999585766994
BE10,6,366,160.0,47.7649079884839
BE10,6,367,69.0,-60.19224780861755
BE10,6,368,207.0,95.619346394281
BE10,6,369,220.0,-95.50838746606155
BE10,6,370,162.0,11.131960457619703
BE10,6,371,41.0,-145.83311030419904
BE10,6,372,174.0,-26.83717534484943
BE10,6,373,284.0,62.70390446735714
BE10,6,374,259.0,93.10426609659201
BE10,6,375,333.0,-61.132971140645225
BE10,6,376,91.0,-22.8060398137139
BE10,6,377,105.0,-71.28003248770658
BE10,6,378,240.0,-25.895508678182765
BE10,6,379,178.0,-62.560021786796995
BE10,6,380,155.0,44.7961579884839
BE10,6,381,264.0,24.598430715756628
BE10,6,382,97.0,58.66626108126741
BE10,6,383,180.0,23.98504687737279
BE10,6,384,137.0,79.48520908337441
BE10,6,385,275.0,-47.77475110242519
BE10,6,386,182.0,183.12253161485754
BE10,6,387,166.0,-23.208661288624533
BE10,6,388,192.0,30.63157465515057
BE10,6,389,85.0,-82.52148907033963
BE10,6,390,163.0,31.591250013023778
BE10,6,391,92.0,94.71354929283173
BE10,6,392,165.0,-18.25232686000095
BE10,6,393,231.0,-12.843668851342938
BE10,6,394,72.0,43.315602432928344
BE10,6,395,64.0,-8.175717011516099
BE10,6,396,143.0,-44.332513340187425
BE10,6,397,213.0,83.7567213687656
BE10,6,398,183.0,-153.85630102790955
BE10,6,399,181.0,-98.69444974632273
BE10,6,400,108.0,-126.0964346041087
BE10,6,401,137.0,-24.46369602611464
BE10,6,402,103.0,41.24858517294992
BE10,6,403,262.0,28.473257225125124
BE10,6,404,35.0,-201.03241344008754
BE10,6,405,87.0,-39.49809488507932
BE10,6,406,198.0,-20.55434706202115
BE10,6,407,127.0,-63.712503428838936
BE10,6,408,105.0,-70.78479439246848
BE10,6,409,161.0,-33.823717787913615
BE10,6,410,178.0,20.147843381742327
BE10,6,411,182.0,-44.5038420115161
BE10,6,412,234.0,-80.82435483202892
BE10,6,413,61.0,-137.95466168364726
BE10,6,414,216.0,0.14893576626167893
BE10,6,415,226.0,-19.410921657533798
BE10,6,416,95.0,-70.01436832730558
BE10,6,417,145.0,-43.6590144253092
BE10,6,418,188.0,-93.84958669236717
BE10,6,419,129.0,-65.40694278670989
BE10,6,420,180.0,-5.776064233738321
BE10,6,421,73.0,-39.346307764940754
BE10,6,422,187.0,-4.014537198681874
BE10,6,423,58.0,-120.48660063220575
BE10,7,1,188.0,-548.1053516165732
BE10,7,2,103.0,-414.56088766284444
BE10,7,3,175.0,-369.4155339873938
BE10,7,4,171.0,-500.5906384151299
BE10,7,5,145.0,-431.70223349478306
BE10,7,6,113.0,-66.89442147159117
BE10,7,7,147.0,-370.86859521188376
BE10,7,8,163.0,-532.14454362806
BE10,7,9,162.0,-474.7693258745191
BE10,7,10,24.0,-91.22148636834633
BE10,7,11,207.0,-508.8670177693124
BE10,7,12,206.0,-16.847295429835
BE10,7,13,211.0,-258.9819524031015
BE10,7,14,159.0,133.5292997951757
BE10,7,15,205.0,278.19213151783254
BE10,7,16,32.0,199.38268029832034
BE10,7,17,170.0,75.54665088655562
BE10,7,18,213.0,-518.7232469317265
BE10,7,19,111.0,101.09720732534737
BE10,7,20,47.0,88.15528668129906
BE10,7,21,224.0,148.51660886974892
BE10,7,22,193.0,-190.97645182603196
BE10,7,23,125.0,-195.31381970167965
BE10,7,24,102.0,115.77606265126151
BE10,7,25,121.0,47.086709223940176
BE10,7,26,148.0,58.536396514536555
BE10,7,27,159.0,20.963262059326627
BE10,7,28,92.0,0.02670203745077268
BE10,7,29,153.0,98.42965742250334
BE10,7,30,145.0,61.17362857418241
BE10,7,31,120.0,-72.42148636834632
BE10,7,32,93.0,215.80136309401925
BE10,7,33,188.0,-50.318117574020086
BE10,7,34,153.0,253.27933062511775
BE10,7,35,81.0,-89.3989555041488
BE10,7,36,102.0,247.0211606904772
BE10,7,37,77.0,234.719530947671
BE10,7,38,84.0,306.7963707745108
BE10,7,39,179.0,307.36626968379517
BE10,7,40,125.0,179.15018029832035
BE10,7,41,47.0,273.2191164685331
BE10,7,42,144.0,187.54240252054257
BE10,7,43,167.0,-144.95377179748806
BE10,7,44,147.0,-53.337982966985784
BE10,7,45,107.0,35.0141055319652
BE10,7,46,91.0,-123.65509442695439
BE10,7,47,182.0,299.4822682104082
BE10,7,48,137.0,280.8147058457656
BE10,7,49,64.0,274.03893029832034
BE10,7,50,180.0,80.29795807609811
BE10,7,51,123.0,285.07018029832045
BE10,7,52,174.0,325.17362857418243
BE10,7,53,187.0,-72.19719938082405
BE10,7,54,108.0,101.27388400202405
BE10,7,55,201.0,275.53784198986267
BE10,7,56,199.0,138.06013004706406
BE10,7,57,91.0,239.718531946672
BE10,7,58,176.0,292.6156348437749
BE10,7,59,167.0,250.03425215460774
BE10,7,60,190.0,209.9491276667414
BE10,7,61,227.0,253.87194241285778
BE10,7,62,130.0,305.30094952908956
BE10,7,63,89.0,-282.72757251066844
BE10,7,64,193.0,342.5365015418437
BE10,7,65,171.0,293.549712462063
BE10,7,66,177.0,153.49955882939378
BE10,7,67,100.0,-239.90981970167965
BE10,7,68,288.0,368.486846964987
BE10,7,69,203.0,13.533234485512455
BE10,7,70,252.0,314.4471644253045
BE10,7,71,225.0,396.0746247427648
BE10,7,72,252.0,311.24478347292353
BE10,7,73,102.0,296.4623371610654
BE10,7,74,112.0,204.77553744117748
BE10,7,75,235.0,-132.79790480806264
BE10,7,76,138.0,-60.118225498781115
BE10,7,77,120.0,-192.75481970167965
BE10,7,78,96.0,160.21601363165368
BE10,7,79,158.0,366.3739777666748
BE10,7,80,114.0,173.9210574913028
BE10,7,81,72.0,400.8479580760981
BE10,7,82,179.0,51.226604879325926
BE10,7,83,301.0,415.19310388636023
BE10,7,84,161.0,249.47390700639488
BE10,7,85,160.0,211.62018029832035
BE10,7,86,176.0,23.02472575286579
BE10,7,87,178.0,-138.99161745448865
BE10,7,88,204.0,71.08488618067328
BE10,7,89,100.0,378.6101802983205
BE10,7,90,65.0,-175.92981970167966
BE10,7,91,94.0,351.19783987278845
BE10,7,92,123.0,335.9888794853123
BE10,7,93,211.0,373.09387698078484
BE10,7,94,164.0,300.62505834710083
BE10,7,95,95.0,298.6491276667414
BE10,7,96,216.0,369.41277289091295
BE10,7,97,213.0,185.08895964104335
BE10,7,98,193.0,246.58831501334626
BE10,7,99,182.0,171.21303744117748
BE10,7,100,40.0,157.77018029832033
BE10,7,101,135.0,271.60351363165364
BE10,7,102,306.0,242.5473044813269
BE10,7,103,130.0,60.29325722139726
BE10,7,104,236.0,347.3117057220492
BE10,7,105,195.0,232.4599238880639
BE10,7,106,113.0,153.32681746646193
BE10,7,107,124.0,120.82824481444938
BE10,7,108,143.0,132.6505998787399
BE10,7,109,114.0,186.04386450884667
BE10,7,110,211.0,328.9043035210692
BE10,7,111,75.0,182.896846964987
BE10,7,112,143.0,82.19605442419446
BE10,7,113,136.0,205.08488618067327
BE10,7,114,103.0,209.8274618517184
BE10,7,115,57.0,-73.94736356132879
BE10,7,116,181.0,3.633716209922548
BE10,7,117,120.0,-22.929819701679662
BE10,7,118,185.0,249.67018029832036
BE10,7,119,31.0,70.71534158864291
BE10,7,120,105.0,90.76541839355843
BE10,7,121,155.0,143.2637286854171
BE10,7,122,166.0,116.58222849109143
BE10,7,123,110.0,117.88836211650215
BE10,7,124,172.0,167.04692448436685
BE10,7,125,250.0,110.62618029832034
BE10,7,126,98.0,65.4681394819938
BE10,7,127,94.0,99.78294625576714
BE10,7,128,194.0,72.9413143189389
BE10,7,129,226.0,141.20734843991326
BE10,7,130,134.0,126.42838925354422
BE10,7,131,95.0,32.71228556147823
BE10,7,132,159.0,120.7934507385719
BE10,7,133,215.0,119.25157564715755
BE10,7,134,179.0,72.81878365027565
BE10,7,135,134.0,10.45077731324571
BE10,7,136,140.0,150.08446601260604
BE10,7,137,181.0,155.578467591138
BE10,7,138,164.0,-59.61884409192356
BE10,7,139,244.0,10.098868822910502
BE10,7,140,133.0,-72.37342872423605
BE10,7,141,405.0,92.49734079214751
BE10,7,142,114.0,14.64035573691683
BE10,7,143,237.0,59.821235150641016
BE10,7,144,122.0,74.82427865897607
BE10,7,145,201.0,-175.2780784081473
BE10,7,146,140.0,-111.92981970167966
BE10,7,147,94.0,-137.41918140380733
BE10,7,148,130.0,0.4855649137049533
BE10,7,149,134.0,-95.01190925391847
BE10,7,150,75.0,47.48351363165367
BE10,7,151,129.0,-66.75927706602074
BE10,7,152,112.0,-89.73339113025109
BE10,7,153,141.0,-40.76669913430378
BE10,7,154,191.0,-62.07641656031841
BE10,7,155,67.0,-40.03429731361996
BE10,7,156,224.0,-74.73339113025109
BE10,7,157,165.0,-245.74800151986145
BE10,7,158,101.0,-94.25655237494699
BE10,8,1,154.0,-185.19887503450218
BE10,8,2,50.0,144.35125483562769
BE10,8,3,100.0,41.371254835627695
BE10,8,4,202.0,-20.234685758431723
BE10,8,5,106.0,669.7184246469487
BE10,8,6,109.0,-31.27369929281269
BE10,8,7,159.0,-23.278430698963515
BE10,8,8,124.0,90.24383548078899
BE10,8,9,100.0,151.7212548356277
BE10,8,10,164.0,335.8968645917253
BE10,8,11,210.0,234.94744531181814
BE10,8,12,172.0,-16.16014051320953
BE10,8,13,219.0,106.0685151096003
BE10,8,14,139.0,-12.285579696746423
BE10,8,15,205.0,49.759059713676464
BE10,8,16,58.0,171.92987552528285
BE10,8,17,70.0,1047.1998262641996
BE10,8,18,184.0,104.49734179214941
BE10,8,19,214.0,-56.567062921381655
BE10,8,20,102.0,25.141843070921794
BE10,8,21,104.0,0.555870220243063
BE10,8,22,225.0,116.83569928007213
BE10,8,23,128.0,-161.71937016437232
BE10,8,24,92.0,-212.70917994698107
BE10,8,25,83.0,187.73149579948313
BE10,8,26,167.0,19.329937470358217
BE10,8,27,84.0,47.82601674038958
BE10,8,28,145.0,190.80918587011044
BE10,8,29,172.0,95.61311530074397
BE10,8,30,82.0,74.0493036161155
BE10,8,31,164.0,-3.1519158960796387
BE10,8,32,146.0,277.5479671643948
BE10,8,33,237.0,285.0510016710708
BE10,8,34,149.0,-172.9797518757817
BE10,8,35,152.0,166.6186232566803
BE10,8,36,88.0,-21.726472437099595
BE10,8,37,193.0,199.4432755610163
BE10,8,38,130.0,82.67125483562768
BE10,8,39,216.0,94.41199557636843
BE10,8,40,97.0,138.85682184593696
BE10,8,41,259.0,185.66353282790567
BE10,8,42,73.0,-66.89038899998876
BE10,8,43,24.0,-80.28707849770565
BE10,8,44,114.0,92.45195659001365
BE10,8,45,205.0,242.17369386001792
BE10,8,46,201.0,200.80060806945855
BE10,8,47,311.0,202.90919695781417
BE10,8,48,94.0,18.26699951647874
BE10,8,49,278.0,171.6280893680018
BE10,8,50,163.0,-34.1876408698938
BE10,8,51,226.0,76.11815749049494
BE10,8,52,677.0,130.32561229500732
BE10,8,53,51.0,254.92615679641202
BE10,8,54,87.0,161.19999046781163
BE10,8,55,177.0,215.38876895992144
BE10,8,56,78.0,-18.085155420782577
BE10,8,57,154.0,162.1972288616017
BE10,8,58,260.0,533.8597163740893
BE10,8,59,157.0,457.41647776556414
BE10,8,60,50.0,21.77125483562768
BE10,8,61,93.0,249.41319031949857
BE10,8,62,58.0,175.20573759424838
BE10,8,63,272.0,122.66022542386297
BE10,8,64,129.0,-53.669830435690145
BE10,8,65,72.0,104.69903261340545
BE10,8,66,76.0,150.90809694089086
BE10,8,67,166.0,203.68330302839877
BE10,8,68,191.0,233.27334907646534
BE10,8,69,222.0,191.58116474553756
BE10,8,70,181.0,261.7928017969536
BE10,8,71,167.0,-29.167068517665736
BE10,8,72,135.0,206.59718076155357
BE10,8,73,170.0,214.19478424739233
BE10,8,74,100.0,269.7612548356276
BE10,8,75,156.0,156.48535739973025
BE10,8,76,132.0,323.4970124113852
BE10,8,77,125.0,320.4952548356278
BE10,8,78,84.0,636.5998262641994
BE10,8,79,130.0,185.04048560485845
BE10,8,80,159.0,277.9165378544955
BE10,8,81,234.0,361.2182633826363
BE10,8,82,283.0,262.6995233868644
BE10,8,83,218.0,279.0657502484718
BE10,8,84,63.0,113.79823896261186
BE10,8,85,199.0,193.03306388085375
BE10,8,86,55.0,116.65307301744592
BE10,8,87,243.0,255.75355936237665
BE10,8,88,229.0,888.2389404251475
BE10,8,89,239.0,131.94740546324275
BE10,8,90,60.0,-61.47874516437232
BE10,8,91,164.0,165.90296215270087
BE10,8,92,131.0,91.31247620967349
BE10,8,93,122.0,-57.08284352502805
BE10,8,94,249.0,204.24153596012567
BE10,8,95,142.0,366.47407173703624
BE10,8,96,206.0,159.39941017543345
BE10,8,97,125.0,349.2952548356278
BE10,8,98,84.0,13.80220721658006
BE10,8,99,115.0,340.6625591834539
BE10,8,100,92.0,117.95386353127988
BE10,8,101,218.0,166.4923557530589
BE10,8,102,162.0,190.3873042183437
BE10,8,103,154.0,208.79463145900428
BE10,8,104,245.0,102.73247932542357
BE10,8,105,196.0,192.4518670805256
BE10,8,106,194.0,147.57331669129778
BE10,8,107,151.0,313.5454270210581
BE10,8,108,287.0,283.4168994349308
BE10,8,109,132.0,236.58792150229436
BE10,8,110,151.0,204.4394667561575
BE10,8,111,194.0,155.01146102119466
BE10,8,112,168.0,214.53435007372295
BE10,8,113,224.0,275.52839769277057
BE10,8,114,132.0,132.37580029017315
BE10,8,115,149.0,559.0403823524064
BE10,8,116,142.0,99.43886046943051
BE10,8,117,195.0,19.15330611767896
BE10,8,118,182.0,119.78114494551781
BE10,8,119,162.0,415.15890915661544
BE10,8,120,124.0,295.6470612872406
BE10,8,121,178.0,196.9296818019198
BE10,8,122,80.0,47.35875483562768
BE10,8,123,117.0,216.8507420151148
BE10,8,124,90.0,658.8045881689612
BE10,8,125,85.0,87.18890189445123
BE10,8,126,64.0,466.7962548356277
BE10,8,127,95.0,259.7554653619434
BE10,8,128,51.0,838.3379215022946
BE10,8,129,191.0,551.8387941026436
BE10,8,130,215.0,142.38288274260444
BE10,8,131,214.0,541.3067688543196
BE10,8,132,132.0,191.35307301744587
BE10,8,133,85.0,184.81243130621593
BE10,8,134,129.0,207.8262935953176
BE10,8,135,177.0,700.5469610503171
BE10,8,136,156.0,282.0174086817815
BE10,8,137,91.0,263.2976284620013
BE10,8,138,129.0,286.23714630849594
BE10,8,139,122.0,262.10568106513585
BE10,8,140,172.0,249.97358041702302
BE10,8,141,60.0,125.2212548356277
BE10,8,142,154.0,130.33359249796536
BE10,8,143,116.0,191.7488410425242
BE10,8,144,201.0,523.3428966266727
BE10,8,145,174.0,239.03332380114486
BE10,8,146,244.0,130.58109090120146
BE10,8,147,137.0,47.890232937817466
BE10,8,148,148.0,396.51584943022226
BE10,8,149,201.0,420.0344389152297
BE10,8,150,212.0,178.85050011864652
BE10,8,151,162.0,404.22681039118334
BE10,8,152,185.0,96.26044402481686
BE10,8,153,231.0,444.1864063507794
BE10,8,154,220.0,383.0758002901732
BE10,8,155,68.0,-136.88756869378406
BE10,8,156,130.0,-97.46720670283385
BE10,8,157,205.0,338.3102792258717
BE10,8,158,73.0,83.10961100001124
BE10,8,159,165.0,-68.52268455831171
BE10,8,160,71.0,-84.52592826296383
BE10,8,161,150.0,187.56458816896102
BE10,8,162,34.0,184.23007836503947
BE10,8,163,197.0,215.16364062242968
BE10,8,164,192.0,379.957713168961
BE10,8,165,158.0,170.42441939258973
BE10,8,166,187.0,137.98141526343514
BE10,8,167,213.0,156.06092619713
BE10,8,168,72.0,17.11569928007212
BE10,8,169,175.0,87.53982626419912
BE10,8,170,339.0,346.86594510111445
BE10,8,171,81.0,31.794711625751134
BE10,8,172,219.0,169.90413154795647
BE10,8,173,301.0,415.98686945356786
BE10,8,174,229.0,137.0074993771124
BE10,8,175,205.0,133.34930361611546
BE10,8,176,138.0,268.0842983138885
BE10,8,177,171.0,105.37300922159261
BE10,8,178,237.0,43.966613485416715
BE10,8,179,62.0,105.92931935175676
BE10,8,180,314.0,198.4260319056914
BE10,8,181,140.0,127.94268340705626
BE10,8,182,147.0,238.2494861281447
BE10,8,183,203.0,146.08012183070156
BE10,8,184,234.0,160.4233915877644
BE10,8,185,131.0,268.13690369058946
BE10,8,186,184.0,317.7962548356277
BE10,8,187,149.0,219.66454342623166
BE10,8,188,71.0,161.5585787792897
BE10,8,189,138.0,213.07705193707696
BE10,8,190,202.0,806.4286805782021
BE10,8,191,177.0,154.73340172828307
BE10,8,192,143.0,303.38454154891434
BE10,8,193,225.0,362.61347705785
BE10,8,194,182.0,326.0448812092541
BE10,8,195,77.0,-55.71835555398268
BE10,8,196,255.0,191.57713718856886
BE10,8,197,224.0,359.54179054991346
BE10,8,198,276.0,158.6567620820045
BE10,8,199,96.0,151.16083816896102
BE10,8,200,172.0,55.11311530074397
BE10,8,201,116.0,-59.94943481954472
BE10,8,202,120.0,410.09625483562775
BE10,8,203,166.0,157.9182427874349
BE10,8,204,91.0,415.92400208837506
BE10,8,205,282.0,187.77054561576952
BE10,8,206,227.0,236.1514310470814
BE10,8,207,134.0,404.32797125353824
BE10,8,208,124.0,29.38093225498252
BE10,8,209,138.0,409.8161823718596
BE10,8,210,275.0,28.783982108354955
BE10,8,211,207.0,449.062559183454
BE10,8,212,296.0,422.2996332140061
BE10,8,213,76.0,794.0133600987857
BE10,8,214,187.0,-93.99719436223329
BE10,8,215,169.0,920.0795388592965
BE10,8,216,137.0,68.45957600351089
BE10,8,217,131.0,2.1063693394444725
BE10,8,218,254.0,106.26574302460406
BE10,8,219,164.0,8.457840201481337
BE10,8,220,205.0,225.20296215270085
BE10,8,221,153.0,252.6058953585035
BE10,8,222,145.0,-17.280469302303356
BE10,8,223,162.0,224.90582273686223
BE10,8,224,218.0,329.0565759365452
BE10,8,225,261.0,142.9471169045932
BE10,8,226,105.0,115.10935007372292
BE10,8,227,162.0,251.4366869343931
BE10,8,228,154.0,-45.54952438515154
BE10,8,229,102.0,-41.80913732123504
BE10,8,230,121.0,296.6795192984376
BE10,8,231,211.0,108.01248706311583
BE10,8,232,148.0,561.7928764572495
BE10,8,233,232.0,-122.06581412988956
BE10,8,234,85.0,-16.77580398790173
BE10,8,235,137.0,247.07271468964225
BE10,8,236,168.0,-20.048983259610416
BE10,8,237,145.0,66.71263414597252
BE10,8,238,177.0,51.80119833845254
BE10,8,239,209.0,20.522929476776007
BE10,8,240,158.0,699.3991029368937
BE10,8,241,167.0,81.27005723083728
BE10,8,242,256.0,545.9407860856279
BE10,8,243,181.0,103.14086809529621
BE10,8,244,245.0,232.25084667236246
BE10,8,245,91.0,36.61630978068262
BE10,8,246,151.0,101.72423496807804
BE10,8,247,203.0,195.3707622247902
BE10,8,248,136.0,465.2521371885689
BE10,8,249,129.0,61.027843982914504
BE10,8,250,308.0,54.84657951095236
BE10,8,251,125.0,195.8952548356276
BE10,8,252,82.0,196.64686459172526
BE10,8,253,204.0,443.64674503170625
BE10,8,254,101.0,54.83957166731087
BE10,8,255,99.0,148.6813558457287
BE10,8,256,170.0,156.9653724826865
BE10,8,257,197.0,277.610341130044
BE10,8,258,31.0,331.2518999969181
BE10,8,259,171.0,137.3613133151598
BE10,8,260,243.0,6.65479393027789
BE10,8,261,217.0,3.3210244208811366
BE10,8,262,125.0,205.6152548356276
BE10,8,263,144.0,3.1018103911832338
BE10,8,264,142.0,132.65717032858538
BE10,8,265,81.0,181.33792150229436
BE10,8,266,110.0,163.534891199264
BE10,8,267,101.0,321.5722449346375
BE10,8,268,65.0,147.8712548356277
BE10,8,269,70.0,176.97125483562772
BE10,8,270,225.0,103.5912548356277
BE10,8,271,173.0,141.46316235007856
BE10,8,272,126.0,113.6712548356277
BE10,8,273,238.0,124.95276744066966
BE10,8,274,71.0,95.26280413140238
BE10,8,275,177.0,28.383119242407343
BE10,8,276,180.0,121.4323659467388
BE10,8,277,126.0,229.6712548356276
BE10,8,278,101.0,118.29501721186533
BE10,8,279,129.0,447.4076889441548
BE10,8,280,71.0,112.09379004689534
BE10,8,281,161.0,195.47870825177674
BE10,8,282,101.0,33.99798750889501
BE10,8,283,197.0,99.58496041938399
BE10,8,284,150.0,284.3379215022943
BE10,8,285,199.0,128.14361664467285
BE10,8,286,96.0,64.93167150229435
BE10,8,287,160.0,84.72750483562768
BE10,8,288,88.0,189.5576184719913
BE10,8,289,240.0,227.42125483562765
BE10,8,290,114.0,35.24143027422417
BE10,8,291,162.0,-43.1065229421501
BE10,8,292,254.0,-12.462603432088857
BE10,8,293,196.0,45.30390789685218
BE10,8,294,125.0,104.4392548356277
BE10,8,295,140.0,31.785540549913392
BE10,8,296,149.0,-70.89921496303003
BE10,8,297,70.0,-138.08588802151513
BE10,8,298,78.0,11.235357399730242
BE10,8,299,159.0,363.10521709977877
BE10,8,300,90.0,179.93792150229436
BE10,8,301,148.0,-62.49090732653448
BE10,8,302,82.0,-15.218989066811346
BE10,8,303,165.0,342.0288305932034
BE10,8,304,191.0,30.660783631439212
BE10,8,305,219.0,244.6529899954451
BE10,8,306,173.0,543.7810814252232
BE10,8,307,148.0,253.72530888968174
BE10,8,308,45.0,-83.5287451643723
BE10,8,309,188.0,-73.52555367501061
BE10,8,310,90.0,236.94903261340542
BE10,8,311,82.0,-201.38972077412842
BE10,8,312,130.0,-67.78259131821846
BE10,8,313,149.0,-115.76498677511057
BE10,8,314,179.0,136.47013751719192
BE10,8,315,54.0,-178.8657822014093
BE10,8,316,154.0,-158.5949789306061
BE10,8,317,189.0,-135.47689331252047
BE10,8,318,107.0,-97.46893208026016
BE10,8,319,91.0,170.94598011035296
BE10,8,320,64.0,-12.969370164372322
BE10,8,321,36.0,-138.93985627548338
BE10,9,1,248.0,-515.4322182363929
BE10,9,2,255.0,-19.75546301817665
BE10,9,3,103.0,66.60935708462175
BE10,9,4,82.0,-160.40094364945355
BE10,9,5,187.0,53.47234446845437
BE10,9,6,184.0,-128.43660112559354
BE10,9,7,236.0,-2.6645856502803373
BE10,9,8,192.0,102.72621590339197
BE10,9,9,179.0,-10.427037122678785
BE10,9,10,179.0,-17.522009189717892
BE10,9,11,31.0,52.99520111844574
BE10,9,12,87.0,81.78422596086324
BE10,9,13,179.0,57.695867905254175
BE10,9,14,181.0,107.04421198994814
BE10,9,15,252.0,119.2249758240269
BE10,9,16,202.0,-52.25423995469383
BE10,9,17,159.0,-77.63433834189104
BE10,9,18,273.0,160.10745445650554
BE10,9,19,76.0,102.43153388584813
BE10,9,20,269.0,178.25818229124823
BE10,9,21,172.0,197.8489145468028
BE10,9,22,356.0,258.77999633410354
BE10,9,23,330.0,266.71191666096774
BE10,9,24,232.0,235.9494558459207
BE10,9,25,385.0,262.33009847914957
BE10,9,26,226.0,1.5971137647489113
BE10,9,27,199.0,20.69839450473201
BE10,9,28,231.0,343.50239285144386
BE10,9,29,339.0,-23.91468564528059
BE10,9,30,307.0,398.26009551794135
BE10,9,31,253.0,-78.73551416907179
BE10,9,32,258.0,299.0582168723842
BE10,9,33,316.0,357.3760708611979
BE10,9,34,463.0,248.9747872676828
BE10,9,35,647.0,247.41575254687473
BE10,9,36,432.0,234.42008164413272
BE10,9,37,619.0,293.24524020333814
BE10,9,38,505.0,140.25665113441508
BE10,9,39,563.0,298.62242852920605
BE10,9,40,330.0,134.87252272157377
BE10,9,41,288.0,281.14809090339196
BE10,9,42,945.0,323.3522245012756
BE10,9,43,990.0,307.29575504480607
BE10,9,44,519.0,244.94933126948058
BE10,9,45,843.0,356.80463746329707
BE10,9,46,285.0,206.7999549384797
BE10,9,47,749.0,372.44797686244846
BE10,9,48,883.0,196.01489205476983
BE10,9,49,993.0,254.9823368751946
BE10,9,50,1261.0,205.79039694357172
BE10,9,51,338.0,255.114498694319
BE10,9,52,649.0,260.52609231582136
BE10,9,53,352.0,152.67839393369502
BE10,9,54,754.0,269.61490677430265
BE10,9,55,393.0,246.22100757005865
BE10,9,56,420.0,259.58053137958245
BE10,9,57,430.0,137.70705408168655
BE10,9,58,697.0,183.73894157292807
BE10,9,59,936.0,264.50519560424664
BE10,9,60,627.0,159.94668540099966
BE10,9,61,878.0,161.3257911691475
BE10,9,62,549.0,136.95142651359237
BE10,9,63,422.0,14.218637901812201
BE10,9,64,208.0,-10.202069353018278
BE10,9,65,334.0,-9.036477459881475
BE10,9,66,453.0,7.280610219065268
BE10,9,67,171.0,-54.91934330713433
BE10,9,68,161.0,-224.87837131192893
BE10,9,69,403.0,-51.53829764085946
BE10,9,70,788.0,46.0814136614292
BE10,9,71,484.0,-127.61163705804053
BE10,9,72,244.0,-173.72981210207254
BE10,9,73,290.0,-57.07209587821722
BE10,9,74,516.0,-44.42434126715066
BE10,9,75,247.0,-129.85186692386853
BE10,9,76,319.0,29.948280297331372
BE10,9,77,396.0,118.59474494379602
BE10,9,78,382.0,-44.56433274407748
BE10,9,79,491.0,-21.35944049511447
BE10,9,80,315.0,-30.296452747401673
BE10,9,81,146.0,-291.6420061285715
BE20,1,1,538.0,-467.3811297667168
BE20,1,2,215.0,-74.62421786216072
BE20,1,3,573.0,-40.24990883987898
BE20,1,4,596.0,-72.04968219804336
BE20,1,5,828.0,-144.63509866207085
BE20,1,6,510.0,-162.23397618409413
BE20,1,7,677.0,-444.4321804879723
BE20,1,8,780.0,-59.91655536961451
BE20,1,9,774.0,-33.42318427042946
BE20,1,10,641.0,-240.0146252924114
BE20,1,11,478.0,-52.12418867076246
BE20,1,12,809.0,-133.78948649699558
BE20,1,13,850.0,-424.31672128213336
BE20,1,14,586.0,-280.4829288709709
BE20,1,15,925.0,-190.777102840162
BE20,1,16,736.0,93.34618153116587
BE20,1,17,976.0,-225.38724683661746
BE20,1,18,614.0,-397.48487993321595
BE20,1,19,337.0,-160.27507701611836
BE20,1,20,466.0,-286.77387351641767
BE20,1,21,633.0,58.08075293030042
BE20,1,22,471.0,-30.543380455356793
BE20,1,23,614.0,-86.53373986806936
BE20,1,24,716.0,-138.9860081700729
BE20,1,25,766.0,-236.9191295143558
BE20,1,26,731.0,116.6294073088379
BE20,1,27,533.0,-74.8569243502274
BE20,1,28,903.0,125.87655733163773
BE20,1,29,645.0,-33.8645279396801
BE20,1,30,339.0,69.53444304200337
BE20,1,31,716.0,-10.266734427056136
BE20,1,32,802.0,19.906153882895243
BE20,1,33,908.0,-348.1010747415788
BE20,1,34,804.0,-32.118641094834565
BE20,1,35,360.0,44.26912839106925
BE20,1,36,935.0,-44.63148064042213
BE20,1,37,583.0,-243.29813385402323
BE20,1,38,785.0,88.24557920494044
BE20,1,39,498.0,101.98877363872654
BE20,1,40,830.0,104.77230777527274
BE20,1,41,1132.0,-96.2018865284439
BE20,1,42,1011.0,116.43313267725456
BE20,1,43,352.0,-423.5671089826681
BE20,1,44,664.0,75.76989813671851
BE20,1,45,1063.0,41.54816831999159
BE20,1,46,995.0,101.80289444355391
BE20,1,47,667.0,22.14996713836227
BE20,1,48,1050.0,-238.69952240258155
BE20,1,49,799.0,71.6394489306326
BE20,1,50,266.0,-174.90353242764422
BE20,1,51,1091.0,117.06322911415715
BE20,1,52,873.0,109.6648042215389
BE20,1,53,612.0,82.64282120152677
BE20,1,54,615.0,95.20198746966004
BE20,1,55,693.0,-130.78148488454403
BE20,1,56,604.0,-44.859440409519415
BE20,1,57,1005.0,114.24703054695647
BE20,1,58,761.0,87.21189740844405
BE20,1,59,673.0,75.9682905175345
BE20,1,60,1018.0,12.333464780503872
BE20,1,61,906.0,104.72885981123113
BE20,1,62,506.0,-29.628620840375632
BE20,1,63,869.0,10.100828301566631
BE20,1,64,1120.0,141.12696569265654
BE20,1,65,487.0,101.87491780471288
BE20,1,66,871.0,-161.59414817481925
BE20,1,67,683.0,10.6896709321462
BE20,1,68,807.0,34.051336156455456
BE20,1,69,951.0,138.08052867147583
BE20,1,70,749.0,26.232297802135857
BE20,1,71,848.0,160.4197049109854
BE20,1,72,946.0,33.274725055386845
BE20,1,73,733.0,130.95357965679608
BE20,1,74,905.0,14.683324216729165
BE20,1,75,414.0,87.50620568575525
BE20,1,76,577.0,135.70460403135425
BE20,1,77,1041.0,219.41599838786718
BE20,1,78,700.0,-18.40714145020059
BE20,1,79,1099.0,133.8120942185892
BE20,1,80,436.0,8.670224211660486
BE20,1,81,463.0,120.5649227275223
BE20,1,82,777.0,180.59751749445834
BE20,1,83,519.0,73.29310077385666
BE20,1,84,599.0,-24.013013141114016
BE20,1,85,1044.0,6.816925325935152
BE20,1,86,937.0,24.355862056431516
BE20,1,87,1012.0,125.88620129401171
BE20,1,88,645.0,164.32461934714158
BE20,1,89,1100.0,247.14402738096823
BE20,1,90,716.0,71.23326557294386
BE20,1,91,1006.0,258.12445752736255
BE20,1,92,375.0,33.43723950218036
BE20,1,93,578.0,49.589091866655565
BE20,1,94,1064.0,203.15003900092722
BE20,1,95,733.0,95.30146505925174
BE20,1,96,732.0,152.87982966611477
BE20,1,97,606.0,91.29500847907806
BE20,1,98,921.0,271.76702017536167
BE20,1,99,458.0,103.57394401455299
BE20,1,100,667.0,249.29689367509388
BE20,1,101,306.0,79.24576237799735
BE20,1,102,512.0,128.3584947105137
BE20,1,103,706.0,94.42440852956469
BE20,1,104,403.0,144.96090534171717
BE20,1,105,759.0,326.0690076181224
BE20,1,106,825.0,51.99554253248339
BE20,1,107,1028.0,290.7702848977705
BE20,1,108,946.0,277.7049576135264
BE20,1,109,856.0,170.47712423738287
BE20,1,110,716.0,330.88689685786005
BE20,1,111,475.0,96.86909915130317
BE20,1,112,955.0,356.8129183852519
BE20,1,113,605.0,261.68733316609223
BE20,1,114,1182.0,398.1128537153783
BE20,1,115,952.0,110.28416107080781
BE20,1,116,973.0,318.59838784065244
BE20,1,117,528.0,360.66016374460463
BE20,1,118,910.0,314.91989151683237
BE20,1,119,969.0,262.8281497188986
BE20,1,120,875.0,279.0437156926565
BE20,1,121,835.0,-130.46382237406712
BE20,1,122,375.0,56.4185728355137
BE20,1,123,703.0,207.0353011427683
BE20,1,124,1012.0,256.5986518868971
BE20,1,125,640.0,242.6635728355137
BE20,1,126,913.0,111.56179298885434
BE20,1,127,688.0,99.82374725411835
BE20,1,128,481.0,118.99054788748875
BE20,1,129,1012.0,241.16584556278644
BE20,1,130,678.0,238.6568619210594
BE20,1,131,541.0,62.41731590390556
BE20,1,132,161.0,132.1249082392404
BE20,1,133,688.0,346.9981658587695
BE20,1,134,679.0,138.1550676808745
BE20,1,135,728.0,125.89599041793127
BE20,1,136,661.0,-116.49864350336678
BE20,1,137,621.0,55.476415025529796
BE20,1,138,1068.0,451.32527695536385
BE20,1,139,740.0,112.15614040308125
BE20,1,140,634.0,358.806080721949
BE20,1,141,674.0,226.21305354767986
BE20,1,142,800.0,54.284822835513694
BE20,1,143,789.0,132.39104431840343
BE20,1,144,424.0,-115.81378565505234
BE20,1,145,619.0,177.08881516184647
BE20,1,146,300.0,110.75190616884703
BE20,1,147,825.0,323.7955425324834
BE20,1,148,465.0,97.4417986419653
BE20,1,149,929.0,381.21629081183227
BE20,1,150,1079.0,235.81716412374354
BE20,1,151,975.0,218.44523950218039
BE20,1,152,1116.0,153.91258717243127
BE20,1,153,819.0,273.70902460596545
BE20,1,154,588.0,321.9453755566021
BE20,1,155,1066.0,212.18622761975385
BE20,1,156,580.0,201.07822800792746
BE20,1,157,929.0,93.78356745338237
BE20,1,158,884.0,365.26662713415624
BE20,1,159,748.0,282.1671824611821
BE20,1,160,679.0,117.03135634066834
BE20,1,161,509.0,75.56529189248815
BE20,1,162,560.0,147.41000140694226
BE20,1,163,672.0,278.9966085497994
BE20,1,164,916.0,261.4200138835486
BE20,1,165,504.0,145.80166807360894
BE20,1,166,449.0,94.14124544130433
BE20,1,167,765.0,320.2248473453176
BE20,1,168,896.0,370.76000140694225
BE20,1,169,559.0,256.69170342585363
BE20,1,170,1052.0,129.69047397619812
BE20,1,171,1004.0,333.96546526579255
BE20,1,172,257.0,219.44051836080553
BE20,1,173,921.0,193.13618412758754
BE20,1,174,970.0,321.58496458809105
BE20,1,175,394.0,337.5756286730772
BE20,1,176,746.0,282.8058650607148
BE20,1,177,785.0,317.6570441730933
BE20,1,178,377.0,199.5513049310044
BE20,1,179,578.0,122.17559705696698
BE20,1,180,156.0,181.25267539961627
BE20,1,181,510.0,84.84837675708233
BE20,1,182,579.0,-7.76781749263829
BE20,1,183,672.0,232.26744188313273
BE20,1,184,963.0,179.05072236822394
BE20,1,185,828.0,437.99775157947505
BE20,1,186,472.0,288.55721690331035
BE20,1,187,517.0,-44.44053741593699
BE20,1,188,768.0,269.869562418847
BE20,1,189,817.0,249.20050674004244
BE20,1,190,873.0,-10.668529111794436
BE20,1,191,749.0,171.14551542563385
BE20,1,192,956.0,312.63208747986516
BE20,1,193,1268.0,233.86838356106577
BE20,1,194,853.0,-26.659316965189706
BE20,1,195,642.0,137.32175040560716
BE20,1,196,1075.0,129.23345655644394
BE20,1,197,792.0,462.5673607143015
BE20,1,198,861.0,212.6865403151885
BE20,1,199,386.0,296.4074847526121
BE20,1,200,706.0,192.72752467687346
BE20,1,201,990.0,155.46180515874602
BE20,1,202,405.0,397.83980740341485
BE20,1,203,904.0,387.93636044613316
BE20,1,204,1077.0,470.57088481322955
BE20,1,205,413.0,78.37925080161538
BE20,1,206,226.0,183.38105071161988
BE20,1,207,854.0,272.5662074959352
BE20,1,208,1176.0,-104.29357002162917
BE20,1,209,1272.0,-5.8813957179454235
BE20,1,210,902.0,216.57937106167776
BE20,1,211,913.0,182.21568126924862
BE20,1,212,1198.0,166.2691237537107
BE20,1,213,1041.0,191.88285717749255
BE20,1,214,1217.0,77.70192534167639
BE20,1,215,541.0,234.34337875048595
BE20,1,216,690.0,275.92697863261515
BE20,1,217,1026.0,299.54675997001664
BE20,1,218,750.0,56.30923950218037
BE20,1,219,1248.0,245.06918180987267
BE20,1,220,734.0,264.0121423178025
BE20,1,221,1041.0,325.18352960784796
BE20,1,222,168.0,43.65881093075179
BE20,1,223,835.0,321.459530919346
BE20,1,224,406.0,298.2168979586664
BE20,1,225,574.0,50.92289339300498
BE20,1,226,1312.0,64.24497527453809
BE20,1,227,1009.0,335.4023984053849
BE20,1,228,473.0,137.00834027737415
BE20,1,229,631.0,217.41400865167853
BE20,1,230,1208.0,122.1769834315402
BE20,1,231,1553.0,76.80657025985369
BE20,1,232,1078.0,191.70480660174746
BE20,1,233,889.0,21.453758437313468
BE20,1,234,1179.0,129.02847953610743
BE20,1,235,1049.0,214.2731772206424
BE20,1,236,1294.0,169.11322507662652
BE20,1,237,877.0,107.3901121741682
BE20,1,238,715.0,198.00290849984935
BE20,1,239,1481.0,237.05403536083443
BE20,1,240,1190.0,201.92092577669018
BE20,1,241,1257.0,112.97039463344528
BE20,1,242,610.0,101.90086791748091
BE20,1,243,763.0,162.31734085648355
BE20,1,244,708.0,176.497894869412
BE20,1,245,288.0,125.78926727995814
BE20,1,246,866.0,101.54480840133355
BE20,1,247,641.0,-13.321957585703153
BE20,1,248,859.0,191.09223989022848
BE20,1,249,1069.0,177.81977021624334
BE20,1,250,1032.0,166.1420612076067
BE20,1,251,632.0,174.52085131652635
BE20,1,252,1555.0,14.685839716542636
BE20,1,253,507.0,111.66835587298904
BE20,1,254,225.0,100.73412839106925
BE20,1,255,954.0,-98.30880661941293
BE20,1,256,922.0,15.506902553518035
BE20,1,257,838.0,168.0113651982822
BE20,1,258,1103.0,111.85153747739946
BE20,1,259,966.0,139.44788960570006
BE20,1,260,1142.0,243.8080999808727
BE20,1,261,1060.0,167.4895162317401
BE20,1,262,328.0,155.8806460062454
BE20,1,263,1332.0,-80.7108265638857
BE20,1,264,598.0,69.95529524354046
BE20,1,265,1347.0,69.68319050440753
BE20,1,266,700.0,-124.34999859305772
BE20,1,267,594.0,34.96045835739922
BE20,1,268,1095.0,165.20523950218038
BE20,1,269,603.0,128.18898742921186
BE20,1,270,950.0,14.766993888145276
BE20,1,271,858.0,43.40127679821765
BE20,1,272,1312.0,-57.85868326204728
BE20,1,273,1321.0,202.4957265069747
BE20,1,274,498.0,60.145400144750646
BE20,1,275,1279.0,-125.62905812617514
BE20,1,276,595.0,117.39235434811876
BE20,1,277,480.0,88.71148950218036
BE20,1,278,762.0,33.31652559141921
BE20,1,279,1110.0,118.99082508776594
BE20,1,280,1538.0,-50.31175226201557
BE20,1,281,862.0,64.04066100256706
BE20,1,282,1137.0,-53.9831509991389
BE20,1,283,811.0,-90.84071199802516
BE20,1,284,986.0,102.72964788622363
BE20,1,285,1032.0,53.994774385901295
BE20,1,286,456.0,14.934186870601415
BE20,1,287,809.0,94.54178667976586
BE20,1,288,1380.0,123.9421960239195
BE20,1,289,553.0,87.26768675956433
BE20,1,290,629.0,-96.71961476385037
BE20,1,291,981.0,50.40952084774611
BE20,1,292,563.0,9.681023990043004
BE20,1,293,1114.0,-51.30918299931575
BE20,1,294,1176.0,127.2540490259899
BE20,1,295,1356.0,140.73577047563168
BE20,1,296,513.0,48.50192566202441
BE20,1,297,875.0,-97.58599859305774
BE20,1,298,974.0,117.60181718869646
BE20,1,299,1019.0,65.51757185415943
BE20,1,300,803.0,-97.47612205863324
BE20,1,301,977.0,-4.450372916789272
BE20,1,302,1026.0,45.55748121757997
BE20,1,303,841.0,73.79945274038884
BE20,1,304,968.0,-73.61927840415572
BE20,1,305,1025.0,49.70052405502589
BE20,1,306,1100.0,-185.11233625539538
BE20,1,307,886.0,-8.850366216405039
BE20,1,308,814.0,25.558965955906817
BE20,1,309,528.0,-115.55953322509237
BE20,1,310,1263.0,21.026458821261915
BE20,1,311,1102.0,-90.57685366176398
BE20,1,312,1000.0,-24.443427164486305
BE20,1,313,1085.0,-131.15082808614528
BE20,1,314,1281.0,0.696574396793946
BE20,1,315,945.0,-183.1460832491424
BE20,1,316,860.0,-189.02654344355605
BE20,1,317,889.0,-138.13116844682602
BE20,1,318,962.0,-108.19032529338443
BE20,1,319,431.0,-193.1959979301476
BE20,1,320,1420.0,4.97378410311933
BE20,1,321,983.0,-76.8793315388505
BE20,1,322,671.0,-49.39376695584249
BE20,1,323,1099.0,2.048672926505507
BE20,1,324,654.0,-215.66846080363004
BE20,1,325,957.0,-152.7646664539325
BE20,1,326,855.0,-251.85440962062665
BE20,1,327,1046.0,-31.614964449381137
BE20,1,328,1128.0,-194.45504418576292
BE20,1,329,1542.0,-99.64508475203493
BE20,1,330,1009.0,-9.594628353782637
BE20,1,331,681.0,-91.1289748884217
BE20,1,332,906.0,-4.025003323426701
BE20,1,333,1167.0,-299.26194130330384
BE20,1,334,767.0,-6.577724426546277
BE20,1,335,336.0,-233.8411890692482
BE20,1,336,860.0,71.8292705099323
BE20,1,337,481.0,-44.98034608340522
BE20,1,338,598.0,-123.1366780006067
BE20,1,339,579.0,-38.664190549633105
BE20,1,340,344.0,54.42113097504858
BE20,1,341,191.0,-145.5378669550622
BE20,10,1,371.0,1784.929071710373
BE20,10,2,709.0,219.23518981453225
BE20,10,3,1493.0,601.2343074646473
BE20,10,4,885.0,311.79932008474645
BE20,10,5,585.0,509.36087303273996
BE20,10,6,393.0,180.24368114913605
BE20,10,7,221.0,-17.26677905373548
BE20,10,8,1243.0,613.6090759605889
BE20,10,9,1345.0,577.150661105056
BE20,10,10,743.0,243.06541341534236
BE20,10,11,441.0,234.14932584976432
BE20,10,12,577.0,753.2500226276088
BE20,10,13,534.0,485.4088611245483
BE20,10,14,1496.0,484.26705475951
BE20,10,15,1658.0,1470.9710067537303
BE20,10,16,1576.0,625.5025321068863
BE20,10,17,1911.0,704.765757037624
BE20,10,18,575.0,34.4831324158691
BE20,10,19,2004.0,312.79582876230654
BE20,10,20,790.0,278.73475597118
BE20,10,21,1149.0,241.51816476914414
BE20,10,22,799.0,914.9118095666554
BE20,10,23,769.0,941.7368102583522
BE20,10,24,1668.0,673.9389920759669
BE20,10,25,1123.0,354.3324723051408
BE20,10,26,1795.0,321.2092314833269
BE20,10,27,1426.0,135.99954195303602
BE20,10,28,1617.0,926.9520469381998
BE20,10,29,630.0,1145.754768026635
BE20,10,30,1544.0,715.6862693836545
BE20,10,31,1233.0,724.4426373349423
BE20,10,32,1946.0,631.6137950906981
BE20,10,33,1546.0,421.4081900681554
BE20,10,34,1972.0,456.74617148456986
BE20,10,35,1012.0,408.4443972380034
BE20,10,36,1243.0,334.6082714553598
BE20,10,37,1640.0,408.0669341125816
BE20,10,38,1387.0,278.4919534559618
BE20,10,39,2172.0,550.1236841013522
BE20,10,40,2025.0,561.1010819596156
BE20,10,41,1636.0,398.6074866201849
BE20,10,42,627.0,1324.3489808313743
BE20,10,43,779.0,303.5197903385124
BE20,10,44,1587.0,500.37462579961186
BE20,10,45,830.0,1408.4502356112591
BE20,10,46,1550.0,464.76966818024493
BE20,10,47,888.0,463.7242017460688
BE20,10,48,894.0,1111.1660815453313
BE20,10,49,1389.0,892.0365740535814
BE20,10,50,1923.0,943.6058935002255
BE20,10,51,1763.0,903.0761088147939
BE20,10,52,1263.0,530.5769600863568
BE20,10,53,1122.0,466.25145761155994
BE20,10,54,1387.0,919.2331214444258
BE20,10,55,1092.0,516.6366361585032
BE20,10,56,709.0,503.6907610416126
BE20,10,57,1001.0,1333.382806654674
BE20,10,58,956.0,1227.835561013286
BE20,10,59,1146.0,287.82170893912576
BE20,10,60,2101.0,1065.5969746855956
BE20,10,61,880.0,1440.4923221391896
BE20,10,62,439.0,1076.6569266121646
BE20,10,63,1332.0,378.3751026469697
BE20,10,64,658.0,596.9376454329166
BE20,10,65,1856.0,346.168997295929
BE20,10,66,502.0,444.956058104419
BE20,10,67,1423.0,347.44951085700677
BE20,10,68,1171.0,1368.5734008597854
BE20,10,69,907.0,693.2497016119764
BE20,10,70,1532.0,373.3947966229301
BE20,10,71,951.0,298.4980457793765
BE20,10,72,1607.0,197.45684524831407
BE20,10,73,848.0,1390.6837886915048
BE20,10,74,1428.0,626.9795579426013
BE20,10,75,1026.0,640.3644867679329
BE20,10,76,1483.0,651.6193603908903
BE20,10,77,1292.0,1048.8106798650547
BE20,10,78,788.0,1143.4175067261758
BE20,10,79,1264.0,1124.17557875599
BE20,10,80,1428.0,479.55238707425417
BE20,10,81,1480.0,788.3052828271499
BE20,10,82,979.0,658.4219697387806
BE20,10,83,1043.0,317.06125572238454
BE20,10,84,523.0,1135.504381064967
BE20,10,85,2546.0,982.9697644729749
BE20,10,86,1524.0,961.5334519411457
BE20,10,87,1236.0,863.7916381144761
BE20,10,88,1563.0,551.1113167881741
BE20,10,89,1703.0,901.0518627893787
BE20,10,90,1977.0,828.1707662924058
BE20,10,91,1067.0,983.0960006771462
BE20,10,92,804.0,801.1861823834225
BE20,10,93,1680.0,453.8500061218731
BE20,10,94,881.0,552.588506743461
BE20,10,95,1729.0,501.61326041144315
BE20,10,96,1206.0,-137.00535990513458
BE20,10,97,1626.0,989.2906140993815
BE20,10,98,1527.0,286.5963808996822
BE20,10,99,1535.0,678.8641832585257
BE20,10,100,1659.0,240.24000009414567
BE20,10,101,775.0,488.4477326963739
BE20,10,102,1159.0,-102.32124166973695
BE20,10,103,1044.0,751.8056711465036
BE20,10,104,1188.0,748.499477021344
BE20,10,105,1275.0,837.2929192871392
BE20,10,106,1078.0,223.1187136048664
BE20,10,107,1988.0,227.0549021647974
BE20,10,108,686.0,-110.62618435431723
BE20,10,109,1774.0,718.6745887170307
BE20,10,110,1308.0,190.79900131628128
BE20,10,111,1263.0,344.8604121845358
BE20,10,112,660.0,106.4688372907044
BE20,10,113,1345.0,439.22054958089245
BE20,10,114,969.0,619.3300297102558
BE20,10,115,1453.0,119.45325719518623
BE20,10,116,1441.0,965.7382451093489
BE20,10,117,2307.0,894.3870053168697
BE20,10,118,1800.0,869.1692918361589
BE20,10,119,3104.0,308.7125951007637
BE20,10,120,1567.0,462.518769606846
BE20,10,121,1230.0,1007.4959991532319
BE20,10,122,1755.0,1410.4725539444212
BE20,10,123,1144.0,298.82536409723116
BE20,10,124,999.0,827.9566842285514
BE20,10,125,1249.0,684.2677879663964
BE20,10,126,1939.0,302.886451024744
BE20,10,127,1044.0,461.5786596522508
BE20,10,128,979.0,286.59561631692156
BE20,10,129,1833.0,717.5146464460878
BE20,10,130,1017.0,958.8887756119703
BE20,10,131,947.0,152.37668183967884
BE20,10,132,1567.0,165.8327453566865
BE20,10,133,1215.0,611.159353564554
BE20,10,134,1976.0,584.5892580979671
BE20,10,135,1756.0,397.531641874124
BE20,10,136,886.0,1538.1384077127582
BE20,10,137,1711.0,652.5325365273726
BE20,10,138,1190.0,688.2158324524054
BE20,10,139,1329.0,859.3874671559481
BE20,10,140,2341.0,833.449668455837
BE20,10,141,658.0,954.1853657976585
BE20,10,142,1212.0,1366.4801334203173
BE20,10,143,1621.0,1183.7929572690193
BE20,10,144,892.0,1313.5213172472202
BE20,10,145,912.0,1310.8208707835274
BE20,10,146,1563.0,391.03198217525045
BE20,10,147,1335.0,1309.866164495335
BE20,10,148,1144.0,931.1933710902381
BE20,10,149,662.0,1155.3321669620398
BE20,10,150,1203.0,416.00153206891036
BE20,10,151,755.0,753.4693690988522
BE20,10,152,1900.0,886.8051690291412
BE20,10,153,2338.0,1194.5017027286597
BE20,10,154,1364.0,580.7089643679282
BE20,10,155,870.0,668.3298090775382
BE20,10,156,1133.0,1598.9864748311572
BE20,10,157,756.0,618.6767256985927
BE20,10,158,941.0,1672.7665589279054
BE20,10,159,1675.0,935.11812268193
BE20,10,160,2138.0,735.2814730023578
BE20,10,161,677.0,635.3373100537857
BE20,10,162,1123.0,849.8115462143126
BE20,10,163,1142.0,978.3150215501109
BE20,10,164,864.0,489.45896776208474
BE20,10,165,1079.0,835.1697907549108
BE20,10,166,2074.0,1021.7203509811283
BE20,10,167,781.0,722.7021492838753
BE20,10,168,1791.0,295.31750233308804
BE20,10,169,1618.0,379.0758287129615
BE20,10,170,1470.0,1036.06361156405
BE20,10,171,767.0,935.5034487244685
BE20,10,172,1149.0,259.45202029568895
BE20,10,173,898.0,1423.6207135139614
BE20,10,174,1181.0,518.9185114240787
BE20,10,175,962.0,784.738235010102
BE20,10,176,1814.0,232.89413380602292
BE20,10,177,1475.0,693.6370601977407
BE20,10,178,735.0,341.7343598633698
BE20,10,179,722.0,1526.7184931288646
BE20,10,180,547.0,1588.5929329086757
BE20,10,181,732.0,406.23778910391843
BE20,10,182,2293.0,434.49044389314395
BE20,10,183,1259.0,932.3643977403156
BE20,10,184,926.0,540.7849541831711
BE20,10,185,996.0,387.1024444466006
BE20,10,186,1596.0,1798.9809585028258
BE20,10,187,1766.0,766.4387727723613
BE20,10,188,552.0,1147.7617556042749
BE20,10,189,1463.0,801.095620156961
BE20,10,190,1564.0,370.66574111152124
BE20,10,191,1798.0,746.0913589477643
BE20,10,192,1677.0,842.5046615439703
BE20,10,193,2902.0,721.263005367057
BE20,10,194,1857.0,1048.978939116719
BE20,10,195,1650.0,286.04489789676495
BE20,10,196,1482.0,545.7667209859565
BE20,10,197,1300.0,469.2463431182102
BE20,10,198,1537.0,679.2693449699693
BE20,10,199,889.0,961.0487312812282
BE20,10,200,580.0,303.49992402006694
BE20,10,201,1304.0,511.44568242920593
BE20,10,202,728.0,643.8449694918365
BE20,10,203,866.0,570.6639839069825
BE20,10,204,1008.0,851.111910883778
BE20,10,205,666.0,714.8015290733961
BE20,10,206,1649.0,636.21882994006
BE20,10,207,1233.0,1538.3461247639773
BE20,10,208,1154.0,739.3730728875743
BE20,10,209,745.0,875.7960591739663
BE20,10,210,454.0,446.01509947198855
BE20,10,211,933.0,1649.1184183098999
BE20,10,212,1003.0,589.7085258009313
BE20,10,213,1462.0,457.57227177231937
BE20,10,214,1382.0,735.2143159557924
BE20,10,215,1820.0,1476.9853541072212
BE20,10,216,1333.0,411.8926239191796
BE20,10,217,957.0,1068.7785029124386
BE20,10,218,1660.0,918.7026452498136
BE20,10,219,1405.0,864.4565812786262
BE20,10,220,1238.0,335.90462570799514
BE20,10,221,2454.0,138.5895567098346
BE20,10,222,365.0,984.2775338452913
BE20,10,223,1371.0,776.6270197719722
BE20,10,224,594.0,650.2343255061925
BE20,10,225,1412.0,463.0262842818624
BE20,10,226,1194.0,1331.4043253369964
BE20,10,227,499.0,883.507511609038
BE20,10,228,680.0,445.7824290910608
BE20,10,229,1436.0,877.9482286978115
BE20,10,230,1105.0,962.6924969643638
BE20,10,231,1226.0,553.017255403315
BE20,10,232,842.0,838.5587494766974
BE20,10,233,1807.0,928.9675384696214
BE20,10,234,1306.0,584.1804225150768
BE20,10,235,1297.0,974.7691234989704
BE20,10,236,1281.0,715.0763917580948
BE20,10,237,1464.0,966.2138820000933
BE20,10,238,1312.0,1376.4352267955085
BE20,10,239,898.0,318.5104685250972
BE20,10,240,1216.0,916.3970769238781
BE20,10,241,1655.0,783.762076327599
BE20,10,242,2069.0,1152.0405283433283
BE20,10,243,1183.0,1338.5200540226901
BE20,10,244,879.0,967.89876282592
BE20,10,245,1206.0,566.6911575078007
BE20,10,246,1179.0,670.8543681720366
BE20,10,247,1044.0,583.2127592691089
BE20,10,248,420.0,292.6976251694922
BE20,10,249,742.0,428.69591807155865
BE20,10,250,1504.0,750.5999744602725
BE20,10,251,642.0,841.6234818673114
BE20,10,252,1468.0,868.5211492385205
BE20,10,253,1178.0,602.4779873653042
BE20,10,254,1493.0,603.3508513360472
BE20,10,255,1055.0,1160.06129025638
BE20,10,256,1168.0,326.1821571329626
BE20,10,257,1579.0,741.0928964382277
BE20,10,258,1086.0,758.0698166980374
BE20,10,259,825.0,652.9594433513105
BE20,10,260,571.0,471.01729825764164
BE20,10,261,448.0,1350.3514942171114
BE20,10,262,1216.0,1083.9340835028254
BE20,10,263,1634.0,699.2181066056406
BE20,10,264,1256.0,669.3416272926344
BE20,10,265,667.0,239.10052372021693
BE20,10,266,1456.0,562.9995024588695
BE20,10,267,928.0,709.621044709722
BE20,10,268,1514.0,412.47270222805673
BE20,10,269,2433.0,661.5396309237051
BE20,10,270,598.0,623.254369874063
BE20,10,271,964.0,535.3180954322861
BE20,10,272,907.0,806.6014105425166
BE20,10,273,1819.0,499.84997994317735
BE20,10,274,1003.0,852.0863922017288
BE20,10,275,1054.0,658.7556264345142
BE20,10,276,787.0,786.9679343605129
BE20,10,277,1322.0,132.36333369193304
BE20,10,278,1075.0,635.4170050144534
BE20,10,279,1099.0,564.3210403954552
BE20,10,280,1932.0,489.9571489790159
BE20,10,281,854.0,525.398405809617
BE20,10,282,492.0,1554.3346170394111
BE20,10,283,557.0,350.7982834579422
BE20,10,284,693.0,401.1198473917145
BE20,10,285,1258.0,575.4734068335092
BE20,10,286,1217.0,1267.9228237452248
BE20,10,287,644.0,290.62536844071377
BE20,10,288,695.0,1040.20505922225
BE20,10,289,1004.0,346.4859385825069
BE20,10,290,596.0,208.11518669074508
BE20,10,291,975.0,445.5930097848768
BE20,10,292,838.0,123.82642389662037
BE20,10,293,1070.0,750.3561921476852
BE20,10,294,951.0,710.5663948855804
BE20,10,295,1704.0,630.246803573248
BE20,10,296,737.0,426.01928957473876
BE20,10,297,1334.0,84.58028384015694
BE20,10,298,417.0,232.23335658436037
BE20,10,299,443.0,558.1451797217871
BE20,10,300,796.0,320.94703890483567
BE20,10,301,350.0,783.3423870742542
BE20,10,302,796.0,847.6116117691572
BE20,10,303,1038.0,1152.0382802754652
BE20,10,304,1368.0,672.377888327387
BE20,10,305,807.0,713.9955186019581
BE20,10,306,1146.0,830.9665605970663
BE20,10,307,745.0,1493.763844408866
BE20,10,308,580.0,589.9809585028256
BE20,10,309,1554.0,463.3146135864806
BE20,10,310,1776.0,-97.66937933501222
BE20,10,311,572.0,220.27816130002842
BE20,10,312,1079.0,991.8741466399896
BE20,10,313,598.0,1136.0169116800828
BE20,10,314,1039.0,875.2145966163964
BE20,10,315,1504.0,1274.6026340347405
BE20,10,316,652.0,1340.6097928586537
BE20,10,317,235.0,360.59691594963397
BE20,10,318,502.0,942.7588469490406
BE20,10,319,910.0,232.43095850282558
BE20,10,320,602.0,927.0864402304003
BE20,10,321,731.0,502.54286000761346
BE20,10,322,1016.0,153.42190338471534
BE20,10,323,1410.0,81.04372446027243
BE20,10,324,1005.0,1309.5951376073035
BE20,10,325,892.0,255.42154146246682
BE20,10,326,595.0,1327.6158324524051
BE20,10,327,1268.0,1222.4541446226992
BE20,10,328,990.0,548.2026756745427
BE20,10,329,361.0,544.8182161205541
BE20,10,330,1358.0,-50.57021970041445
BE20,10,331,1549.0,1366.3716944615087
BE20,10,332,784.0,389.8840197273154
BE20,10,333,974.0,997.656009837528
BE20,10,334,1254.0,505.72059167666924
BE20,10,335,1341.0,317.6425916124452
BE20,10,336,1534.0,1333.1136182159937
BE20,10,337,661.0,632.0569796828557
BE20,10,338,519.0,423.8725769999354
BE20,10,339,907.0,566.3478273010614
BE20,10,340,1714.0,110.5687648038758
BE20,10,341,1836.0,201.76363824138767
BE20,10,342,1226.0,329.9046942287636
BE20,10,343,1657.0,293.06439241954246
BE20,10,344,1040.0,818.8107661951332
BE20,10,345,1847.0,96.33707653206221
BE20,10,346,1616.0,387.255710978073
BE20,10,347,981.0,1043.9975232326929
BE20,10,348,731.0,259.49087642348223
BE20,10,349,815.0,1097.534025987488
BE20,10,350,1364.0,1175.3570582095704
BE20,10,351,926.0,286.6445654142726
BE20,10,352,951.0,34.94494378147966
BE20,10,353,1149.0,593.9994528457323
BE20,10,354,1063.0,337.6825107135499
BE20,10,355,1148.0,601.2405403843586
BE20,10,356,582.0,896.2154945852997
BE20,10,357,1137.0,278.0040455740657
BE20,10,358,2279.0,258.69607478189533
BE20,10,359,1044.0,412.0556711465037
BE20,10,360,1155.0,162.068187940055
BE20,10,361,1695.0,478.60558977126203
BE20,10,362,1634.0,621.2370784538659
BE20,10,363,1592.0,30.62040573900652
BE20,10,364,1381.0,455.5604299003636
BE20,10,365,1294.0,358.4998920422383
BE20,10,366,1301.0,1004.4915272960616
BE20,10,367,886.0,472.8043219339768
BE20,10,368,1267.0,551.0754731042462
BE20,10,369,661.0,461.25365139238687
BE20,10,370,438.0,183.51178042063384
BE20,10,371,1046.0,482.37914205923096
BE20,10,372,1456.0,627.6533486127157
BE20,10,373,898.0,222.26659324670084
BE20,10,374,813.0,404.04522664550694
BE20,10,375,699.0,318.99490700067963
BE20,10,376,848.0,350.2804868047123
BE20,10,377,504.0,66.06429183615896
BE20,10,378,655.0,532.7088210982454
BE20,11,1,2268.0,160.14225728865966
BE20,11,2,2995.0,75.63821498417218
BE20,11,3,1730.0,425.1243035518236
BE20,11,4,1320.0,328.9475563106253
BE20,11,5,1481.0,352.2238469005217
BE20,11,6,1134.0,44.20663118636689
BE20,11,7,1026.0,242.18788060621284
BE20,11,8,2101.0,255.17770861904995
BE20,11,9,746.0,504.6273393961726
BE20,11,10,1052.0,381.32515741674365
BE20,11,11,1928.0,250.74925378327717
BE20,11,12,1404.0,209.20741127048035
BE20,11,13,2060.0,167.30982462483541
BE20,11,14,3327.0,8.166163027022879
BE20,11,15,1155.0,210.3572965703656
BE20,11,16,1693.0,504.00961129639575
BE20,11,17,977.0,512.0459884312173
BE20,11,18,3659.0,378.6398455600477
BE20,11,19,1125.0,220.64357651264558
BE20,11,20,1629.0,371.8315593241864
BE20,11,21,3684.0,142.29041979892858
BE20,11,22,783.0,472.9269072917006
BE20,11,23,1160.0,500.1203619532586
BE20,11,24,1562.0,477.6832157216369
BE20,11,25,1895.0,315.80165801367167
BE20,11,26,1450.0,303.2526033325689
BE20,11,27,4867.0,281.6338732503119
BE20,11,28,2618.0,218.11405745653823
BE20,11,29,3074.0,266.7377822525429
BE20,11,30,3005.0,166.86500450303194
BE20,11,31,1660.0,165.90593528105254
BE20,11,32,1447.0,108.6402967767936
BE20,11,33,2177.0,221.63348147870488
BE20,11,34,2913.0,438.5709576775386
BE20,11,35,1287.0,477.3491491622182
BE20,11,36,1707.0,623.4156475925129
BE20,11,37,3996.0,204.46909603216506
BE20,11,38,3902.0,424.3806232692946
BE20,11,39,1888.0,394.6281899778056
BE20,11,40,1345.0,445.17731298517765
BE20,11,41,1803.0,397.6455924120725
BE20,11,42,3889.0,610.8571720099171
BE20,11,43,1641.0,313.3812746641792
BE20,11,44,1104.0,406.19263206820114
BE20,11,45,732.0,324.84119764197163
BE20,11,46,1417.0,270.6922056979354
BE20,11,47,977.0,282.5239822899684
BE20,11,48,1920.0,578.8619029015347
BE20,11,49,3330.0,34.481858794927845
BE20,11,50,2757.0,127.73137436054786
BE20,11,51,1306.0,155.19719434487288
BE20,11,52,3710.0,230.02727941770698
BE20,11,53,1382.0,378.15720635667196
BE20,11,54,1339.0,281.11871185411104
BE20,11,55,980.0,264.73540417704464
BE20,11,56,2367.0,207.2610467281082
BE20,11,57,2324.0,351.5239215116894
BE20,11,58,2539.0,-111.25556768235687
BE20,11,59,3038.0,180.09373202431257
BE20,11,60,4055.0,-15.327934105247316
BE20,11,61,387.0,-348.902490670817
BE20,11,62,2159.0,140.24710365998743
BE20,12,1,210.0,2817.269594118814
BE20,12,2,145.0,689.5408584866304
BE20,12,3,180.0,2832.080705229925
BE20,12,4,241.0,1687.4004378255913
BE20,12,5,107.0,545.4197498820541
BE20,12,6,140.0,3936.5243560235763
BE20,12,7,164.0,1136.9614640375137
BE20,12,8,84.0,3372.112451261671
BE20,12,9,170.0,1861.0911627462654
BE20,12,10,268.0,4121.829046855132
BE20,12,11,136.0,4127.795574510971
BE20,12,12,96.0,1127.2300107854805
BE20,12,13,132.0,1889.340806240026
BE20,12,14,121.0,2694.6541671215687
BE20,12,15,84.0,5653.624356023576
BE20,12,16,121.0,781.1335059645443
BE20,12,17,178.0,2319.9939386881024
BE20,12,18,95.0,760.4766116626743
BE20,12,19,34.0,194.15586862861832
BE20,12,20,68.0,1259.8764568639128
BE20,12,21,220.0,4152.957472906693
BE20,12,22,28.0,2862.98149888072
BE20,12,23,190.0,2137.7187169258314
BE20,12,24,206.0,1645.6281701705939
BE20,12,25,137.0,925.2043873061623
BE20,12,26,152.0,2769.53976955741
BE20,12,27,41.0,1757.1931713545866
BE20,12,28,357.0,724.9233756314196
BE20,12,29,117.0,427.0251496743699
BE20,12,30,137.0,1596.3065770871842
BE20,12,31,443.0,363.9993157139988
BE20,12,32,125.0,1403.034927452147
BE20,12,33,200.0,4298.502927452148
BE20,12,34,36.0,1364.3307052299253
BE20,12,35,125.0,2962.338927452147
BE20,12,36,99.0,330.2574729066932
BE20,12,37,113.0,9.838325682236237
BE20,12,38,307.0,3329.871331360942
BE20,12,39,134.0,4405.071584168564
BE20,12,40,202.0,2663.9662937887815
BE20,12,41,118.0,546.862249486046
BE20,12,42,145.0,2657.513272279734
BE20,12,43,224.0,3148.8118560235753
BE20,12,44,228.0,1938.9081906100419
BE20,12,45,310.0,2149.093250032792
BE20,12,46,199.0,3054.9587063466197
BE20,12,47,221.0,2595.431886728165
BE20,12,48,56.0,2254.481498880719
BE20,12,49,141.0,2146.285196955693
BE20,12,50,157.0,1027.0449656687083
BE20,12,51,172.0,2777.175020475403
BE20,12,52,114.0,3700.916962539866
BE20,12,53,151.0,1410.3393512932075
BE20,12,54,84.0,1635.255308404528
BE20,12,55,133.0,1784.6224763243276
BE20,12,56,81.0,2105.6300879459745
BE20,12,57,176.0,1411.8597456339658
BE20,12,58,227.0,1113.2831036636012
BE20,12,59,211.0,2741.5280459355595
BE20,12,60,88.0,1960.6324729066926
BE20,12,61,327.0,3438.821276076
BE20,12,62,130.0,1659.8798505290706
BE20,12,63,271.0,1974.880418227055
BE20,12,64,127.0,846.5588329639589
BE20,12,65,202.0,2567.5999571551174
BE20,12,66,156.0,3350.354209503429
BE20,12,67,291.0,2742.339009926374
BE20,12,68,115.0,3161.1420578869293
BE20,12,69,207.0,5104.343990254079
BE20,12,70,99.0,2425.853432502652
BE20,12,71,152.0,3375.395032715305
BE20,12,72,85.0,1316.2029274521478
BE20,12,73,150.0,2269.6362607854808
BE20,12,74,123.0,1281.0305697285698
BE20,12,75,81.0,1333.099223748444
BE20,12,76,199.0,1612.5265455425995
BE20,12,77,88.0,2018.6779274521475
BE20,12,78,184.0,4596.547492669539
BE20,12,79,131.0,1853.1922404292468
BE20,12,80,87.0,2677.8603987165147
BE20,12,81,189.0,2243.2262078754275
BE20,12,82,232.0,2501.8891343486994
BE20,12,83,171.0,973.7502958732003
BE20,12,84,173.0,2936.9127540417426
BE20,12,85,346.0,2140.60928583365
BE20,12,86,162.0,862.5930509089378
BE20,12,87,210.0,2580.4553084045283
BE20,12,88,161.0,814.7097597502843
BE20,12,89,268.0,1078.0790468551327
BE20,12,90,144.0,2445.7334830077034
BE20,12,91,140.0,1573.3029274521475
BE20,12,92,130.0,-1.104764855544566
BE20,12,93,180.0,1794.4918163410362
BE20,12,94,187.0,3471.0596119441257
BE20,12,95,162.0,1606.8399644891845
BE20,12,96,233.0,91.36945105729795
BE20,12,97,113.0,2256.333900903475
BE20,12,98,194.0,3081.988494462457
BE20,12,99,116.0,3065.992582624561
BE20,12,100,197.0,3052.493282782096
BE20,12,101,270.0,1658.56589041511
BE20,12,102,216.0,1954.8307052299251
BE20,12,103,53.0,1102.4633048106382
BE20,12,104,196.0,2644.2366009215352
BE20,12,105,193.0,1174.5697668303858
BE20,12,106,238.0,1914.8827593849203
BE20,12,107,235.0,818.3986721329985
BE20,12,108,179.0,2939.1381229828735
BE20,12,109,292.0,212.6830644384491
BE20,12,110,200.0,2171.9479274521477
BE20,12,111,188.0,805.4518636223606
BE20,12,112,74.0,1993.9786031278227
BE20,12,113,208.0,2857.846196682917
BE20,12,114,126.0,3009.4537211029406
BE20,12,115,193.0,2211.8081087992978
BE20,12,116,218.0,1781.1653127732482
BE20,12,117,384.0,1663.0268857854808
BE20,12,118,165.0,2283.5605032097233
BE20,12,119,201.0,4911.106410039212
BE20,12,120,151.0,2009.9022652004917
BE20,12,121,303.0,2950.667613920794
BE20,12,122,94.0,2596.4837785159766
BE20,12,123,93.0,1157.1470134736533
BE20,12,124,36.0,2909.4140385632595
BE20,12,125,187.0,3961.278863281024
BE20,12,126,158.0,1896.8345730217675
BE20,12,127,90.0,44.29181634103663
BE20,12,128,169.0,1404.3768919491888
BE20,12,129,112.0,2392.4279274521473
BE20,12,130,205.0,775.7590250131234
BE20,12,131,162.0,2829.222680538567
BE20,12,132,151.0,1418.4651791077763
BE20,12,133,157.0,1136.9303159871795
BE20,12,134,149.0,1143.1116522843624
BE20,12,135,136.0,1268.7661627462653
BE20,12,136,177.0,850.6899331018651
BE20,12,137,214.0,2872.6440489474744
BE20,12,138,274.0,1471.489058839009
BE20,12,139,278.0,1915.5259490348808
BE20,12,140,152.0,4109.41476955741
BE20,12,141,188.0,1180.0795231968284
BE20,12,142,186.0,4770.087873688706
BE20,12,143,119.0,1927.895364426937
BE20,12,144,156.0,624.9631838624042
BE20,12,145,99.0,1590.9847456339653
BE20,12,146,302.0,4415.799616193869
BE20,12,147,209.0,2835.2191953947313
BE20,12,148,96.0,1792.146677452147
BE20,12,149,287.0,2577.4719169991854
BE20,12,150,127.0,882.7005652474235
BE20,12,151,132.0,1478.8180789672995
BE20,12,152,124.0,4082.3835726134375
BE20,12,153,77.0,2001.1535768027966
BE20,12,154,94.0,1462.760374260658
BE20,12,155,231.0,2255.3570400062595
BE20,12,156,133.0,2245.434506399516
BE20,12,157,274.0,1692.682489495943
BE20,12,158,129.0,6171.012229777728
BE20,12,159,198.0,5472.3281799773995
BE20,12,160,230.0,4353.694231799974
BE20,12,161,200.0,2682.5929274521477
BE20,12,162,217.0,1695.425047267816
BE20,12,163,262.0,2546.657889284208
BE20,12,164,123.0,2656.2338217610904
BE20,12,165,195.0,1886.4285684777883
BE20,12,166,245.0,1946.2355805133716
BE20,12,167,78.0,1978.277286426506
BE20,12,168,352.0,1267.408041088511
BE20,12,169,120.0,632.5029274521476
BE20,12,170,273.0,1582.249813899034
BE20,12,171,174.0,3626.6994791762854
BE20,12,172,100.0,1772.102927452147
BE20,12,173,266.0,2030.4119500085385
BE20,12,174,202.0,1835.4118383432365
BE20,12,175,109.0,951.2708173604047
BE20,12,176,137.0,1433.1386938755054
BE20,12,177,91.0,2301.121608770828
BE20,12,178,144.0,2115.143205229925
BE20,12,179,107.0,1392.1767592278482
BE20,12,180,68.0,2550.023515687441
BE20,12,181,146.0,3410.083749369956
BE20,12,182,124.0,2301.6013145489214
BE20,12,183,358.0,2562.2303017538234
BE20,12,184,268.0,1427.0268080491624
BE20,12,185,182.0,1298.1820483312683
BE20,12,186,329.0,1891.8333225889255
BE20,12,187,126.0,3024.247371896591
BE20,12,188,332.0,3519.0920840786534
BE20,12,189,266.0,772.667589106283
BE20,12,190,139.0,2217.177028171572
BE20,12,191,149.0,495.5613167138927
BE20,12,192,136.0,682.2955745109712
BE20,12,193,67.0,1576.5193453625955
BE20,12,194,229.0,2124.615154526383
BE20,12,195,227.0,1627.9967600512662
BE20,12,196,260.0,1541.7644659136856
BE20,12,197,242.0,2461.6500348901636
BE20,12,198,194.0,2162.5606594109104
BE20,12,199,64.0,573.7248024521477
BE20,12,200,351.0,3925.3983690475893
BE20,12,201,246.0,1010.7907323301962
BE20,12,202,113.0,1806.6259363017048
BE20,12,203,179.0,3719.272201195164
BE20,12,204,150.0,1011.6495941188143
BE20,12,205,117.0,1052.3072009564214
BE20,12,206,121.0,441.7120183612386
BE20,12,207,125.0,1188.522927452147
BE20,12,208,200.0,667.8379274521477
BE20,12,209,168.0,1540.1422131664333
BE20,12,210,144.0,2172.5043163410364
BE20,12,211,290.0,2450.613272279734
BE20,12,212,149.0,3003.5277596669125
BE20,12,213,180.0,2846.919594118814
BE20,12,214,252.0,2865.632292531512
BE20,12,215,196.0,2141.144764186841
BE20,12,216,186.0,3341.286798419889
BE20,12,217,216.0,2069.5529274521473
BE20,12,218,125.0,1266.530927452147
BE20,12,219,195.0,1541.8131838624038
BE20,12,220,140.0,67.2100703092906
BE20,12,221,228.0,2393.671348504779
BE20,12,222,124.0,1798.1416371295663
BE20,12,223,68.0,1884.4793980403833
BE20,12,224,241.0,1223.1348776596162
BE20,12,225,71.0,173.90151900144343
BE20,12,226,151.0,2856.1870334124123
BE20,12,227,119.0,2069.7525072840795
BE20,12,228,108.0,1218.7658904151106
BE20,12,229,234.0,119.64480779402808
BE20,12,230,136.0,2591.8176333345
BE20,12,231,357.0,1232.228697760271
BE20,12,232,213.0,1363.582270175152
BE20,12,233,194.0,2005.875092400601
BE20,12,234,121.0,674.9186299314867
BE20,12,235,128.0,3175.5373024521473
BE20,12,236,207.0,1654.6628308337897
BE20,12,237,92.0,1924.8355361477993
BE20,12,238,208.0,2378.4567736059935
BE20,12,239,103.0,4351.492247840497
BE20,12,240,113.0,662.4931929388733
BE20,12,241,40.0,593.4529274521477
BE20,12,242,160.0,1505.3654274521475
BE20,12,243,89.0,1891.6793319465291
BE20,12,244,111.0,1012.2623869116072
BE20,12,245,121.0,904.9103654686766
BE20,12,246,140.0,862.3029274521477
BE20,12,247,162.0,1057.3337916496787
BE20,12,248,217.0,2414.5863375903964
BE20,12,249,190.0,983.9450327153053
BE20,12,250,155.0,838.3448629360188
BE20,12,251,210.0,763.3410226902427
BE20,12,252,143.0,1894.502228151448
BE20,12,253,137.0,1446.2043873061623
BE20,12,254,107.0,228.96180595682063
BE20,12,255,344.0,1678.9715321033102
BE20,12,256,123.0,712.6321957448309
BE20,12,257,166.0,2380.2607587774487
BE20,12,258,74.0,1162.046170695391
BE20,12,259,115.0,1825.7681448434516
BE20,12,260,186.0,653.3244328284918
BE20,12,261,128.0,1293.1076149521473
BE20,12,262,168.0,1816.7672131664328
BE20,12,263,190.0,1833.3713485047788
BE20,12,264,117.0,879.990961640182
BE20,12,265,226.0,1110.7409805494926
BE20,12,266,245.0,3444.6192539827593
BE20,12,267,206.0,3503.526228423021
BE20,12,268,115.0,1841.002927452147
BE20,12,269,137.0,937.6350442404689
BE20,12,270,231.0,1576.0799837292034
BE20,12,271,77.0,3137.8808495300686
BE20,12,272,163.0,1524.7415777588958
BE20,12,273,161.0,1183.0203187564953
BE20,12,274,259.0,2630.636904286124
BE20,12,275,326.0,3187.870412114724
BE20,12,276,203.0,1647.1329767132308
BE20,12,277,90.0,214.0807052299255
BE20,12,278,188.0,2103.4625019202326
BE20,12,279,90.0,911.7807052299257
BE20,12,280,153.0,1340.8813588246965
BE20,12,281,260.0,3456.8452351444544
BE20,12,282,60.0,1403.2029274521483
BE20,12,283,221.0,1623.0336966829168
BE20,12,284,197.0,11.975516284635052
BE20,12,285,220.0,1786.5847456339657
BE20,12,286,115.0,1144.2029274521476
BE20,12,287,101.0,161.65441260066254
BE20,12,288,248.0,1486.0085726134375
BE20,12,289,245.0,478.76619275827034
BE20,12,290,234.0,2341.178995828216
BE20,12,291,164.0,818.0163420862942
BE20,12,292,244.0,1715.057025812803
BE20,12,293,97.0,645.2359171428694
BE20,12,294,252.0,-26.22881857959829
BE20,12,295,138.0,2355.6942317999733
BE20,12,296,219.0,595.9353475434717
BE20,12,297,143.0,1226.3693610185817
BE20,12,298,125.0,880.1229274521478
BE20,12,299,244.0,950.7988290914917
BE20,12,300,132.0,1501.9771698763905
BE20,12,301,146.0,2807.0221055343395
BE20,12,302,295.0,563.1046223674019
BE20,12,303,104.0,1284.6010043752244
BE20,12,304,208.0,2040.1827351444551
BE20,12,305,189.0,1494.50134015056
BE20,12,306,78.0,1923.033696682916
BE20,12,307,146.0,1018.350872657627
BE20,12,308,234.0,2397.2601924094124
BE20,12,309,156.0,1046.841388990609
BE20,12,310,167.0,849.5514304461599
BE20,12,311,127.0,1943.7950534363988
BE20,12,312,231.0,1361.729334378554
BE20,12,313,143.0,1384.795934445154
BE20,12,314,44.0,-157.2425270933068
BE20,2,1,641.0,105.98386095190011
BE20,2,2,1156.0,603.55941736516
BE20,2,3,647.0,61.62363844408173
BE20,2,4,1352.0,320.02004470694254
BE20,2,5,551.0,236.93478552245824
BE20,2,6,1404.0,462.1270466793292
BE20,2,7,1181.0,189.99930834371617
BE20,2,8,1119.0,136.31055530653757
BE20,2,9,1201.0,331.2148047441896
BE20,2,10,1171.0,335.3909346558559
BE20,2,11,1000.0,472.9758671921496
BE20,2,12,1226.0,801.8968003079734
BE20,2,13,298.0,221.06939739349198
BE20,2,14,1078.0,838.650998917567
BE20,2,15,1075.0,253.7919602154055
BE20,2,16,753.0,735.5037450141946
BE20,2,17,915.0,822.01636992439
BE20,2,18,904.0,295.67415922754793
BE20,2,19,665.0,444.65114538763845
BE20,2,20,302.0,72.42463540407023
BE20,2,21,1722.0,872.5219810132877
BE20,2,22,1613.0,732.2179825052308
BE20,2,23,1313.0,506.430042363513
BE20,2,24,1148.0,426.18864767995456
BE20,2,25,695.0,424.8708024439482
BE20,2,26,994.0,454.23141648792426
BE20,2,27,1883.0,499.23864573702485
BE20,2,28,1080.0,69.7065338588164
BE20,2,29,367.0,410.5949080640842
BE20,2,30,1591.0,597.5798420507291
BE20,2,31,1105.0,415.3344373278963
BE20,2,32,1323.0,269.68257316342704
BE20,2,33,1384.0,338.79015620949076
BE20,2,34,1678.0,511.4014881695035
BE20,2,35,964.0,590.8846804701581
BE20,2,36,567.0,403.18043156604733
BE20,2,37,1200.0,1196.9998671921494
BE20,2,38,907.0,181.3725022527892
BE20,2,39,1096.0,544.7283708417847
BE20,2,40,557.0,711.6964201544478
BE20,2,41,1300.0,714.8367902690727
BE20,2,42,629.0,497.2511549504963
BE20,2,43,284.0,277.6222615583469
BE20,2,44,1188.0,545.9622577645403
BE20,2,45,1059.0,785.9717840948881
BE20,2,46,1162.0,848.8971821663322
BE20,2,47,1217.0,272.7717488684028
BE20,2,48,1455.0,142.7103139275449
BE20,2,49,1346.0,455.00465173895503
BE20,2,50,444.0,647.0317590840415
BE20,2,51,814.0,354.0514151036976
BE20,2,52,1274.0,839.792143487283
BE20,2,53,509.0,555.7292581548217
BE20,2,54,1095.0,447.80653385881635
BE20,2,55,961.0,500.083675724928
BE20,2,56,1363.0,1246.4846947783565
BE20,2,57,744.0,290.4315338588164
BE20,2,58,1470.0,809.1861256955511
BE20,2,59,1473.0,813.8119649518239
BE20,2,60,883.0,572.1557222317872
BE20,2,61,845.0,788.4629441152265
BE20,2,62,990.0,282.6944126466952
BE20,2,63,1179.0,781.9015296179342
BE20,2,64,864.0,674.5808394143717
BE20,2,65,600.0,761.0248671921496
BE20,2,66,1122.0,603.3181203115792
BE20,2,67,732.0,765.2655502522588
BE20,2,68,739.0,1301.3915586671158
BE20,2,69,997.0,752.3805893586492
BE20,2,70,825.0,353.47926113154364
BE20,2,71,1130.0,438.81420347533555
BE20,2,72,642.0,706.3657238899689
BE20,2,73,622.0,309.2572305362011
BE20,2,74,1310.0,807.724600016577
BE20,2,75,660.0,649.353503555786
BE20,2,76,1083.0,953.4205689465355
BE20,2,77,952.0,634.8278924022336
BE20,2,78,256.0,266.3937734421497
BE20,2,79,1316.0,447.1391073137302
BE20,2,80,1702.0,734.0446850534892
BE20,2,81,962.0,526.8051478574303
BE20,2,82,1166.0,588.9271742247397
BE20,2,83,1156.0,901.9815626938797
BE20,2,84,811.0,537.5073147877107
BE20,2,85,460.0,356.2529106704106
BE20,2,86,1329.0,542.1075120378983
BE20,2,87,980.0,620.4153773962311
BE20,2,88,1317.0,610.3327297585886
BE20,2,89,748.0,482.4660704007058
BE20,2,90,756.0,213.1464809487635
BE20,2,91,998.0,282.40038823423384
BE20,2,92,935.0,468.27997414402125
BE20,2,93,1122.0,431.7049295807415
BE20,2,94,740.0,558.2763536786363
BE20,2,95,1217.0,247.7051917607611
BE20,2,96,1522.0,637.8763980725702
BE20,2,97,1227.0,602.6916194333884
BE20,2,98,758.0,546.5527959520441
BE20,2,99,794.0,364.89301580675925
BE20,2,100,1437.0,783.3743835456639
BE20,2,101,522.0,53.26247255613439
BE20,2,102,1071.0,491.6664778364074
BE20,2,103,1217.0,317.5252410623223
BE20,2,104,559.0,365.4690264050298
BE20,2,105,1050.0,476.0836767159592
BE20,2,106,606.0,514.8378869941298
BE20,2,107,1305.0,651.2777982266324
BE20,2,108,1426.0,680.5956876690079
BE20,2,109,1251.0,610.3061341785605
BE20,2,110,859.0,1030.272579648494
BE20,2,111,512.0,955.5285390671495
BE20,2,112,1336.0,711.344957012509
BE20,2,113,1346.0,886.0633441609459
BE20,2,114,746.0,1024.9897331438922
BE20,2,115,1359.0,868.209771533577
BE20,2,116,1058.0,725.6266346779719
BE20,2,117,882.0,259.77365404022225
BE20,2,118,1185.0,540.5601203567066
BE20,2,119,745.0,953.1680551116127
BE20,2,120,1348.0,752.1109354414078
BE20,2,121,1235.0,842.7155756941739
BE20,2,122,1709.0,326.07491692883787
BE20,2,123,553.0,243.0132849136687
BE20,2,124,971.0,369.0049547307697
BE20,2,125,1308.0,232.66050939398457
BE20,2,126,1138.0,763.6082327457525
BE20,2,127,774.0,723.7897379931832
BE20,2,128,569.0,231.9570903907438
BE20,2,129,1377.0,538.1558439532245
BE20,2,130,734.0,689.658940761632
BE20,2,131,881.0,840.6858376802313
BE20,2,132,874.0,552.3114919061085
BE20,2,133,1292.0,590.1979167277534
BE20,2,134,597.0,354.7730330212954
BE20,2,135,650.0,412.2414056536881
BE20,2,136,602.0,644.815946926369
BE20,2,137,557.0,221.72155480435796
BE20,2,138,1034.0,971.0054377917627
BE20,2,139,340.0,688.801631898032
BE20,2,140,879.0,1189.0977739043224
BE20,2,141,1067.0,649.1201858425715
BE20,2,142,379.0,1100.5936930496694
BE20,2,143,676.0,379.1679737010254
BE20,2,144,1202.0,510.11906852326456
BE20,2,145,1065.0,726.685407098253
BE20,2,146,963.0,461.32366781520267
BE20,2,147,1000.0,822.5828671921494
BE20,2,148,1166.0,541.9417539846024
BE20,2,149,1086.0,891.5965891074351
BE20,2,150,606.0,759.0870619116216
BE20,2,151,516.0,997.0642857968006
BE20,2,152,560.0,658.1023671921497
BE20,2,153,1366.0,484.2416241467617
BE20,2,154,1280.0,672.8484609421496
BE20,2,155,1193.0,953.6612418778159
BE20,2,156,527.0,752.7565654843696
BE20,2,157,803.0,1320.6903030576536
BE20,2,158,565.0,773.7982742717957
BE20,2,159,1565.0,418.2120716649932
BE20,2,160,1258.0,990.9061628996218
BE20,2,161,862.0,935.9136490947018
BE20,2,162,269.0,221.80157722932444
BE20,2,163,704.0,675.6995262830586
BE20,2,164,1054.0,719.4709867367417
BE20,2,165,692.0,419.912988579433
BE20,2,166,1303.0,573.9602816203922
BE20,2,167,668.0,515.6144180903533
BE20,2,168,968.0,401.6873878533067
BE20,2,169,1112.0,870.012169350423
BE20,2,170,1590.0,649.5455275695081
BE20,2,171,958.0,607.8903891128177
BE20,2,172,863.0,648.0054523601682
BE20,2,173,1146.0,956.4487677157099
BE20,2,174,1225.0,343.52843862072115
BE20,2,175,727.0,483.73133899407543
BE20,2,176,941.0,405.0835441315759
BE20,2,177,1688.0,1436.9230425475994
BE20,2,178,1291.0,476.0445922115145
BE20,2,179,1203.0,436.5496760034547
BE20,2,180,1334.0,400.82277573787684
BE20,2,181,1240.0,392.3342220308594
BE20,2,182,934.0,524.8272333591732
BE20,2,183,729.0,509.8655187696532
BE20,2,184,1435.0,798.7099020353553
BE20,2,185,676.0,380.0673819850491
BE20,2,186,916.0,858.6638846593984
BE20,2,187,1200.0,417.41486719214964
BE20,2,188,1176.0,480.73085358670755
BE20,2,189,880.0,551.4887308285132
BE20,2,190,293.0,606.3344064412963
BE20,2,191,1527.0,711.0632463670022
BE20,2,192,1103.0,562.7219161495386
BE20,2,193,1262.0,512.0170462729739
BE20,2,194,1014.0,610.0836541743981
BE20,2,195,320.0,308.5773671921497
BE20,2,196,624.0,599.5180723203549
BE20,2,197,1404.0,543.2630865653691
BE20,2,198,607.0,460.7774289713919
BE20,2,199,555.0,475.64076809305055
BE20,2,200,512.0,263.8918203171497
BE20,2,201,256.0,376.7023671921497
BE20,2,202,1145.0,477.4638846593986
BE20,2,203,960.0,1174.950283858816
BE20,2,204,1068.0,205.40484846555793
BE20,2,205,1897.0,896.2210480039575
BE20,2,206,1737.0,473.6856357586436
BE20,2,207,1546.0,630.2996343331587
BE20,2,208,722.0,484.3767092974129
BE20,2,209,964.0,589.0745144950541
BE20,2,210,1074.0,167.2162172852596
BE20,2,211,1078.0,514.3495146875115
BE20,2,212,1413.0,555.126420624563
BE20,2,213,1493.0,839.7614345062822
BE20,2,214,462.0,225.20263775492026
BE20,2,215,1437.0,1056.2581692102428
BE20,2,216,1448.0,502.16403846286795
BE20,2,217,685.0,504.2274584330256
BE20,2,218,1194.0,398.1373546293356
BE20,2,219,1193.0,310.1893223472209
BE20,2,220,751.0,169.16782990852795
BE20,2,221,869.0,528.9338833026214
BE20,2,222,1046.0,493.93336623612674
BE20,2,223,1070.0,429.7492129865422
BE20,2,224,1069.0,507.11648084977355
BE20,2,225,519.0,421.65817162374896
BE20,2,226,1007.0,510.71682846325194
BE20,2,227,478.0,61.72982535114553
BE20,2,228,1266.0,183.5103253280107
BE20,2,229,1490.0,278.39288732637795
BE20,2,230,1647.0,580.897608540055
BE20,2,231,1561.0,182.90668333564744
BE20,2,232,605.0,360.3084622334719
BE20,2,233,925.0,1018.1452725975548
BE20,2,234,399.0,692.8616717034279
BE20,2,235,854.0,873.3073144989411
BE20,2,236,988.0,540.9991789330403
BE20,2,237,1046.0,351.04713296652824
BE20,2,238,1605.0,347.78036563451724
BE20,2,239,743.0,437.8949142984755
BE20,2,240,977.0,442.1910442648211
BE20,2,241,580.0,786.0915913300807
BE20,2,242,811.0,404.63061934997955
BE20,2,243,727.0,1138.4782440834838
BE20,2,244,1143.0,580.5615644799886
BE20,2,245,1300.0,-20.49859434631182
BE20,2,246,893.0,486.60459283604666
BE20,2,247,472.0,399.7055451582513
BE20,2,248,531.0,428.6125602241648
BE20,2,249,1273.0,1023.8319331780098
BE20,2,250,1139.0,266.4094018716932
BE20,2,251,1492.0,335.6351755031417
BE20,2,252,1485.0,680.9701702224527
BE20,2,253,1563.0,362.18209367967376
BE20,2,254,1074.0,258.38009065583685
BE20,2,255,1180.0,247.57969770062428
BE20,2,256,1119.0,147.93164556569752
BE20,2,257,894.0,226.31548240467765
BE20,2,258,665.0,174.57445365831512
BE20,2,259,627.0,180.91339191304286
BE20,2,260,335.0,-88.91386415113388
BE20,2,261,357.0,-31.24388630925084
BE20,3,1,1372.0,-519.0644118478709
BE20,3,2,1449.0,-445.57730955353696
BE20,3,3,1895.0,-343.08816354983327
BE20,3,4,1555.0,-191.7297690610364
BE20,3,5,729.0,77.00259655454938
BE20,3,6,1211.0,-91.08788292085832
BE20,3,7,1311.0,-255.16061564485227
BE20,3,8,1889.0,130.3250706864269
BE20,3,9,1466.0,-72.70831207020893
BE20,3,10,717.0,-470.99839638011787
BE20,3,11,1368.0,20.0838542254757
BE20,3,12,1296.0,48.1298256354822
BE20,3,13,312.0,202.1644885034784
BE20,3,14,1425.0,-371.59719840610325
BE20,3,15,1342.0,684.3534047784602
BE20,3,16,957.0,-6.966549998249748
BE20,3,17,924.0,-22.40993707094717
BE20,3,18,1306.0,10.665421082894902
BE20,3,19,803.0,-48.41929187139787
BE20,3,20,1071.0,394.5056685652467
BE20,3,21,1197.0,-52.664266075276174
BE20,3,22,1217.0,-285.85830293406246
BE20,3,23,1682.0,210.16705717935267
BE20,3,24,730.0,363.91968695799187
BE20,3,25,1079.0,-4.182205966710047
BE20,3,26,1529.0,85.78794358556657
BE20,3,27,1050.0,-186.14521845622855
BE20,3,28,1086.0,34.466620533510984
BE20,3,29,1248.0,303.0827577342476
BE20,3,30,1009.0,-319.6879104190395
BE20,3,31,889.0,425.2311220012143
BE20,3,32,1306.0,81.31626334935738
BE20,3,33,1202.0,578.3704379893779
BE20,3,34,1586.0,30.819070260519165
BE20,3,35,1455.0,121.85453608476311
BE20,3,36,1079.0,367.80296548834093
BE20,3,37,1477.0,160.71284969994386
BE20,3,38,1320.0,123.3778334918234
BE20,3,39,1279.0,101.73973258439096
BE20,3,40,788.0,241.1752915751952
BE20,3,41,565.0,177.1546972622712
BE20,3,42,889.0,186.09388915531997
BE20,3,43,1545.0,227.06888232971687
BE20,3,44,1380.0,213.2206200530882
BE20,3,45,935.0,77.34062315314246
BE20,3,46,1200.0,173.0052577342476
BE20,3,47,1246.0,144.31807742392124
BE20,3,48,1298.0,332.9639531631126
BE20,3,49,1107.0,80.54814842982125
BE20,3,50,1697.0,107.36898588195929
BE20,3,51,1255.0,60.57819266120645
BE20,3,52,1703.0,254.0693133224254
BE20,3,53,1137.0,-37.7597554583645
BE20,3,54,728.0,61.198371287361184
BE20,3,55,1365.0,400.4947082836983
BE20,3,56,833.0,303.49659827046213
BE20,3,57,1979.0,-127.78113606733567
BE20,3,58,1312.0,143.20877399441025
BE20,3,59,1297.0,217.72300124491326
BE20,3,60,762.0,-14.992537541342918
BE20,3,61,857.0,352.5194312076043
BE20,3,62,468.0,88.47431756330747
BE20,3,63,1501.0,160.96826461854698
BE20,3,64,875.0,216.33687678186666
BE20,3,65,1250.0,31.324191067580966
BE20,3,66,557.0,266.85561081623445
BE20,3,67,860.0,-21.10512986265159
BE20,3,68,1292.0,424.4584672285717
BE20,3,69,839.0,325.29027163969056
BE20,3,70,1574.0,287.0961260104018
BE20,3,71,1541.0,88.02239379308389
BE20,3,72,1352.0,137.71083958829104
BE20,3,73,1789.0,208.5132473001131
BE20,3,74,1118.0,311.4079291713377
BE20,3,75,890.0,-291.96073477511567
BE20,3,76,578.0,218.736376534709
BE20,3,77,851.0,351.692457107534
BE20,3,78,974.0,99.37078819283764
BE20,3,79,450.0,243.01636884535876
BE20,3,80,811.0,92.59819649298171
BE20,3,81,1347.0,223.32194667262922
BE20,3,82,1193.0,240.57833960069078
BE20,3,83,1777.0,185.24730237877958
BE20,3,84,1023.0,300.31827826210684
BE20,3,85,681.0,291.02631500297014
BE20,3,86,1343.0,187.97300655529506
BE20,3,87,1190.0,408.9046414877491
BE20,3,88,609.0,213.86939566528213
BE20,3,89,612.0,125.60604204797313
BE20,3,90,420.0,194.49525773424764
BE20,3,91,1063.0,147.40709530088293
BE20,3,92,1471.0,-67.08972980257539
BE20,3,93,543.0,450.27232955745205
BE20,3,94,508.0,158.78764618569122
BE20,3,95,1540.0,177.17729236628227
BE20,3,96,546.0,310.0774921664821
BE20,3,97,1204.0,427.0624781107703
BE20,3,98,983.0,-81.09414545327355
BE20,3,99,788.0,-82.72318558216523
BE20,3,100,1551.0,344.47020937834816
BE20,3,101,763.0,0.4327195079479359
BE20,3,102,493.0,-248.74250426710464
BE20,3,103,1794.0,378.7623145904349
BE20,3,104,834.0,181.6056893889239
BE20,3,105,1279.0,253.84841123959032
BE20,3,106,1137.0,539.2244134070709
BE20,3,107,1234.0,487.51586821506885
BE20,3,108,1162.0,42.36241206585979
BE20,3,109,669.0,-102.03710399968361
BE20,3,110,715.0,318.77229736128726
BE20,3,111,1422.0,255.3871705331225
BE20,3,112,989.0,376.44320178547787
BE20,3,113,1001.0,389.8761934651834
BE20,3,114,702.0,402.96149705048697
BE20,3,115,1167.0,212.82392097332217
BE20,3,116,1215.0,577.9304429194328
BE20,3,117,1096.0,109.98680274641309
BE20,3,118,728.0,259.4868328258227
BE20,3,119,1271.0,461.9412189196659
BE20,3,120,1165.0,92.6949000804565
BE20,3,121,1216.0,331.1249726465283
BE20,3,122,921.0,424.3113815127493
BE20,3,123,563.0,573.3489285453785
BE20,3,124,1076.0,61.5259888370977
BE20,3,125,1851.0,387.01451759378307
BE20,3,126,227.0,283.49621221295536
BE20,3,127,846.0,430.92894567751006
BE20,3,128,1455.0,209.8593470813267
BE20,3,129,417.0,182.58170857357618
BE20,3,130,882.0,489.91623279093704
BE20,3,131,939.0,150.50628009846488
BE20,3,132,496.0,187.1781878417745
BE20,3,133,632.0,303.50074296631516
BE20,3,134,1035.0,869.952987202847
BE20,3,135,890.0,167.79432140465963
BE20,3,136,1016.0,81.4795753195495
BE20,3,137,818.0,250.25854216782545
BE20,3,138,523.0,506.43270196624246
BE20,3,139,1130.0,261.22195389943937
BE20,3,140,568.0,207.1282389549049
BE20,3,141,824.0,-84.76170019455496
BE20,3,142,974.0,175.40774917846392
BE20,3,143,1025.0,292.09420082367853
BE20,3,144,786.0,361.0345707113469
BE20,3,145,505.0,190.52017522599684
BE20,3,146,1026.0,282.44155403054395
BE20,3,147,875.0,-115.38655178956189
BE20,3,148,1220.0,335.6138369692203
BE20,3,149,590.0,280.95486225402163
BE20,3,150,975.0,459.8539756829656
BE20,3,151,782.0,503.288053983182
BE20,3,152,1131.0,190.01616843274454
BE20,3,153,516.0,655.9553352536276
BE20,3,154,796.0,191.69467146959101
BE20,3,155,556.0,643.8940586934802
BE20,3,156,1212.0,106.5470729157658
BE20,3,157,1016.0,904.16363043766
BE20,3,158,711.0,340.0369595626584
BE20,3,159,862.0,292.9611896754696
BE20,3,160,932.0,434.4539129559931
BE20,3,161,832.0,194.47738914450403
BE20,3,162,472.0,332.9849469997843
BE20,3,163,685.0,436.922386688019
BE20,3,164,555.0,143.32363611262602
BE20,3,165,1172.0,270.60657741570384
BE20,3,166,1192.0,370.46013469174204
BE20,3,167,627.0,534.6859275907069
BE20,3,168,906.0,467.7688780432984
BE20,3,169,984.0,96.04464797815007
BE20,3,170,1119.0,190.84498963773288
BE20,3,171,1123.0,129.5070861699852
BE20,3,172,1061.0,259.9941424342162
BE20,3,173,680.0,295.8756498911104
BE20,3,174,1503.0,233.354838572571
BE20,3,175,1706.0,120.54717254472047
BE20,3,176,409.0,344.53727077418245
BE20,3,177,1087.0,218.88429483943008
BE20,3,178,1315.0,478.7964617900145
BE20,3,179,624.0,206.54109106758094
BE20,3,180,1263.0,426.9805704816744
BE20,3,181,606.0,95.94393760223444
BE20,3,182,885.0,-72.68525074032864
BE20,3,183,265.0,115.37293069022247
BE20,3,184,879.0,432.36937605051617
BE20,3,185,978.0,247.11765037228443
BE20,3,186,909.0,307.65020822929716
BE20,3,187,1256.0,362.5852789656701
BE20,3,188,769.0,190.95063268006473
BE20,3,189,1027.0,105.22347909095
BE20,3,190,1238.0,324.4204327477102
BE20,3,191,1176.0,-6.544368116092505
BE20,3,192,917.0,430.68360742526903
BE20,3,193,1242.0,155.88438816903025
BE20,3,194,643.0,454.35417427131347
BE20,3,195,735.0,242.86090399275105
BE20,3,196,1054.0,69.62280359130013
BE20,3,197,933.0,355.83764787358314
BE20,3,198,676.0,-149.57910124011133
BE20,3,199,307.0,224.69683210992628
BE20,3,200,1193.0,-150.673127289502
BE20,3,201,638.0,17.7622901271421
BE20,3,202,774.0,354.5935781476843
BE20,3,203,601.0,128.874597723155
BE20,3,204,384.0,52.09838273424763
BE20,3,205,676.0,-0.21963378449004134
BE20,3,206,616.0,105.35034431433421
BE20,3,207,754.0,121.43217196943772
BE20,3,208,579.0,317.1970712057502
BE20,3,209,640.0,164.66921606758098
BE20,3,210,991.0,88.42006432691498
BE20,3,211,1261.0,588.9361644220617
BE20,3,212,638.0,-49.42109545279521
BE20,3,213,1303.0,314.8270177751788
BE20,3,214,315.0,255.70716249615236
BE20,3,215,286.0,111.73033931932923
BE20,3,216,1282.0,22.10885627818939
BE20,3,217,938.0,433.99245034263424
BE20,3,218,943.0,174.97381906333922
BE20,3,219,426.0,332.4997178281443
BE20,3,220,1255.0,79.6052842946726
BE20,3,221,2203.0,17.15766505759458
BE20,3,222,1116.0,86.34687063747344
BE20,3,223,1105.0,105.12655486848594
BE20,3,224,682.0,61.6941335895751
BE20,3,225,425.0,115.90917930287507
BE20,3,226,1136.0,187.2532389549049
BE20,3,227,702.0,167.1224657114556
BE20,3,228,864.0,-5.65798300649311
BE20,3,229,883.0,123.56352877992522
BE20,3,230,551.0,483.68730250133785
BE20,3,231,1030.0,581.0785910675811
BE20,3,232,581.0,198.02592325346737
BE20,3,233,802.0,200.01849131695752
BE20,3,234,830.0,41.590639260352056
BE20,3,235,478.0,451.17524378724625
BE20,3,236,356.0,287.24263601140115
BE20,3,237,984.0,635.1554203358738
BE20,3,238,919.0,-5.077448105433175
BE20,3,239,571.0,139.07403765251965
BE20,3,240,1053.0,190.6789709346275
BE20,3,241,267.0,39.7370180338731
BE20,3,242,806.0,483.4066307698142
BE20,3,243,1372.0,15.99681264192499
BE20,3,244,858.0,112.29793838692828
BE20,3,245,572.0,286.34922043821035
BE20,3,246,1161.0,9.204689258795433
BE20,3,247,674.0,74.14327949488067
BE20,3,248,437.0,619.6158908387481
BE20,3,249,781.0,242.10983306502013
BE20,3,250,839.0,-39.322362448509615
BE20,3,251,648.0,237.94618366017357
BE20,3,252,872.0,320.81115987492046
BE20,3,253,736.0,77.20821063279836
BE20,3,254,818.0,146.3441167399526
BE20,3,255,479.0,341.01721319701727
BE20,3,256,1186.0,534.4954544739891
BE20,3,257,907.0,-211.35602855755684
BE20,3,258,515.0,-27.960243883875346
BE20,3,259,761.0,19.55217845260068
BE20,3,260,322.0,-13.83196793863021
BE20,3,261,524.0,56.39080480803898
BE20,3,262,802.0,16.855149671072237
BE20,3,263,587.0,-172.7599097842078
BE20,3,264,870.0,86.48433819401774
BE20,3,265,886.0,-88.92208613332197
BE20,3,266,659.0,322.9505182299482
BE20,3,267,655.0,68.24652999887869
BE20,3,268,431.0,12.24657250609606
BE20,3,269,526.0,-37.82178916055592
BE20,3,270,437.0,-54.97678650678974
BE20,3,271,281.0,-91.66019896800623
BE20,3,272,350.0,-58.424266075276165
BE20,3,273,175.0,-112.02998036099042
BE20,4,1,283.0,-292.62248386103965
BE20,4,2,1738.0,488.34581160875416
BE20,4,3,1478.0,932.1874373867548
BE20,4,4,802.0,146.89633834140471
BE20,4,5,1315.0,1037.728661525839
BE20,4,6,697.0,187.96717094425912
BE20,4,7,452.0,821.4455295227433
BE20,4,8,1076.0,332.2343409186048
BE20,4,9,1008.0,1235.298168587219
BE20,4,10,1026.0,717.3544377323036
BE20,4,11,1319.0,175.41621662144382
BE20,4,12,1707.0,608.6863339148612
BE20,4,13,410.0,1447.3401982039434
BE20,4,14,535.0,1144.0041599089811
BE20,4,15,1323.0,1287.3550941352155
BE20,4,16,1800.0,300.09050985706
BE20,4,17,726.0,406.84940333731714
BE20,4,18,724.0,1141.083932202057
BE20,4,19,694.0,694.217965828882
BE20,4,20,1062.0,885.6881840566834
BE20,4,21,1006.0,1794.2183439635326
BE20,4,22,408.0,642.8837778309162
BE20,4,23,1365.0,413.19757334912356
BE20,4,24,1262.0,241.40637268502272
BE20,4,25,1330.0,689.2822851285722
BE20,4,26,803.0,481.35593188556425
BE20,4,27,1033.0,604.5879020265771
BE20,4,28,253.0,772.8471875030855
BE20,4,29,1153.0,490.2118797134732
BE20,4,30,389.0,-72.7415624080071
BE20,4,31,371.0,338.7720567273805
BE20,4,32,519.0,400.7592028564178
BE20,4,33,1396.0,888.1813296596706
BE20,4,34,1501.0,464.93329873854645
BE20,4,35,972.0,526.2369913385414
BE20,4,36,1028.0,916.4801099435279
BE20,4,37,1511.0,154.75074847754684
BE20,4,38,1011.0,1073.9489651818212
BE20,4,39,1059.0,627.185081780258
BE20,4,40,995.0,469.99819550753466
BE20,4,41,1621.0,838.1708056278461
BE20,4,42,657.0,797.2269710442747
BE20,4,43,997.0,1049.835611272417
BE20,4,44,663.0,521.7478426876281
BE20,4,45,714.0,840.4611587832972
BE20,4,46,1192.0,562.4826724223097
BE20,4,47,1034.0,862.8648479185257
BE20,4,48,733.0,1329.477921559349
BE20,4,49,1204.0,1072.9200539692786
BE20,4,50,859.0,372.41794033177223
BE20,4,51,570.0,1394.2692525471184
BE20,4,52,1030.0,1527.8120902238345
BE20,4,53,427.0,4.486254067312439
BE20,4,54,519.0,648.1580467870535
BE20,4,55,687.0,352.2629091777781
BE20,4,56,1265.0,472.1112191236388
BE20,4,57,514.0,765.3371138345784
BE20,4,58,1190.0,554.5306265704121
BE20,4,59,567.0,391.2921059769895
BE20,4,60,608.0,428.42857272255713
BE20,4,61,1350.0,236.08773207928226
BE20,4,62,796.0,454.67482867336383
BE20,4,63,1333.0,301.1420023135075
BE20,4,64,1206.0,1151.363718812284
BE20,4,65,449.0,798.9210010721057
BE20,4,66,946.0,756.9351551471705
BE20,4,67,1032.0,473.1049930611944
BE20,4,68,1162.0,155.63153777826867
BE20,4,69,1295.0,11.494355845906021
BE20,4,70,574.0,436.59978008547665
BE20,4,71,2115.0,1371.3806871620245
BE20,4,72,858.0,597.539697891248
BE20,4,73,1393.0,513.4768746173695
BE20,4,74,1572.0,117.17514514119914
BE20,4,75,871.0,438.7949600420326
BE20,4,76,1028.0,351.34392317309977
BE20,4,77,1598.0,722.8304298959977
BE20,4,78,1307.0,593.9032825340983
BE20,4,79,1721.0,956.1614592404935
BE20,4,80,557.0,746.3162020573393
BE20,4,81,972.0,156.31723825212177
BE20,4,82,1345.0,874.9603632234376
BE20,4,83,1210.0,738.7747476899342
BE20,4,84,1277.0,453.1378947870174
BE20,4,85,1397.0,764.9936192979254
BE20,4,86,1071.0,550.2328674667706
BE20,4,87,434.0,448.2080188176335
BE20,4,88,774.0,605.7755356968534
BE20,4,89,785.0,985.6620562123325
BE20,4,90,1729.0,890.9516894085028
BE20,4,91,1643.0,970.6754564317541
BE20,4,92,754.0,1163.5626863969953
BE20,4,93,1278.0,825.7113001543997
BE20,4,94,1346.0,454.6037433059621
BE20,4,95,1116.0,807.4365134412893
BE20,4,96,765.0,492.60485626228876
BE20,4,97,1550.0,152.31834139827868
BE20,4,98,549.0,1074.744125521905
BE20,4,99,827.0,1166.9511634913474
BE20,4,100,1760.0,652.0493861196863
BE20,4,101,1256.0,730.066196339721
BE20,4,102,1356.0,1042.8481843900001
BE20,4,103,1324.0,1147.1538817939515
BE20,4,104,1114.0,681.3377460429766
BE20,4,105,1017.0,720.7218323742674
BE20,4,106,1391.0,879.1792857177518
BE20,4,107,1007.0,830.0542244107398
BE20,4,108,764.0,538.0782265528134
BE20,4,109,1621.0,1109.038788354558
BE20,4,110,1439.0,662.6650342181132
BE20,4,111,1475.0,707.5208017591316
BE20,4,112,626.0,1140.5585804995876
BE20,4,113,768.0,734.7780793015045
BE20,4,114,478.0,890.2616697826759
BE20,4,115,1188.0,392.73614958769974
BE20,4,116,461.0,737.7070041930446
BE20,4,117,650.0,1354.1253389168892
BE20,4,118,1553.0,488.5590978945502
BE20,4,119,1375.0,549.8132270287772
BE20,4,120,1201.0,878.9049917702806
BE20,4,121,1183.0,705.732710007337
BE20,4,122,1712.0,551.6216832734672
BE20,4,123,774.0,800.6850964203676
BE20,4,124,1693.0,840.5305804090059
BE20,4,125,1419.0,976.4897710738793
BE20,4,126,789.0,390.0678250239379
BE20,4,127,750.0,374.70062096817117
BE20,4,128,1477.0,800.9269346671103
BE20,4,129,1411.0,540.0038168103634
BE20,4,130,1290.0,520.1786364720471
BE20,4,131,1073.0,440.97604936208234
BE20,4,132,1320.0,1100.4476815742316
BE20,4,133,1140.0,908.8403051786975
BE20,4,134,721.0,561.9111193500482
BE20,4,135,661.0,1059.491557932367
BE20,4,136,795.0,308.7763693958441
BE20,4,137,1276.0,442.19211731090877
BE20,4,138,761.0,478.1352368245005
BE20,4,139,602.0,67.85028652741809
BE20,4,140,656.0,458.9453811307728
BE20,4,141,1250.0,470.9995543015044
BE20,4,142,816.0,608.5296111642496
BE20,4,143,1141.0,412.2418035565439
BE20,4,144,770.0,692.4941101456602
BE20,4,145,875.0,816.1156685872187
BE20,4,146,1007.0,557.2011956123288
BE20,4,147,1200.0,696.5249543015045
BE20,4,148,1180.0,705.1719881998094
BE20,4,149,1191.0,782.2908443099008
BE20,4,150,1068.0,510.80201422659815
BE20,4,151,812.0,603.2812350896819
BE20,4,152,1712.0,770.9090664510372
BE20,4,153,1228.0,717.842462444827
BE20,4,154,1473.0,650.7666549125024
BE20,4,155,1160.0,498.21029912909063
BE20,4,156,979.0,338.6608838214228
BE20,4,157,768.0,562.5397980515045
BE20,4,158,1411.0,1135.8670343865506
BE20,4,159,1541.0,775.0901230231137
BE20,4,160,1210.0,996.4830121527441
BE20,4,161,1297.0,814.2529612405947
BE20,4,162,596.0,770.1529744357327
BE20,4,163,1489.0,1361.708852891162
BE20,4,164,1034.0,576.1356409552762
BE20,4,165,1301.0,621.607141080905
BE20,4,166,958.0,467.1253196459721
BE20,4,167,763.0,614.9368481416093
BE20,4,168,1305.0,769.0580002785159
BE20,4,169,1297.0,954.1928224587905
BE20,4,170,572.0,813.1929612945114
BE20,4,171,699.0,521.643802656297
BE20,4,172,1139.0,894.6909551794677
BE20,4,173,510.0,604.902895477975
BE20,4,174,823.0,990.8940612273854
BE20,4,175,1482.0,955.8372687414504
BE20,4,176,821.0,613.6491016827468
BE20,4,177,666.0,363.1992035507537
BE20,4,178,806.0,1214.5628575273108
BE20,4,179,749.0,1312.9579649824122
BE20,4,180,1075.0,953.5853031387139
BE20,4,181,1390.0,1419.5780118554612
BE20,4,182,979.0,1317.1532229429752
BE20,4,183,636.0,371.09460838955476
BE20,4,184,907.0,388.4582233202476
BE20,4,185,1186.0,824.0798025308468
BE20,4,186,341.0,504.1962886123548
BE20,4,187,685.0,435.024406856249
BE20,4,188,657.0,887.7536072695409
BE20,4,189,1104.0,963.5550267652725
BE20,4,190,941.0,785.3856609965097
BE20,4,191,1046.0,709.4193615672789
BE20,4,192,647.0,806.1493360634828
BE20,4,193,1378.0,910.9949470446104
BE20,4,194,1506.0,476.56549215011
BE20,4,195,868.0,356.73566858721875
BE20,4,196,1130.0,730.1437596112389
BE20,4,197,593.0,825.7037485679464
BE20,4,198,356.0,543.9471453127403
BE20,4,199,1000.0,942.9499543015046
BE20,4,200,1218.0,880.8949460913238
BE20,4,201,1311.0,558.4823723030299
BE20,4,202,1467.0,869.2744260124794
BE20,4,203,1046.0,1095.4910632881201
BE20,4,204,938.0,1223.145050250332
BE20,4,205,1755.0,1122.1180454695957
BE20,4,206,1538.0,791.6007995550805
BE20,4,207,1286.0,640.875304223744
BE20,4,208,570.0,364.60784903834656
BE20,4,209,527.0,809.3123831440093
BE20,4,210,1150.0,1006.5456064754176
BE20,4,211,1120.0,540.0892400157902
BE20,4,212,1597.0,715.3137614398889
BE20,4,213,509.0,219.82028828971664
BE20,4,214,1225.0,493.3564849137494
BE20,4,215,1032.0,600.7542178673959
BE20,4,216,1269.0,861.4881733716385
BE20,4,217,791.0,229.5074764253983
BE20,4,218,1415.0,655.5859967043314
BE20,4,219,943.0,649.0008556800834
BE20,4,220,1073.0,620.0002804897616
BE20,4,221,536.0,287.6794319134448
BE20,4,222,854.0,270.41365453569654
BE20,4,223,828.0,70.19150019522428
BE20,4,224,844.0,872.7354993252012
BE20,4,225,451.0,876.9011738136996
BE20,4,226,973.0,1207.1524208996545
BE20,4,227,920.0,332.7390847362871
BE20,4,228,958.0,487.1221881219638
BE20,4,229,1323.0,242.6846481790555
BE20,4,230,1298.0,628.9129743323211
BE20,4,231,1100.0,1015.9508633924136
BE20,4,232,458.0,828.1813953495393
BE20,4,233,740.0,892.717521869072
BE20,4,234,1337.0,1013.6305825737558
BE20,4,235,1193.0,463.886249355989
BE20,4,236,1769.0,633.4134930239466
BE20,4,237,648.0,777.434522202739
BE20,4,238,1277.0,1057.9217632286775
BE20,4,239,598.0,737.0770446025078
BE20,4,240,783.0,493.2373106233436
BE20,4,241,1396.0,387.2293239290116
BE20,4,242,1370.0,495.6849907978548
BE20,4,243,1001.0,824.1527515043017
BE20,4,244,364.0,680.9664378179879
BE20,4,245,1220.0,803.6835608588815
BE20,4,246,411.0,1110.2248934742538
BE20,4,247,1405.0,553.5065379313977
BE20,4,248,1030.0,878.9518960490773
BE20,4,249,1153.0,426.00459437088864
BE20,4,250,1040.0,557.7153389168891
BE20,4,251,1089.0,770.4393941545807
BE20,4,252,832.0,144.15307930150448
BE20,4,253,737.0,632.1073491454664
BE20,4,254,1214.0,942.1558851087533
BE20,4,255,1376.0,891.2312043015046
BE20,4,256,616.0,639.6333958599461
BE20,4,257,995.0,925.5187985226099
BE20,4,258,297.0,624.7310990826493
BE20,4,259,1041.0,486.7530282688436
BE20,4,260,943.0,1330.415489826425
BE20,4,261,780.0,668.7538004553506
BE20,4,262,1329.0,1104.8558986205412
BE20,4,263,1003.0,829.6687977710958
BE20,4,264,495.0,613.3701563217063
BE20,4,265,749.0,1245.4105684537074
BE20,4,266,957.0,614.5246669451826
BE20,4,267,315.0,275.4293193808696
BE20,4,268,678.0,791.1903672808555
BE20,4,269,1041.0,784.4485133793142
BE20,4,270,1156.0,1040.0546255817812
BE20,4,271,974.0,842.8267510160834
BE20,4,272,984.0,758.670482756789
BE20,4,273,1030.0,583.7412164374268
BE20,4,274,877.0,1178.6569098317211
BE20,4,275,392.0,720.2509747096677
BE20,4,276,358.0,583.5588928489904
BE20,4,277,812.0,672.6396094739183
BE20,4,278,1022.0,1156.0673711312502
BE20,4,279,1005.0,778.8454766895641
BE20,4,280,1299.0,189.91223297740902
BE20,4,281,327.0,698.1059176042567
BE20,4,282,953.0,296.5617066624699
BE20,4,283,569.0,714.8462636160915
BE20,4,284,1368.0,940.5150127810367
BE20,4,285,725.0,1220.2589198187459
BE20,4,286,800.0,1159.5399543015044
BE20,4,287,566.0,830.8103783297729
BE20,4,288,472.0,381.9902085387926
BE20,4,289,588.0,429.81219919946363
BE20,4,290,595.0,681.302895477975
BE20,4,291,766.0,374.0961684007212
BE20,4,292,1046.0,1012.6583673034164
BE20,4,293,688.0,448.29007058057425
BE20,4,294,474.0,411.92041843652555
BE20,4,295,918.0,757.5436362187157
BE20,4,296,512.0,547.4265168015045
BE20,4,297,416.0,340.3465889168891
BE20,4,298,972.0,974.1834933961547
BE20,4,299,529.0,473.92537963231734
BE20,4,300,1114.0,1013.3934013392064
BE20,4,301,609.0,1095.362105368828
BE20,4,302,1128.0,611.8355925993768
BE20,4,303,601.0,543.8334817557474
BE20,4,304,481.0,223.26596261751277
BE20,4,305,823.0,749.756758675745
BE20,4,306,292.0,479.4054337535592
BE20,4,307,775.0,617.4660833337625
BE20,4,308,606.0,576.7981391199862
BE20,4,309,858.0,730.1772270287772
BE20,4,310,509.0,595.7122332798934
BE20,4,311,1059.0,157.73465685107956
BE20,4,312,850.0,925.9099543015045
BE20,4,313,991.0,369.5483397707275
BE20,4,314,519.0,1074.0289523747222
BE20,4,315,808.0,627.5390632123956
BE20,4,316,855.0,702.2552174593992
BE20,4,317,1197.0,644.5146994978286
BE20,4,318,908.0,55.33101157022694
BE20,4,319,578.0,434.4447639900858
BE20,4,320,1338.0,802.6876224629394
BE20,4,321,694.0,205.88655372513563
BE20,4,322,424.0,326.54429392414596
BE20,4,323,1300.0,904.8830312245814
BE20,4,324,958.0,964.373753883968
BE20,4,325,1002.0,534.5078385330414
BE20,4,326,1394.0,1095.483670226899
BE20,4,327,1003.0,659.7076811210458
BE20,4,328,478.0,813.2553936320484
BE20,4,329,652.0,426.8594635039584
BE20,4,330,1108.0,232.50681350728064
BE20,4,331,752.0,11.020433024908732
BE20,4,332,560.0,469.5285257300759
BE20,4,333,618.0,162.49364362189283
BE20,4,334,846.0,470.46413869866757
BE20,4,335,602.0,379.0080938363882
BE20,4,336,789.0,1314.6052141240648
BE20,4,337,423.0,226.73009614547598
BE20,4,338,868.0,709.2679266517349
BE20,4,339,673.0,440.6200880310735
BE20,4,340,709.0,866.1304902676538
BE20,4,341,478.0,600.364180242927
BE20,4,342,666.0,444.62562997718015
BE20,4,343,819.0,729.5714439229939
BE20,4,344,1038.0,410.1773146097897
BE20,4,345,1032.0,290.9179775573184
BE20,4,346,233.0,142.7997397092298
BE20,4,347,441.0,392.82977289560876
BE20,4,348,634.0,603.8158849008736
BE20,4,349,808.0,622.2964889549698
BE20,4,350,564.0,482.9074011100151
BE20,4,351,1083.0,648.7292710143392
BE20,4,352,830.0,848.4752555063237
BE20,4,353,706.0,296.62700812586706
BE20,4,354,671.0,485.7830392493434
BE20,4,355,669.0,732.3729737334925
BE20,4,356,412.0,824.3844203209219
BE20,4,357,502.0,28.852344739751487
BE20,4,358,389.0,243.0604941472628
BE20,4,359,186.0,299.0521048391389
BE20,4,360,238.0,96.76928203259692
BE20,4,361,167.0,-27.457231327238038
BE20,5,1,817.0,-29.67573709326431
BE20,5,2,1113.0,202.07196146423075
BE20,5,3,1605.0,190.11627379681678
BE20,5,4,863.0,33.827992318383586
BE20,5,5,739.0,-63.941667599108506
BE20,5,6,1072.0,158.8759787765908
BE20,5,7,1019.0,157.22687700868843
BE20,5,8,1175.0,-3.1865378953685535
BE20,5,9,1595.0,135.13507085538183
BE20,5,10,471.0,115.4625166287314
BE20,5,11,672.0,127.657428669981
BE20,5,12,1092.0,-234.43918305163072
BE20,5,13,924.0,-20.966489078936743
BE20,5,14,610.0,153.77388066061332
BE20,5,15,700.0,-32.497571330019
BE20,5,16,1364.0,12.5688760935252
BE20,5,17,1345.0,-11.194868196721064
BE20,5,18,743.0,-49.62667534847698
BE20,5,19,1159.0,422.45533018606625
BE20,5,20,675.0,189.73740221495456
BE20,5,21,1204.0,-78.91358461905554
BE20,5,22,1131.0,-124.46965545279278
BE20,5,23,538.0,179.32743663599268
BE20,5,24,1090.0,150.80988607496133
BE20,5,25,891.0,-99.98600968179069
BE20,5,26,802.0,-38.81652038595059
BE20,5,27,1587.0,304.5764920420217
BE20,5,28,1094.0,395.3382526449092
BE20,5,29,847.0,262.99228699347566
BE20,5,30,971.0,207.15748384138013
BE20,5,31,695.0,250.61886238015572
BE20,5,32,633.0,179.32762162868107
BE20,5,33,1362.0,492.41065396891116
BE20,5,34,950.0,115.37287979780056
BE20,5,35,690.0,140.7500270136663
BE20,5,36,1087.0,368.05871333288025
BE20,5,37,1063.0,86.27486920216754
BE20,5,38,711.0,463.3378335323479
BE20,5,39,1107.0,10.226905376652837
BE20,5,40,1038.0,477.4087017225546
BE20,5,41,1298.0,686.8582045889773
BE20,5,42,1089.0,21.810337629708147
BE20,5,43,979.0,681.2619631804143
BE20,5,44,1036.0,199.9127375502899
BE20,5,45,604.0,361.22211646562903
BE20,5,46,457.0,551.4275521460672
BE20,5,47,827.0,351.37739325799276
BE20,5,48,817.0,437.18472802301477
BE20,5,49,606.0,827.2752386652663
BE20,5,50,869.0,215.30663547583336
BE20,5,51,529.0,402.67920155682947
BE20,5,52,823.0,398.0763446567888
BE20,5,53,477.0,400.32652869993007
BE20,5,54,1330.0,391.7121279181013
BE20,5,55,845.0,286.606900352145
BE20,5,56,1494.0,473.327513772295
BE20,5,57,1029.0,454.1189204095339
BE20,5,58,1032.0,315.06426698670305
BE20,5,59,1511.0,568.0673156889846
BE20,5,60,1285.0,595.8854581307926
BE20,5,61,1517.0,348.4143855397428
BE20,5,62,403.0,320.7970511442809
BE20,5,63,827.0,346.23954561591296
BE20,5,64,611.0,434.7534948378556
BE20,5,65,937.0,524.820811045343
BE20,5,66,1107.0,400.5882423233556
BE20,5,67,1096.0,113.87015025496537
BE20,5,68,1045.0,353.53728171167614
BE20,5,69,549.0,348.0922777462235
BE20,5,70,927.0,539.0700307658354
BE20,5,71,294.0,-127.70906792865844
BE20,5,72,934.0,384.813860300449
BE20,5,73,683.0,208.28739624998516
BE20,5,74,1036.0,787.8693012568536
BE20,5,75,683.0,556.6212176262662
BE20,5,76,925.0,876.7008456583981
BE20,5,77,891.0,566.9791979500836
BE20,5,78,955.0,378.3684047358001
BE20,5,79,429.0,601.8822455197977
BE20,5,80,1076.0,1011.8450946285576
BE20,5,81,486.0,545.34283431372
BE20,5,82,920.0,681.0409690426518
BE20,5,83,385.0,571.5986624362148
BE20,5,84,860.0,729.9065150487186
BE20,5,85,914.0,449.8947293889557
BE20,5,86,549.0,367.95384423074086
BE20,5,87,1013.0,1084.5994855025856
BE20,5,88,303.0,85.95510665206488
BE20,5,89,643.0,1003.747380902818
BE20,5,90,134.0,-268.6967824174391
BE20,5,91,804.0,363.3355558910187
BE20,5,92,954.0,217.9355433749825
BE20,5,93,990.0,154.3060217435741
BE20,5,94,707.0,247.37472004197537
BE20,5,95,563.0,180.54549641928318
BE20,5,96,822.0,1107.0054908875686
BE20,5,97,332.0,-76.83547150213603
BE20,5,98,728.0,-33.54586803331569
BE20,5,99,444.0,605.2460708836232
BE20,5,100,974.0,356.11485753475074
BE20,5,101,573.0,809.4612494129378
BE20,5,102,482.0,349.2268566486414
BE20,5,103,463.0,179.52764619543606
BE20,5,104,712.0,225.47263733771774
BE20,5,105,681.0,665.6925922949023
BE20,5,106,926.0,524.9974086144426
BE20,5,107,596.0,145.50941812348051
BE20,5,108,504.0,215.8042540668064
BE20,5,109,590.0,623.3062785489157
BE20,5,110,434.0,263.663765075511
BE20,5,111,582.0,270.0329195879977
BE20,5,112,859.0,438.506734341027
BE20,5,113,570.0,220.46200260481808
BE20,5,114,706.0,375.2005792163185
BE20,5,115,965.0,357.6010445100995
BE20,5,116,811.0,272.5696842627237
BE20,5,117,404.0,304.37754889628934
BE20,5,118,500.0,278.45614295569527
BE20,5,119,1386.0,128.38740702495937
BE20,5,120,766.0,654.6875946528233
BE20,5,121,466.0,141.04775668960087
BE20,5,122,481.0,31.01668765423999
BE20,5,123,374.0,1.8796402818984728
BE20,5,124,214.0,-216.32671685738887
BE20,6,1,205.0,606.7644262733331
BE20,6,2,155.0,710.7032146289586
BE20,6,3,173.0,1093.8158008680036
BE20,6,4,297.0,565.1977513944631
BE20,6,5,111.0,632.0210292177406
BE20,6,6,331.0,608.7391370536734
BE20,6,7,167.0,528.8328650056246
BE20,6,8,313.0,87.07514083734765
BE20,6,9,136.0,164.87271178265866
BE20,6,10,275.0,87.29781873453032
BE20,6,11,432.0,238.47279348200507
BE20,6,12,158.0,50.34506844684334
BE20,6,13,123.0,556.1335319643899
BE20,6,14,498.0,577.8388410054323
BE20,6,15,290.0,491.97763064675604
BE20,6,16,140.0,37.881325228036815
BE20,6,17,320.0,153.51480737089395
BE20,6,18,465.0,54.2085909730445
BE20,6,19,202.0,766.6395289055475
BE20,6,20,132.0,387.30297024968183
BE20,6,21,419.0,157.264874494999
BE20,6,22,189.0,159.94137813808973
BE20,6,23,203.0,516.4796010901058
BE20,6,24,72.0,-31.31192874021715
BE20,6,25,115.0,1722.8176606317636
BE20,6,26,227.0,471.00678148983684
BE20,6,27,366.0,403.6523244473968
BE20,6,28,203.0,738.6717193167068
BE20,6,29,290.0,605.2569409915836
BE20,6,30,271.0,457.7977986070564
BE20,6,31,289.0,31.298749844942403
BE20,6,32,287.0,456.27871198761875
BE20,6,33,360.0,801.7880712597828
BE20,6,34,227.0,821.3151515338897
BE20,6,35,572.0,303.3350215317331
BE20,6,36,196.0,488.067039513751
BE20,6,37,25.0,-133.98581762910604
BE20,6,38,217.0,1481.1280994215854
BE20,6,39,195.0,1041.876746473458
BE20,6,40,320.0,232.577307370894
BE20,6,41,355.0,21.785449976527765
BE20,6,42,291.0,741.6484091750177
BE20,6,43,399.0,868.4548841252802
BE20,6,44,521.0,183.61372171830277
BE20,6,45,218.0,1715.944824572729
BE20,6,46,59.0,597.4792671166566
BE20,6,47,425.0,274.0894764885411
BE20,6,48,44.0,850.583273279985
BE20,6,49,268.0,628.6406002813419
BE20,6,50,125.0,586.3501823708938
BE20,6,51,275.0,430.33418237089404
BE20,6,52,438.0,501.0212143343643
BE20,6,53,301.0,268.954913267904
BE20,6,54,248.0,1028.5370855967005
BE20,6,55,219.0,1684.795186937104
BE20,6,56,241.0,474.0455516654999
BE20,6,57,297.0,184.77014196685357
BE20,6,58,265.0,548.9666352010827
BE20,6,59,483.0,1008.495093343979
BE20,6,60,203.0,777.1150690704014
BE20,6,61,39.0,308.4049516016633
BE20,6,62,237.0,752.3640557886154
BE20,6,63,219.0,674.297470042127
BE20,6,64,134.0,686.9428390873117
BE20,6,65,314.0,482.2442460651615
BE20,6,66,264.0,943.5567581284698
BE20,6,67,50.0,199.514182370894
BE20,6,68,299.0,1584.695921501329
BE20,6,69,170.0,749.0153588414822
BE20,6,70,307.0,875.131837094021
BE20,6,71,479.0,388.5708420786185
BE20,6,72,248.0,305.80321462895853
BE20,6,73,436.0,913.0824392516281
BE20,6,74,232.0,248.475906508825
BE20,6,75,306.0,2266.7624176650115
BE20,6,76,611.0,522.7519237784227
BE20,6,77,223.0,-145.14868758426297
BE20,6,78,253.0,1026.4508622127912
BE20,6,79,382.0,15.852192842098148
BE20,6,80,455.0,274.91703951375115
BE20,6,81,200.0,77.74418237089395
BE20,6,82,94.0,-49.400285714212416
BE20,6,83,398.0,350.06614216988896
BE20,6,84,327.0,509.7980355819031
BE20,6,85,416.0,779.7414900632018
BE20,6,86,342.0,242.25020576270686
BE20,6,87,238.0,8.63636724484354
BE20,6,88,163.0,670.6281701009552
BE20,6,89,107.0,401.83773377276316
BE20,6,90,342.0,486.6654104410696
BE20,6,91,255.0,454.1702608022665
BE20,6,92,207.0,758.0195929989133
BE20,6,93,368.0,1014.3535301969811
BE20,6,94,196.0,279.5262231872205
BE20,6,95,213.0,220.38544997652778
BE20,6,96,316.0,600.4431697126662
BE20,6,97,196.0,905.189488493343
BE20,6,98,128.0,-236.49769262910604
BE20,6,99,75.0,322.5608490375607
BE20,6,100,366.0,930.3709036823694
BE20,6,101,321.0,917.5916278537602
BE20,6,102,371.0,596.1553144463658
BE20,6,103,365.0,276.90020976815424
BE20,6,104,305.0,265.1446741741726
BE20,6,105,412.0,174.58680373011728
BE20,6,106,160.0,1037.430432370894
BE20,6,107,405.0,503.6828243462026
BE20,6,108,387.0,1796.2026061435038
BE20,6,109,110.0,868.83781873453
BE20,6,110,191.0,636.9228734703702
BE20,6,111,415.0,571.0609293588458
BE20,6,112,183.0,1237.4091550484895
BE20,6,113,355.0,99.64742180751368
BE20,6,114,413.0,1359.0531169955916
BE20,6,115,349.0,646.3747554367966
BE20,6,116,238.0,466.5019134633308
BE20,6,117,296.0,1058.2958039925156
BE20,6,118,338.0,1464.4108687614269
BE20,6,119,453.0,547.7569638278477
BE20,6,120,223.0,436.3714917879342
BE20,6,121,236.0,288.9326569471651
BE20,6,122,272.0,1013.6962411944236
BE20,6,123,339.0,764.584211869419
BE20,6,124,323.0,247.6540585318847
BE20,6,125,196.0,889.8578558402819
BE20,6,126,200.0,531.104182370894
BE20,6,127,269.0,1007.6797585790725
BE20,6,128,399.0,272.95363099244787
BE20,6,129,473.0,703.0198483328392
BE20,6,130,205.0,495.7741823708939
BE20,6,131,255.0,185.57026080226655
BE20,6,132,333.0,571.4654736621852
BE20,6,133,403.0,1778.975671204641
BE20,6,134,66.0,338.9166066133182
BE20,6,135,168.0,-37.24843667672509
BE20,6,136,301.0,467.2572388492992
BE20,6,137,345.0,388.5133128056766
BE20,6,138,287.0,109.80484439179989
BE20,6,139,350.0,659.8570395137511
BE20,6,140,243.0,1187.857309942911
BE20,6,141,367.0,1460.7818117986867
BE20,6,142,378.0,1385.2350289317408
BE20,6,143,196.0,233.92418237089396
BE20,6,144,302.0,968.5748446225497
BE20,6,145,250.0,351.222182370894
BE20,6,146,447.0,352.90796313152043
BE20,6,147,273.0,633.6723508690626
BE20,6,148,421.0,1258.359455530039
BE20,6,149,56.0,209.0670395137511
BE20,6,150,275.0,616.2869096436214
BE20,6,151,344.0,769.9270893476382
BE20,6,152,322.0,142.4723190168567
BE20,6,153,215.0,551.8904614406613
BE20,6,154,350.0,910.9741823708941
BE20,6,155,278.0,542.1849737378005
BE20,6,156,213.0,85.0755908215982
BE20,6,157,139.0,821.6777794931962
BE20,6,158,126.0,187.6424363391479
BE20,6,159,303.0,491.3854034930061
BE20,6,160,209.0,675.1215507919468
BE20,6,161,351.0,251.70124789795946
BE20,6,162,183.0,1419.6714501304566
BE20,6,163,244.0,558.4487725348284
BE20,6,164,380.0,158.12418237089395
BE20,6,165,202.0,437.7038853411911
BE20,6,166,220.0,746.7514550981666
BE20,6,167,109.0,487.40354016905917
BE20,6,168,147.0,419.96329801715245
BE20,6,169,232.0,943.1483203019286
BE20,6,170,116.0,298.0190099571009
BE20,6,171,253.0,742.1702298017238
BE20,6,172,664.0,400.9091221299302
BE20,6,173,127.0,524.3946548118389
BE20,6,174,231.0,170.2824074791191
BE20,6,175,247.0,751.6883524113798
BE20,6,176,338.0,810.5321705365745
BE20,6,177,94.0,534.0039696049366
BE20,6,178,321.0,580.0153038662211
BE20,6,179,376.0,502.1396079028089
BE20,6,180,298.0,850.1976723037801
BE20,6,181,361.0,539.8029912351599
BE20,6,182,211.0,425.54385061733944
BE20,6,183,204.0,90.35065295912926
BE20,6,184,159.0,302.8345597293846
BE20,6,185,238.0,52.5481319507259
BE20,6,186,153.0,286.8212411944234
BE20,6,187,133.0,236.70801695736014
BE20,6,188,285.0,934.195235002473
BE20,6,189,355.0,685.2108020892039
BE20,6,190,224.0,187.50453951375113
BE20,6,191,329.0,871.2167355623834
BE20,6,192,325.0,181.37110544781703
BE20,6,193,222.0,271.647155343867
BE20,6,194,38.0,1283.832077107736
BE20,6,195,173.0,486.99499161944897
BE20,6,196,285.0,483.31102447615723
BE20,6,197,356.0,705.5056430450513
BE20,6,198,378.0,581.4969336936454
BE20,6,199,68.0,1140.0418294297172
BE20,6,200,225.0,421.18751570422734
BE20,6,201,205.0,246.1205238343086
BE20,6,202,270.0,1885.6075157042274
BE20,6,203,369.0,609.174182370894
BE20,6,204,361.0,1034.8805535620297
BE20,6,205,269.0,557.3637734489607
BE20,6,206,232.0,536.040561681239
BE20,6,207,258.0,349.5850350840723
BE20,6,208,385.0,990.7923641890759
BE20,6,209,73.0,1081.00979880925
BE20,6,210,507.0,217.16826521113066
BE20,6,211,240.0,641.0241823708942
BE20,6,212,102.0,1425.2624176650115
BE20,6,213,314.0,517.2028447912762
BE20,6,214,235.0,-50.23858358655285
BE20,6,215,185.0,205.43904723575884
BE20,6,216,268.0,195.379406251491
BE20,6,217,206.0,383.2567066427385
BE20,6,218,278.0,276.4835348888796
BE20,6,219,299.0,329.3012726718973
BE20,6,220,148.0,920.5390472357587
BE20,6,221,355.0,354.255872511739
BE20,6,222,246.0,209.2351579806501
BE20,6,223,164.0,341.2290604196745
BE20,6,224,364.0,257.6357208324324
BE20,6,225,348.0,717.6253317961813
BE20,6,226,243.0,396.3141000663672
BE20,6,227,179.0,129.3585399127934
BE20,6,228,345.0,333.38287802306786
BE20,6,229,255.0,246.23300590030576
BE20,6,230,329.0,636.997890577581
BE20,6,231,465.0,517.1935372096037
BE20,6,232,80.0,-95.61331762910604
BE20,6,233,300.0,965.154182370894
BE20,6,234,279.0,466.76199599096554
BE20,6,235,133.0,-100.20927627572257
BE20,6,236,328.0,1218.0735726147966
BE20,6,237,324.0,191.95504656842482
BE20,6,238,48.0,6.132515704227292
BE20,6,239,57.0,461.20927009019215
BE20,6,240,163.0,225.49320077580194
BE20,6,241,392.0,346.05173339130215
BE20,6,242,590.0,173.3792671166567
BE20,6,243,413.0,169.59064726193515
BE20,6,244,240.0,245.55751570422737
BE20,6,245,279.0,422.7942540554818
BE20,6,246,241.0,99.45634004724249
BE20,6,247,335.0,595.6637346096999
BE20,6,248,338.0,124.372407222965
BE20,6,249,234.0,87.78529348200506
BE20,6,250,120.0,471.9908490375607
BE20,6,251,53.0,-140.25977989325693
BE20,6,252,163.0,311.8060842113848
BE20,6,253,168.0,230.94203951375107
BE20,6,254,186.0,424.6150425859478
BE20,6,255,183.0,513.1905758135167
BE20,6,256,264.0,388.6173641890758
BE20,6,257,216.0,709.2065897783016
BE20,6,258,234.0,1306.6186268153385
BE20,6,259,258.0,233.9997637662428
BE20,6,260,256.0,319.4554323708941
BE20,6,261,329.0,338.9948510639031
BE20,6,262,77.0,83.187169383881
BE20,6,263,178.0,391.9157554046018
BE20,6,264,183.0,340.2452206222601
BE20,6,265,267.0,460.55620484280405
BE20,6,266,261.0,191.0707340950319
BE20,6,267,338.0,298.70672674959224
BE20,6,268,326.0,166.99320077580194
BE20,6,269,339.0,230.31282543874065
BE20,6,270,234.0,-98.90701421030262
BE20,6,271,169.0,361.9670817791781
BE20,6,272,521.0,437.42754129603804
BE20,6,273,220.0,200.33327327998492
BE20,6,274,275.0,-183.26218126546968
BE20,6,275,287.0,302.4947398621832
BE20,6,276,248.0,473.99273075799084
BE20,6,277,207.0,-2.7243683537437065
BE20,6,278,335.0,68.07865998283425
BE20,6,279,168.0,1163.9182299899417
BE20,6,280,224.0,-11.562424771963183
BE20,6,281,374.0,671.8239149912148
BE20,6,282,66.0,-59.46218126546967
BE20,6,283,337.0,534.720176436176
BE20,6,284,273.0,174.25110544781703
BE20,6,285,168.0,233.31703951375107
BE20,6,286,100.0,216.12418237089398
BE20,6,287,252.0,-1.5559763592647637
BE20,6,288,81.0,29.26060212398038
BE20,6,289,145.0,40.946596163997434
BE20,6,290,122.0,454.690575813517
BE20,6,291,339.0,729.7140053797435
BE20,6,292,233.0,-110.36659016129488
BE20,6,293,248.0,1156.4443436612169
BE20,6,294,165.0,779.725697522409
BE20,6,295,64.0,308.78355737089396
BE20,6,296,71.0,74.3572809624433
BE20,6,297,288.0,422.28876570422733
BE20,6,298,270.0,305.88529348200507
BE20,6,299,338.0,-45.66013715573326
BE20,6,300,94.0,-223.01730699080815
BE20,6,301,278.0,33.06986582413137
BE20,6,302,111.0,1167.588596785308
BE20,6,303,120.0,833.6575157042275
BE20,6,304,482.0,-167.03743588636746
BE20,6,305,299.0,63.662476685275244
BE20,6,306,140.0,1540.6527537994652
BE20,6,307,150.0,160.70084903756066
BE20,6,308,104.0,135.5876439093555
BE20,6,309,161.0,611.366728954745
BE20,6,310,102.0,249.57614315520772
BE20,6,311,144.0,1166.6186268153385
BE20,6,312,164.0,-200.33191519008165
BE20,7,1,297.0,309.5827852776849
BE20,7,2,964.0,97.81576514551952
BE20,7,3,1110.0,62.568170663070255
BE20,7,4,761.0,-186.53465279113294
BE20,7,5,730.0,-1.0447134539234406
BE20,7,6,578.0,108.08829597869732
BE20,7,7,1222.0,-46.68114149688019
BE20,7,8,797.0,440.81234984852927
BE20,7,9,1277.0,206.03885998982852
BE20,7,10,1074.0,195.60740766543574
BE20,7,11,790.0,313.77326816563607
BE20,7,12,550.0,213.5468930217926
BE20,7,13,1290.0,321.0691763198899
BE20,7,14,462.0,-10.883063688164091
BE20,7,15,831.0,-8.273478928759836
BE20,7,16,899.0,171.4364086452126
BE20,7,17,1134.0,492.7732614681611
BE20,7,18,539.0,156.1524959902527
BE20,7,19,635.0,300.7354828571541
BE20,7,20,2050.0,511.530662423123
BE20,7,21,912.0,280.5690182211547
BE20,7,22,1445.0,205.77722331433748
BE20,7,23,1376.0,-15.651899261505479
BE20,7,24,995.0,79.2262991433093
BE20,7,25,911.0,150.1530580751805
BE20,7,26,567.0,160.64804100960728
BE20,7,27,968.0,160.63784343501578
BE20,7,28,788.0,51.795513234067656
BE20,7,29,845.0,302.5335632746167
BE20,7,30,752.0,81.20950907595123
BE20,7,31,694.0,175.4164921834379
BE20,7,32,1328.0,488.88521722770724
BE20,7,33,1037.0,161.14130522482583
BE20,7,34,756.0,141.15421384911343
BE20,7,35,1192.0,142.98018771367794
BE20,7,36,667.0,-208.64571158499487
BE20,7,37,916.0,363.27836185863265
BE20,7,38,841.0,676.486119051411
BE20,7,39,902.0,-25.643173497054388
BE20,7,40,1004.0,-191.34089039001466
BE20,7,41,1233.0,323.936124017885
BE20,7,42,1175.0,595.7682856716958
BE20,7,43,794.0,177.46966838245208
BE20,7,44,936.0,390.42324111814077
BE20,7,45,589.0,-100.76463344834166
BE20,7,46,576.0,327.0677389813886
BE20,7,47,1309.0,388.9892306841303
BE20,7,48,803.0,477.22726662079634
BE20,7,49,806.0,674.342458101874
BE20,7,50,1000.0,93.80171120361081
BE20,7,51,415.0,181.7183497578277
BE20,7,52,1212.0,304.77273760625104
BE20,7,53,855.0,414.5742082796342
BE20,7,54,1276.0,699.5259525829211
BE20,7,55,693.0,48.08013977503938
BE20,7,56,385.0,22.994425489325085
BE20,7,57,1039.0,271.0833021564501
BE20,7,58,549.0,321.46135236936675
BE20,7,59,1138.0,98.351417706247
BE20,7,60,1138.0,543.3856883565106
BE20,7,61,844.0,487.7824078860753
BE20,7,62,995.0,104.91775642974146
BE20,7,63,774.0,573.1469540976676
BE20,7,64,818.0,150.41091169260835
BE20,7,65,475.0,562.9381848878214
BE20,7,66,974.0,636.2787317374916
BE20,7,67,1124.0,548.8743695666001
BE20,7,68,1184.0,113.88033282523243
BE20,7,69,1027.0,106.28183681217945
BE20,7,70,689.0,95.47968362741342
BE20,7,71,1011.0,482.73324137176115
BE20,7,72,1149.0,413.2458739538284
BE20,7,73,893.0,452.6318914947642
BE20,7,74,615.0,428.4648087645864
BE20,7,75,718.0,356.5699925406582
BE20,7,76,370.0,353.1843868792865
BE20,7,77,1017.0,286.52051061364034
BE20,7,78,377.0,727.132053378677
BE20,7,79,944.0,254.74494001717017
BE20,7,80,849.0,489.2024685652127
BE20,7,81,1222.0,701.4907079302883
BE20,7,82,1015.0,501.05255356814286
BE20,7,83,334.0,128.58356150301202
BE20,7,84,1149.0,469.31985132545583
BE20,7,85,1712.0,973.0098794279098
BE20,7,86,504.0,250.8380762829759
BE20,7,87,466.0,304.9271661392331
BE20,7,88,1028.0,304.8666878573073
BE20,7,89,848.0,397.3848904488938
BE20,7,90,807.0,813.9176331366963
BE20,7,91,545.0,364.6206378091154
BE20,7,92,991.0,171.20800484639588
BE20,7,93,1100.0,40.27689302179262
BE20,7,94,616.0,536.0671527620523
BE20,7,95,513.0,103.99019268509228
BE20,7,96,565.0,391.19366695582323
BE20,7,97,1098.0,831.0806602017893
BE20,7,98,972.0,555.790604207726
BE20,7,99,721.0,483.43797611345826
BE20,7,100,819.0,597.8383815332812
BE20,7,101,917.0,213.661382959336
BE20,7,102,177.0,124.74599933920403
BE20,7,103,411.0,467.9004386975281
BE20,7,104,262.0,225.88657379903066
BE20,7,105,852.0,82.24814782332912
BE20,7,106,1076.0,628.1852911292615
BE20,7,107,1034.0,646.9371444724695
BE20,7,108,936.0,597.227728297628
BE20,7,109,624.0,615.0952496651493
BE20,7,110,385.0,597.8593605542602
BE20,7,111,1099.0,456.6470187559311
BE20,7,112,875.0,471.0241397750394
BE20,7,113,718.0,421.9251457440008
BE20,7,114,1341.0,344.79730180763767
BE20,7,115,943.0,679.7589763149576
BE20,7,116,462.0,493.6450748399745
BE20,7,117,669.0,458.26655873724314
BE20,7,118,573.0,764.2835803135583
BE20,7,119,839.0,341.49202467202565
BE20,7,120,850.0,1037.0334170859637
BE20,7,121,770.0,476.73728263218226
BE20,7,122,1018.0,567.5588094354379
BE20,7,123,587.0,292.3298355647692
BE20,7,124,765.0,263.2904105500161
BE20,7,125,869.0,288.79869969613094
BE20,7,126,343.0,221.93728263218227
BE20,7,127,631.0,534.9841470197756
BE20,7,128,731.0,305.010763187195
BE20,7,129,826.0,309.4917620510684
BE20,7,130,983.0,658.9685280906912
BE20,7,131,533.0,296.1503622355057
BE20,7,132,723.0,289.3040085756717
BE20,7,133,932.0,602.4196554096195
BE20,7,134,554.0,596.3787473046939
BE20,7,135,516.0,60.121114304386
BE20,7,136,819.0,117.9055366004362
BE20,7,137,943.0,470.8194217020201
BE20,7,138,895.0,369.89530338238177
BE20,7,139,1190.0,697.1154338926865
BE20,7,140,769.0,612.6777619188254
BE20,7,141,496.0,348.40588862296556
BE20,7,142,756.0,715.2772297221293
BE20,7,143,257.0,67.62544272112054
BE20,7,144,901.0,202.32669122580836
BE20,7,145,758.0,214.4005317840857
BE20,7,146,1248.0,1329.315602229252
BE20,7,147,523.0,419.44178959749223
BE20,7,148,593.0,502.32321373312175
BE20,7,149,538.0,235.88045841550672
BE20,7,150,489.0,183.9811038416476
BE20,7,151,674.0,622.03690111459
BE20,7,152,345.0,1059.3434938123064
BE20,7,153,497.0,869.8165582861058
BE20,7,154,632.0,128.81250867196522
BE20,7,155,818.0,414.6578554578895
BE20,7,156,143.0,-117.95982026492068
BE20,7,157,1093.0,713.7703763454224
BE20,7,158,790.0,320.5125086719653
BE20,7,159,482.0,464.40082738618344
BE20,7,160,578.0,390.6436593004966
BE20,7,161,910.0,223.29222768712728
BE20,7,162,790.0,518.807445380826
BE20,7,163,652.0,630.6513492404207
BE20,7,164,413.0,562.7677911067585
BE20,7,165,814.0,149.4018315967312
BE20,7,166,709.0,234.70053066764467
BE20,7,167,603.0,343.53856194987947
BE20,7,168,540.0,242.4864889813886
BE20,7,169,487.0,321.39372147055127
BE20,7,170,519.0,128.40466496083627
BE20,7,171,947.0,173.355596103294
BE20,7,172,724.0,91.05429131410804
BE20,7,173,719.0,151.635275876768
BE20,7,174,156.0,-77.86949392459432
BE20,7,175,983.0,328.05804996251214
BE20,7,176,865.0,378.15264183944896
BE20,7,177,127.0,-61.49916281213723
BE20,7,178,514.0,96.03011198182092
BE20,7,179,551.0,414.2764063034293
BE20,7,180,594.0,527.7528189477185
BE20,7,181,569.0,645.8848096218885
BE20,7,182,828.0,198.47127159008423
BE20,7,183,710.0,166.1354717669911
BE20,7,184,786.0,979.4158358855447
BE20,7,185,443.0,-103.17300437200996
BE20,7,186,449.0,172.0053704463725
BE20,7,187,372.0,-39.84343933402361
BE20,7,188,462.0,57.0887977836974
BE20,8,1,748.0,797.3773508285094
BE20,8,2,372.0,229.71028165479882
BE20,8,3,853.0,515.6465313238984
BE20,8,4,923.0,1334.9237772686809
BE20,8,5,1149.0,2040.8384225346663
BE20,8,6,77.0,-249.35622441977173
BE20,8,7,1784.0,721.6343920265623
BE20,8,8,691.0,206.21813609670158
BE20,8,9,874.0,872.001988305718
BE20,8,10,673.0,973.3047431416417
BE20,8,11,754.0,1620.704869658564
BE20,8,12,458.0,-142.4484378831643
BE20,8,13,777.0,420.8225517590044
BE20,8,14,531.0,457.22669924789767
BE20,8,15,778.0,1581.5955333340428
BE20,8,16,1008.0,121.98396317041578
BE20,8,17,575.0,420.3378693125829
BE20,8,18,1031.0,356.23131510181236
BE20,8,19,591.0,989.6421494567747
BE20,8,20,558.0,792.3868049522899
BE20,8,21,946.0,795.2445004367672
BE20,8,22,206.0,269.0371685949805
BE20,8,23,546.0,414.9403123767651
BE20,8,24,499.0,1247.9717562168264
BE20,8,25,243.0,1045.1775257806455
BE20,8,26,1173.0,712.6668377695308
BE20,8,27,711.0,-91.65854235500112
BE20,8,28,297.0,-41.42067848422585
BE20,8,29,259.0,610.9319468683998
BE20,8,30,1142.0,410.58050085145436
BE20,8,31,978.0,69.73493697507055
BE20,8,32,636.0,470.900330346217
BE20,8,33,191.0,61.05562028003106
BE20,8,34,655.0,631.209850726456
BE20,8,35,453.0,-1.8662155324119112
BE20,8,36,627.0,882.7285329281435
BE20,8,37,468.0,612.4308496173024
BE20,8,38,798.0,594.546828667492
BE20,8,39,686.0,579.5272900249672
BE20,8,40,458.0,729.3725228155259
BE20,8,41,570.0,777.2530943316522
BE20,8,42,462.0,446.58533402178676
BE20,8,43,280.0,327.3450742815269
BE20,8,44,657.0,1001.4853221615009
BE20,8,45,722.0,908.3725772494731
BE20,8,46,684.0,516.6335036883773
BE20,8,47,723.0,491.04730704185096
BE20,8,48,824.0,625.9825569444952
BE20,8,49,443.0,805.7710658971348
BE20,8,50,212.0,-19.651556446235894
BE20,8,51,331.0,881.6886219725068
BE20,8,52,590.0,1314.7920476471445
BE20,8,53,703.0,694.4682199836199
BE20,8,54,739.0,1119.3321224160718
BE20,8,55,635.0,959.0636344615045
BE20,8,56,789.0,794.6825720182644
BE20,8,57,952.0,1858.9112507521156
BE20,8,58,643.0,1042.6516728151864
BE20,8,59,502.0,406.76994622233514
BE20,8,60,1203.0,903.7957333481462
BE20,8,61,448.0,968.6910564243843
BE20,8,62,617.0,1336.3416012553637
BE20,8,63,643.0,-22.026398724471758
BE20,8,64,436.0,-133.39181955857794
BE20,8,65,860.0,434.31849620843735
BE20,8,66,669.0,501.8554308905383
BE20,8,67,545.0,886.0664373221562
BE20,8,68,590.0,1240.4428951047717
BE20,8,69,656.0,1280.3500829923287
BE20,8,70,630.0,716.1577726942253
BE20,8,71,570.0,84.35133994568731
BE20,8,72,641.0,1111.136694517765
BE20,8,73,643.0,731.3701798136309
BE20,8,74,701.0,192.97539830842723
BE20,8,75,506.0,643.7694108145591
BE20,8,76,604.0,1259.087978728074
BE20,8,77,434.0,941.8819406409741
BE20,8,78,620.0,1087.3877010096376
BE20,8,79,1388.0,706.9543785219553
BE20,8,80,649.0,941.9787964915203
BE20,8,81,1330.0,737.4886833040835
BE20,8,82,632.0,321.0313310627204
BE20,8,83,370.0,483.0319468683994
BE20,8,84,593.0,730.7536505282145
BE20,8,85,446.0,1425.0026655691631
BE20,8,86,583.0,546.7476716841244
BE20,8,87,583.0,1180.080433262169
BE20,8,88,511.0,732.7462484498245
BE20,8,89,464.0,399.27764817315256
BE20,8,90,504.0,584.8232488847016
BE20,8,91,660.0,1207.941611078064
BE20,8,92,514.0,317.4901548818605
BE20,8,93,458.0,362.6105140819012
BE20,8,94,465.0,694.6731848806054
BE20,8,95,1051.0,1235.1708184707347
BE20,8,96,426.0,444.67874296026605
BE20,8,97,646.0,977.1960251882053
BE20,8,98,614.0,690.1989598096796
BE20,8,99,337.0,972.8283298983137
BE20,8,100,780.0,461.1034991899518
BE20,8,101,966.0,1422.9516995403267
BE20,8,102,654.0,1470.9376911447862
BE20,8,103,197.0,1283.7047552097358
BE20,8,104,640.0,403.2506546386698
BE20,8,105,669.0,750.1439211745442
BE20,8,106,544.0,1685.6636141974936
BE20,8,107,547.0,540.3576101916864
BE20,8,108,431.0,1679.462077927533
BE20,8,109,634.0,780.4735105140642
BE20,8,110,493.0,978.0014057796437
BE20,8,111,258.0,997.9541551231658
BE20,8,112,736.0,1032.2986845299745
BE20,8,113,444.0,599.7878027242556
BE20,8,114,1024.0,604.49420932617
BE20,8,115,749.0,1697.972577619311
BE20,8,116,937.0,513.7881296253294
BE20,8,117,717.0,589.380738756522
BE20,8,118,740.0,734.2251901116429
BE20,8,119,615.0,1296.3615667321656
BE20,8,120,591.0,627.0905420117663
BE20,8,121,698.0,891.6563718664636
BE20,8,122,405.0,1531.096044299164
BE20,8,123,514.0,443.11272297524573
BE20,8,124,1058.0,947.8770753617323
BE20,8,125,763.0,808.0161096681587
BE20,8,126,683.0,526.7278393934282
BE20,8,127,731.0,650.347223978615
BE20,8,128,618.0,755.978916167796
BE20,8,129,635.0,1743.965996666229
BE20,8,130,1131.0,388.20133296537176
BE20,8,131,620.0,1665.5586687515731
BE20,8,132,597.0,939.026337741685
BE20,8,133,812.0,455.77487723719196
BE20,8,134,252.0,496.1823758688286
BE20,8,135,360.0,780.5799949164476
BE20,8,136,887.0,817.0511461127398
BE20,8,137,588.0,411.3552783631595
BE20,8,138,638.0,1091.819771997604
BE20,8,139,1063.0,684.6603544858007
BE20,8,140,631.0,915.8725816394622
BE20,8,141,687.0,1166.1483597878694
BE20,8,142,1052.0,1158.4797836785938
BE20,8,143,614.0,1313.534464695673
BE20,8,144,325.0,276.76529406174666
BE20,8,145,317.0,1048.4861288105942
BE20,8,146,324.0,123.31641466953397
BE20,8,147,839.0,1338.5371396654878
BE20,8,148,937.0,1302.4850346413382
BE20,8,149,223.0,1126.4309166902394
BE20,8,150,935.0,941.4161208819854
BE20,8,151,319.0,892.7382672954096
BE20,8,152,575.0,642.6909127908436
BE20,8,153,757.0,1479.1018208374812
BE20,8,154,399.0,1485.7561018504493
BE20,8,155,720.0,719.7952726942254
BE20,8,156,194.0,414.0785057984636
BE20,8,157,466.0,1269.3202428897432
BE20,8,158,1143.0,1173.5687963162725
BE20,8,159,774.0,1473.715137035311
BE20,8,160,661.0,2036.857285217339
BE20,8,161,910.0,1256.4066127430656
BE20,8,162,722.0,982.1274248949027
BE20,8,163,504.0,1182.1188838053367
BE20,8,164,644.0,1249.8342047163096
BE20,8,165,431.0,312.2370199228925
BE20,8,166,573.0,595.2912223742719
BE20,8,167,686.0,963.2488643689906
BE20,8,168,401.0,635.4964814778219
BE20,8,169,327.0,1466.20221713867
BE20,8,170,673.0,1002.0268828147472
BE20,8,171,676.0,788.0143473161847
BE20,8,172,518.0,1058.7350356714885
BE20,8,173,511.0,330.4742327942471
BE20,8,174,979.0,806.9550261274342
BE20,8,175,1344.0,1141.48346713867
BE20,8,176,659.0,1844.790988003617
BE20,8,177,383.0,506.98811792195943
BE20,8,178,1063.0,913.5860365177856
BE20,8,179,401.0,618.6810201311887
BE20,8,180,514.0,799.2080537145456
BE20,8,181,719.0,1027.954651074692
BE20,8,182,239.0,361.6373635821842
BE20,8,183,378.0,687.1202065566591
BE20,8,184,765.0,517.1917596223299
BE20,8,185,449.0,802.4694777177345
BE20,8,186,442.0,1872.8945248309776
BE20,8,187,303.0,720.4299399109469
BE20,8,188,1044.0,884.7520255677887
BE20,8,189,555.0,355.84365858011125
BE20,8,190,563.0,826.1453787727728
BE20,8,191,1069.0,854.0787372509243
BE20,8,192,526.0,139.89423234779522
BE20,8,193,510.0,537.0492759621992
BE20,8,194,636.0,149.09687122672008
BE20,8,195,550.0,109.96585350230615
BE20,8,196,558.0,859.0911060275588
BE20,8,197,339.0,264.23761536875827
BE20,8,198,492.0,145.93392445574293
BE20,8,199,649.0,122.51962854082693
BE20,8,200,379.0,401.2866498563479
BE20,8,201,650.0,1094.6929863694393
BE20,8,202,595.0,1033.3719650378293
BE20,8,203,348.0,883.2338263340721
BE20,8,204,989.0,1558.9170806371535
BE20,8,205,261.0,88.83440104671574
BE20,8,206,695.0,401.58638980054025
BE20,8,207,617.0,212.18438893769732
BE20,8,208,674.0,172.44554058080627
BE20,8,209,825.0,403.5658535023062
BE20,8,210,625.0,1150.5254171386698
BE20,8,211,528.0,435.4749444113971
BE20,8,212,419.0,994.4742935109849
BE20,8,213,1349.0,1157.9257160267352
BE20,8,214,402.0,329.48331166603293
BE20,8,215,487.0,1080.0071452700868
BE20,8,216,593.0,766.5647803764439
BE20,8,217,896.0,929.7825742815272
BE20,8,218,1017.0,461.8059536185125
BE20,8,219,516.0,97.86500783634419
BE20,8,220,793.0,1079.7759876304733
BE20,8,221,663.0,57.78894413716148
BE20,8,222,1144.0,360.11218217363484
BE20,8,223,623.0,739.6243680214949
BE20,8,224,753.0,573.8582596353497
BE20,8,225,386.0,593.5752741334884
BE20,8,226,812.0,680.6517245278322
BE20,8,227,690.0,1290.4427968488149
BE20,8,228,776.0,1083.4882996128968
BE20,8,229,657.0,948.3696448403441
BE20,8,230,439.0,878.3252239723829
BE20,8,231,524.0,672.921682787525
BE20,8,232,529.0,1020.5783986131501
BE20,8,233,463.0,1101.42251951448
BE20,8,234,689.0,953.7784145261879
BE20,8,235,962.0,534.7500341864868
BE20,8,236,612.0,808.3394720406305
BE20,8,237,732.0,738.5901952807465
BE20,8,238,602.0,969.1789613247163
BE20,8,239,736.0,920.7783040951915
BE20,8,240,715.0,1308.1196996561525
BE20,8,241,538.0,710.1817710420155
BE20,8,242,779.0,1421.9993930051655
BE20,8,243,875.0,810.6639314243841
BE20,8,244,389.0,772.2407775499809
BE20,8,245,995.0,1035.6796040733434
BE20,8,246,720.0,663.061939360892
BE20,8,247,1406.0,605.5165841372473
BE20,8,248,503.0,-6.7321764995012074
BE20,8,249,542.0,1620.6505566220649
BE20,8,250,912.0,852.2537522263892
BE20,8,251,672.0,716.1754314243841
BE20,8,252,820.0,644.6388025045236
BE20,8,253,817.0,1083.6771253394043
BE20,8,254,554.0,1420.0307369942655
BE20,8,255,313.0,789.4322490875516
BE20,8,256,486.0,983.1795833938139
BE20,8,257,363.0,1258.7642006097444
BE20,8,258,912.0,1215.4248048579682
BE20,8,259,623.0,1268.6644964324098
BE20,8,260,552.0,740.0101881531626
BE20,8,261,401.0,69.50895030575207
BE20,8,262,624.0,1320.591640215593
BE20,8,263,578.0,730.6070614293272
BE20,8,264,995.0,914.3841266864085
BE20,8,265,732.0,371.81970347746756
BE20,8,266,626.0,722.7325685763694
BE20,8,267,688.0,1038.7182055107628
BE20,8,268,978.0,519.2809492450094
BE20,8,269,626.0,332.92585931119373
BE20,8,270,764.0,825.8776098088268
BE20,8,271,582.0,805.9599490974327
BE20,8,272,626.0,666.3172331131108
BE20,8,273,918.0,540.218557007951
BE20,8,274,1135.0,656.1264462135597
BE20,8,275,687.0,588.1381705593394
BE20,8,276,1231.0,656.047871078556
BE20,8,277,1052.0,134.1565897622439
BE20,8,278,1182.0,513.2402882046597
BE20,8,279,548.0,726.1474726131223
BE20,8,280,997.0,185.52418303636284
BE20,8,281,950.0,693.8832697702488
BE20,8,282,1012.0,223.87316575527055
BE20,8,283,1276.0,504.1504930007388
BE20,8,284,605.0,77.07329151883506
BE20,8,285,343.0,680.5054241357542
BE20,8,286,646.0,1466.0025267361932
BE20,8,287,656.0,525.7205098215966
BE20,8,288,464.0,1120.8767861041872
BE20,8,289,621.0,1154.1458564301352
BE20,8,290,655.0,124.1197743905781
BE20,8,291,427.0,-88.81183438357847
BE20,8,292,674.0,383.8209115006876
BE20,8,293,782.0,88.64978747115056
BE20,8,294,569.0,544.4728674022903
BE20,8,295,1577.0,750.0627117486889
BE20,8,296,710.0,453.1458791105007
BE20,8,297,277.0,197.15528573072754
BE20,8,298,634.0,64.78739064024705
BE20,8,299,608.0,1209.623269770249
BE20,8,300,758.0,-128.01282243916663
BE20,8,301,951.0,768.2085262869349
BE20,8,302,574.0,988.3642380445932
BE20,8,303,599.0,769.4760067880856
BE20,8,304,573.0,250.5704544859647
BE20,8,305,807.0,825.5380287867491
BE20,8,306,660.0,519.1507019871545
BE20,8,307,841.0,368.8490661279683
BE20,8,308,1034.0,209.6422558233893
BE20,8,309,1010.0,1055.3952864456007
BE20,8,310,1470.0,533.2892919686018
BE20,8,311,910.0,538.632986369439
BE20,8,312,884.0,669.7870587676292
BE20,8,313,752.0,908.2434405429252
BE20,8,314,595.0,379.29297344119084
BE20,8,315,1312.0,696.918680553304
BE20,8,316,866.0,444.2010624042587
BE20,8,317,1210.0,298.68403532048796
BE20,8,318,750.0,579.4115504720031
BE20,8,319,506.0,755.8286993521086
BE20,8,320,1347.0,612.600138445277
BE20,8,321,488.0,69.9501679583419
BE20,8,322,938.0,1233.8877182047681
BE20,8,323,682.0,1020.9104282823647
BE20,8,324,457.0,278.1978407710549
BE20,8,325,570.0,1124.8881820509505
BE20,8,326,1145.0,790.8013437762244
BE20,8,327,905.0,1093.216581779554
BE20,8,328,351.0,449.7520746885273
BE20,8,329,542.0,674.9586747032454
BE20,8,330,710.0,364.62897770205
BE20,8,331,1409.0,707.2199602188686
BE20,8,332,975.0,596.7406786771314
BE20,8,333,1827.0,-45.0035847223045
BE20,8,334,665.0,355.57966074769234
BE20,8,335,615.0,392.8656317728161
BE20,8,336,1050.0,318.85840761486025
BE20,8,337,785.0,389.65699420873347
BE20,8,338,714.0,102.01314150841766
BE20,8,339,892.0,366.4062530131093
BE20,8,340,1177.0,619.0909172236317
BE20,8,341,497.0,418.21026542840815
BE20,8,342,721.0,1098.585018803025
BE20,8,343,573.0,570.4989012573434
BE20,8,344,621.0,203.92524451387104
BE20,8,345,300.0,240.3922171386698
BE20,8,346,444.0,156.8418567783094
BE20,8,347,243.0,407.07464512220884
BE20,8,348,526.0,433.89803462916404
BE20,8,349,432.0,141.51703195348458
BE20,8,350,1082.0,267.51182896861434
BE20,8,351,635.0,922.7360754063865
BE20,8,352,790.0,807.1237361260115
BE20,8,353,443.0,257.28573858336506
BE20,8,354,783.0,204.8765466405855
BE20,8,355,910.0,307.0923270287796
BE20,8,356,1376.0,441.2741648130884
BE20,8,357,651.0,114.51404509565901
BE20,8,358,1019.0,51.254228914921
BE20,8,359,719.0,295.06313508025534
BE20,8,360,889.0,469.38781893844487
BE20,8,361,449.0,118.10422159301275
BE20,8,362,1201.0,-93.0900393142861
BE20,8,363,830.0,-24.761638283016975
BE20,8,364,1217.0,522.9277717812336
BE20,8,365,526.0,446.3200878611033
BE20,8,366,959.0,346.07500128882623
BE20,8,367,870.0,230.5217573685549
BE20,8,368,552.0,-8.281478513504146
BE20,8,369,805.0,-101.72200646381471
BE20,8,370,820.0,424.783924455743
BE20,8,371,427.0,490.38020308714755
BE20,8,372,381.0,436.2967053276461
BE20,8,373,1061.0,658.7045734063419
BE20,8,374,528.0,660.0317625932154
BE20,8,375,920.0,858.9391736604091
BE20,8,376,900.0,-0.6500050835524518
BE20,8,377,963.0,215.79619429339456
BE20,8,378,307.0,1283.6647578552822
BE20,8,379,303.0,140.73357027398333
BE20,8,380,465.0,510.88178703114295
BE20,8,381,535.0,-0.4295585622648011
BE20,8,382,580.0,414.22635506970425
BE20,8,383,523.0,280.3609169474652
BE20,8,384,137.0,-187.27953468614774
BE20,8,385,101.0,1140.2517220891648
BE20,8,386,63.0,-21.273973337520708
BE20,9,1,93.0,268.7111816477334
BE20,9,2,140.0,330.1801524618655
BE20,9,3,73.0,459.47506439924314
BE20,9,4,333.0,-310.30431772260476
BE20,9,5,169.0,83.52596818460424
BE20,9,6,163.0,229.32975807098026
BE20,9,7,469.0,431.85030171559686
BE20,9,8,301.0,294.30540163130064
BE20,9,9,185.0,-268.22023363852065
BE20,9,10,527.0,283.33420505064294
BE20,9,11,499.0,22.18533425402117
BE20,9,12,485.0,318.7343498109082
BE20,9,13,156.0,196.6960865277995
BE20,9,14,352.0,633.0485777865407
BE20,9,15,323.0,481.10969691122415
BE20,9,16,280.0,38.32300960472257
BE20,9,17,143.0,93.4985340802471
BE20,9,18,281.0,1044.9553939463597
BE20,9,19,200.0,225.27300960472257
BE20,9,20,287.0,775.4515810332941
BE20,9,21,307.0,468.4138890835499
BE20,9,22,408.0,139.5377154870755
BE20,9,23,212.0,19.409802057552763
BE20,9,24,337.0,838.2603983287582
BE20,9,25,154.0,484.93210051381357
BE20,9,26,214.0,249.25665446453567
BE20,9,27,210.0,187.98967627138924
BE20,9,28,325.0,700.0845480662612
BE20,9,29,484.0,314.07672861298704
BE20,9,30,212.0,638.2682926235905
BE20,9,31,215.0,374.13928867449
BE20,9,32,197.0,495.378339553961
BE20,9,33,236.0,200.14589096065478
BE20,9,34,188.0,441.66662662599913
BE20,9,35,285.0,543.4896762713893
BE20,9,36,524.0,134.2825515894554
BE20,9,37,193.0,223.7017660814065
BE20,9,38,333.0,873.1311177128306
BE20,9,39,426.0,681.5816950507322
BE20,9,40,306.0,201.7811795393631
BE20,9,41,438.0,299.61433380563585
BE20,9,42,263.0,266.28156473780246
BE20,9,43,261.0,818.0306724399717
BE20,9,44,310.0,393.71333218536773
BE20,9,45,284.0,752.2589250976803
BE20,9,46,325.0,715.0691634508765
BE20,9,47,364.0,652.0394931212061
BE20,9,48,212.0,793.2682926235905
BE20,9,49,245.0,1379.7250504210494
BE20,9,50,222.0,108.49147807319106
BE20,9,51,431.0,179.64249916388732
BE20,9,52,323.0,245.31712725178144
BE20,9,53,260.0,515.4922403739533
BE20,9,54,546.0,171.90213048384345
BE20,9,55,267.0,543.0005376946102
BE20,9,56,222.0,317.72571230742534
BE20,9,57,78.0,182.7024967842098
BE20,9,58,176.0,-10.312217668004699
BE20,9,59,316.0,301.11794631358333
BE20,9,60,82.0,17.535204726673793
BE20,9,61,285.0,116.63704469244189
BE20,9,62,454.0,512.5362254637533
BE20,9,63,500.0,440.9250096047226
BE20,9,64,228.0,808.2466938152489
BE20,9,65,204.0,493.1357547027617
BE20,9,66,193.0,1012.0126469104222
BE20,9,67,114.0,624.9440622363015
BE20,9,68,403.0,-67.10354126376377
BE20,9,69,260.0,444.66916345087645
BE20,9,70,454.0,579.1926131289517
BE20,9,71,332.0,516.3242144239997
BE20,9,72,389.0,79.94588878210048
BE20,9,73,296.0,722.7797663614795
BE20,9,74,304.0,400.81248328893304
BE20,9,75,282.0,344.8776195338006
BE20,9,76,71.0,-24.737553775559117
BE20,9,77,290.0,1118.2195613288607
BE20,9,78,253.0,-33.53825521741181
BE20,9,79,315.0,477.62935881107177
BE20,9,80,200.0,723.3330096047226
BE20,9,81,265.0,862.6531982839679
BE20,9,82,212.0,16.758858661326364
BE20,9,83,97.0,935.7549683676093
BE20,9,84,146.0,590.9613657691061
BE20,9,85,109.0,682.38080776986
BE20,9,86,206.0,123.56669892511096
BE20,9,87,363.0,712.1056542328216
BE20,9,88,262.0,418.86270426121115
BE20,9,89,277.0,226.01939949641934
BE20,9,90,482.0,328.69728346364377
BE20,9,91,257.0,543.3381847019988
BE20,9,92,274.0,87.27118478720433
BE20,9,93,252.0,377.0269778586908
BE20,9,94,281.0,-115.24745302872938
BE20,9,95,185.0,211.36355014526313
BE20,9,96,149.0,374.9022042355951
BE20,9,97,289.0,447.2237016462451
BE20,9,98,161.0,592.6317052568966
BE20,9,99,200.0,960.3230096047228
BE20,9,100,379.0,379.4794739846697
BE20,9,101,453.0,336.93250187845325
BE20,9,102,131.0,1322.8474370856384
BE20,9,103,283.0,11.577779922743785
BE20,9,104,242.0,748.8535881171194
BE20,9,105,199.0,992.3697432730644
BE20,9,106,259.0,263.18903277074577
BE20,9,107,405.0,229.2946145429942
BE20,9,108,371.0,810.1227400629436
BE20,9,109,287.0,925.3609886987994
BE20,9,110,188.0,317.1081159877013
BE20,9,111,215.0,1159.278823558211
BE20,9,112,336.0,365.0944381761512
BE20,9,113,186.0,786.2918268090235
BE20,9,114,384.0,338.0750929380559
BE20,9,115,200.0,384.4730096047226
BE20,9,116,316.0,130.52617416168462
BE20,9,117,204.0,440.5965390164872
BE20,9,118,66.0,110.52300960472257
BE20,9,119,295.0,299.40945028268874
BE20,9,120,315.0,415.88650166821463
BE20,9,121,88.0,292.6707368774498
BE20,9,122,296.0,313.7189555506685
BE20,9,123,182.0,269.1438887256017
BE20,9,124,204.0,223.69948019295788
BE20,9,125,336.0,-80.10496658575362
BE20,9,126,348.0,527.5373774208143
BE20,9,127,386.0,137.29243965653606
BE20,9,128,268.0,517.235696171887
BE20,9,129,461.0,436.0143328151347
BE20,9,130,97.0,184.1054838315267
BE20,9,131,84.0,409.153961985675
BE20,9,132,125.0,560.3990096047223
BE20,9,133,435.0,236.13565328288348
BE20,9,134,169.0,-62.408943057999316
BE20,9,135,299.0,313.5547821799734
BE20,9,136,314.0,16.80963380854423
BE20,9,137,282.0,205.11875428557366
BE20,9,138,120.0,290.68967627138926
BE20,9,139,412.0,241.71961154647013
BE20,9,140,344.0,41.63638169774583
BE20,9,141,220.0,-9.313354031641062
BE20,9,142,260.0,134.72685575856875
BE20,9,143,245.0,18.827091237375654
BE20,9,144,241.0,-162.23010242847243
BE20,9,145,450.0,171.24300960472257
BE20,9,146,413.0,471.2893534303885
BE20,9,147,436.0,67.06429400839231
BE20,9,148,323.0,322.5090777161777
BE20,9,149,201.0,255.8190295052201
BE20,9,150,116.0,68.2988716736881
BE20,9,151,157.0,-121.30183115960861
BE20,9,152,264.0,240.64043384714682
BE20,9,153,52.0,192.8691634508765
BE20,9,154,315.0,473.59761277932574
BE20,9,155,124.0,-0.2834420081806515
BE20,9,156,227.0,150.21684220384154
BE20,9,157,303.0,15.036210924854608
BE20,9,158,295.0,749.7009757064176
BE20,9,159,255.0,238.30536254589907
BE20,9,160,82.0,272.30349740960065
BE20,9,161,372.0,221.91010637891603
BE20,9,162,350.0,312.9144381761511
BE20,9,163,302.0,90.18857251862988
BE20,9,164,500.0,148.12500960472255
BE20,9,165,301.0,462.4416142558854
BE20,9,166,71.0,-310.8079763107703
BE20,9,167,410.0,166.81325350716162
BE20,9,168,204.0,82.61614685962455
BE20,9,169,242.0,666.1263153898467
BE20,9,170,78.0,-104.19493911322608
BE20,9,171,168.0,265.69562865234155
BE20,9,172,245.0,439.10872389043686
BE20,9,173,263.0,29.106659794836666
BE20,9,174,267.0,397.07169874329935
BE20,9,175,153.0,-48.8593433364539
BE20,9,176,317.0,210.90944493595288
BE20,9,177,91.0,-308.7791881974752
BE40,1,1,106.0,40.61750617745214
BE40,1,2,161.0,255.23088951273866
BE40,1,3,335.0,423.5500885486152
BE40,1,4,169.0,665.403148691687
BE40,1,5,460.0,199.69921249410513
BE40,1,6,326.0,1291.4427174287546
BE40,1,7,225.0,917.5504202235738
BE40,1,8,220.0,927.0130464862002
BE40,1,9,303.0,796.4932145030019
BE40,1,10,328.0,698.671693936311
BE40,1,11,167.0,328.47989460813807
BE40,1,12,169.0,411.77001259701234
BE40,1,13,353.0,687.1874992289248
BE40,1,14,61.0,280.97847122539525
BE40,1,15,358.0,631.2267082434374
BE40,1,16,416.0,878.8386146680185
BE40,1,17,161.0,596.876852245658
BE40,1,18,369.0,423.89459366530826
BE40,1,19,339.0,322.5494369394046
BE40,1,20,110.0,1040.6675919407455
BE40,1,21,267.0,683.5192092373068
BE40,1,22,68.0,387.4654529033122
BE40,1,23,98.0,847.8520075251611
BE40,1,24,270.0,1289.135605408759
BE40,1,25,383.0,504.1750213259815
BE40,1,26,82.0,819.0070597899695
BE40,1,27,185.0,620.1354052085588
BE40,1,28,237.0,888.944231756626
BE40,1,29,298.0,815.330435137817
BE40,1,30,293.0,877.3532264427623
BE40,1,31,223.0,1045.9410530088253
BE40,1,32,30.0,881.2615313346846
BE40,1,33,218.0,642.6462408148074
BE40,1,34,331.0,372.6293057556315
BE40,1,35,184.0,471.52203858106174
BE40,1,36,438.0,433.6775130698448
BE40,1,37,144.0,1730.633753556907
BE40,1,38,402.0,877.5396407874215
BE40,1,39,334.0,488.1206131710122
BE40,1,40,32.0,104.71361466801818
BE40,1,41,217.0,921.8796572947465
BE40,1,42,168.0,1109.4055789537326
BE40,1,43,203.0,755.6648154069346
BE40,1,44,191.0,490.0262782805837
BE40,1,45,387.0,491.5219964509641
BE40,1,46,328.0,306.58023052167675
BE40,1,47,310.0,296.37550982930856
BE40,1,48,74.0,255.3732430463965
BE40,1,49,295.0,725.9168985663232
BE40,1,50,255.0,459.8850607464496
BE40,1,51,202.0,673.1829834798995
BE40,1,52,189.0,1035.7673514405053
BE40,1,53,164.0,525.6594988143598
BE40,1,54,270.0,456.4578276309812
BE40,1,55,267.0,616.6240781511643
BE40,1,56,480.0,828.9094480013518
BE40,1,57,314.0,1190.2687500183367
BE40,1,58,424.0,659.7047703283957
BE40,1,59,436.0,537.1118371450825
BE40,1,60,206.0,307.39292292044547
BE40,1,61,332.0,310.6605273186206
BE40,1,62,332.0,992.2840212945243
BE40,1,63,361.0,1038.2940336430875
BE40,1,64,249.0,564.9145433828777
BE40,1,65,180.0,1146.9893091124627
BE40,1,66,132.0,434.08577375892736
BE40,1,67,117.0,691.4136680868215
BE40,1,68,180.0,226.00597577912927
BE40,1,69,167.0,858.3541461051439
BE40,1,70,294.0,778.4472456203994
BE40,1,71,247.0,697.8207755991924
BE40,1,72,403.0,1068.945236876455
BE40,1,73,533.0,525.2594050057294
BE40,1,74,352.0,279.51475103165455
BE40,1,75,319.0,786.2738615332221
BE40,1,76,307.0,505.82222623153626
BE40,1,77,229.0,404.2263057160533
BE40,1,78,455.0,584.9135459866997
BE40,1,79,32.0,168.21361466801818
BE40,1,80,360.0,355.73930911246265
BE40,1,81,396.0,876.1792081023617
BE40,1,82,231.0,404.83036250351614
BE40,1,83,67.0,555.5321781008541
BE40,1,84,339.0,443.2485519836524
BE40,1,85,288.0,727.7448646680184
BE40,1,86,334.0,860.3960622728088
BE40,1,87,90.0,506.15042022357375
BE40,1,88,312.0,622.4339672321208
BE40,1,89,292.0,351.546234531032
BE40,1,90,141.0,673.1721696325574
BE40,1,91,302.0,492.8028116878858
BE40,1,92,383.0,666.5275017437363
BE40,1,93,198.0,385.19183436498804
BE40,1,94,210.0,69.66153133468485
BE40,1,95,291.0,775.6924591697366
BE40,1,96,210.0,989.4901027632563
BE40,1,97,238.0,302.7301587856653
BE40,1,98,333.0,495.83570550885906
BE40,1,99,404.0,298.81912209376077
BE40,1,100,205.0,139.88754759484743
BE40,1,101,292.0,81.50171398308667
BE40,1,102,139.0,813.1963035169391
BE40,1,103,601.0,105.05642872791836
BE40,1,104,142.0,634.093456217314
BE40,1,105,250.0,526.7588646680183
BE40,1,106,50.0,113.0348646680182
BE40,1,107,427.0,954.3274173612269
BE40,1,108,299.0,705.8176071429347
BE40,1,109,465.0,593.803466818556
BE40,1,110,24.0,107.03653133468485
BE40,1,111,440.0,1073.3016828498364
BE40,1,112,250.0,1007.4988646680184
BE40,1,113,387.0,554.6822031693104
BE40,1,114,41.0,82.8241329607011
BE40,1,115,366.0,459.9047007335919
BE40,1,116,349.0,190.9260967597087
BE40,1,117,365.0,1189.8441797365115
BE40,1,118,84.0,20.6139122870658
BE40,1,119,246.0,365.9745394647663
BE40,1,120,345.0,1035.5687777114965
BE40,1,121,218.0,677.4260573285687
BE40,1,122,335.0,1242.2485960113017
BE40,1,123,292.0,994.5667824762376
BE40,1,124,57.0,72.3106541417024
BE40,1,125,377.0,912.9020264717318
BE40,1,126,173.0,683.8272346102146
BE40,1,127,305.0,800.9424056516249
BE40,1,128,402.0,276.4227253645356
BE40,1,129,190.0,368.5685488785446
BE40,1,130,361.0,887.3688258868549
BE40,1,131,259.0,1223.566293239447
BE40,1,132,351.0,606.9207905939442
BE40,1,133,88.0,394.31304648619994
BE40,1,134,245.0,443.32955854556934
BE40,1,135,197.0,329.55831644466804
BE40,1,136,240.0,442.59069800135165
BE40,1,137,282.0,977.1225242424865
BE40,1,138,201.0,402.02471541428696
BE40,1,139,427.0,833.3906492113438
BE40,1,140,312.0,467.1999928731464
BE40,1,141,443.0,490.71269762512895
BE40,1,142,203.0,555.3840272295946
BE40,1,143,443.0,361.656264216551
BE40,1,144,313.0,528.78400204821
BE40,1,145,219.0,135.6797961748675
BE40,1,146,208.0,317.83621082186437
BE40,1,147,179.0,1048.1736356177391
BE40,1,148,461.0,591.1575544727905
BE40,1,149,252.0,192.1258170489706
BE40,1,150,291.0,444.29039731406635
BE40,1,151,494.0,223.8612614291518
BE40,1,152,363.0,1044.8130464862004
BE40,1,153,355.0,446.67373790745484
BE40,1,154,207.0,63.11080669700364
BE40,1,155,37.0,747.4002700734234
BE40,1,156,88.0,74.57441012256363
BE40,1,157,286.0,288.8095499827035
BE40,1,158,248.0,227.4585743454375
BE40,1,159,384.0,164.76830216801818
BE40,1,160,356.0,266.5650893871193
BE40,1,161,422.0,501.0564760424259
BE40,1,162,263.0,574.998666949387
BE40,1,163,279.0,758.5826782880899
BE40,1,164,283.0,355.0584689083009
BE40,1,165,76.0,65.02118045749187
BE40,1,166,273.0,124.32453499768852
BE40,1,167,62.0,131.67228402285693
BE40,1,168,223.0,281.36257767250265
BE40,1,169,132.0,377.5706222437758
BE40,1,170,240.0,169.72819800135156
BE40,1,171,285.0,587.1492506329306
BE40,1,172,232.0,545.8181405300872
BE40,1,173,358.0,447.56469707025286
BE40,1,174,202.0,223.36615179673106
BE40,1,175,210.0,169.40915038230395
BE40,1,176,171.0,1014.0124085276675
BE40,1,177,242.0,312.6477572300016
BE40,1,178,194.0,817.5464110597709
BE40,1,179,166.0,327.0129369571748
BE40,1,180,308.0,733.0922672654209
BE40,1,181,331.0,410.5658616468702
BE40,1,182,241.0,349.1857360373129
BE40,1,183,256.0,1095.1589271680182
BE40,1,184,372.0,966.1292732701688
BE40,1,185,521.0,469.80100670256724
BE40,1,186,245.0,192.109150382304
BE40,1,187,335.0,46.70531242921223
BE40,1,188,265.0,283.4703363661314
BE40,1,189,377.0,278.47762328870783
BE40,1,190,462.0,627.4147780879318
BE40,1,191,615.0,21.88592157858729
BE40,1,192,179.0,174.03955740544833
BE40,1,193,45.0,154.30597577912934
BE40,1,194,192.0,229.54173966801818
BE40,1,195,352.0,158.7704328498364
BE40,1,196,167.0,412.62959520694045
BE40,1,197,234.0,270.83674500989855
BE40,1,198,475.0,141.40539098380765
BE40,1,199,283.0,322.38709081642804
BE40,1,200,340.0,212.94486466801823
BE40,1,201,205.0,298.4729134485059
BE40,1,202,147.0,-82.3452713864036
BE40,1,203,233.0,501.3982981444131
BE40,1,204,301.0,276.2772566945963
BE40,1,205,163.0,221.5960916618833
BE40,1,206,256.0,290.5300209180183
BE40,1,207,339.0,341.23970242613024
BE40,1,208,140.0,652.3448646680182
BE40,1,209,374.0,308.4173245610664
BE40,1,210,173.0,203.636483165128
BE40,1,211,215.0,473.9018414122041
BE40,1,212,201.0,597.4675014839386
BE40,1,213,47.0,-128.92002894900304
BE40,1,214,331.0,358.16404895804845
BE40,1,215,371.0,857.4288269321694
BE40,1,216,53.0,-383.47683344518947
BE40,1,217,40.0,-199.75513533198182
BE40,10,1,93.0,1640.5274777689144
BE40,10,2,153.0,4521.635847998726
BE40,10,3,58.0,2824.2199138089586
BE40,10,4,58.0,349.547500015855
BE40,10,5,52.0,4252.775616726731
BE40,10,6,220.0,2741.8826097337223
BE40,10,7,277.0,1737.197443996933
BE40,10,8,193.0,4484.7863779861955
BE40,10,9,133.0,1449.7033206018027
BE40,10,10,101.0,3249.405472019952
BE40,10,11,63.0,402.25302820414174
BE40,10,12,64.0,4372.862155188269
BE40,10,13,44.0,9335.078064279178
BE40,10,14,217.0,2492.227938598406
BE40,10,15,103.0,889.761427032929
BE40,10,16,361.0,2161.9213657145847
BE40,10,17,214.0,3166.6623888331287
BE40,10,18,201.0,2462.5655133972236
BE40,10,19,297.0,1928.7994447505582
BE40,10,20,96.0,1312.3725718549351
BE40,10,21,135.0,2605.7482662993802
BE40,10,22,113.0,1948.0424649227818
BE40,10,23,129.0,2533.4774652657884
BE40,10,24,164.0,3538.273740554122
BE40,10,25,135.0,172.21493296604658
BE40,10,26,136.0,2598.9356846000337
BE40,10,27,109.0,188.61330197725962
BE40,10,28,45.0,1441.792710743824
BE40,10,29,315.0,883.6149329660464
BE40,10,30,322.0,2093.6874657472745
BE40,10,31,240.0,2352.2079885216012
BE40,10,32,168.0,437.3264409025545
BE40,10,33,154.0,2537.5618305129437
BE40,10,34,232.0,1184.5733620848202
BE40,10,35,128.0,1691.3855926882684
BE40,10,36,93.0,2247.2909186291295
BE40,10,37,392.0,5484.716747025003
BE40,10,38,59.0,2126.3388501035233
BE40,10,39,86.0,4528.283666816176
BE40,10,40,164.0,4038.1578868955853
BE40,10,41,237.0,2741.4270286059896
BE40,10,42,144.0,2426.5149329660467
BE40,10,43,96.0,4155.935071854935
BE40,10,44,94.0,4251.5456658265675
BE40,10,45,192.0,4307.820488521601
BE40,10,46,243.0,4024.969665476334
BE40,10,47,215.0,1320.0464575138499
BE40,10,48,101.0,3783.732204693219
BE40,10,49,225.0,2398.8682662993792
BE40,10,50,144.0,2523.0843774104906
BE40,10,51,200.0,2986.5921551882684
BE40,10,52,219.0,2807.419803590095
BE40,10,53,61.0,1769.4994502702357
BE40,10,54,250.0,6662.501155188268
BE40,10,55,211.0,2779.71582817405
BE40,10,56,53.0,3591.4635702826095
BE40,10,57,225.0,2154.8149329660464
BE40,10,58,178.0,2306.214683278156
BE40,10,59,132.0,1917.9644279155418
BE40,10,60,112.0,1768.9692980454113
BE40,10,61,62.0,2472.1242519624634
BE40,10,62,110.0,2232.0098824609963
BE40,10,63,295.0,4535.159189086573
BE40,10,64,206.0,4264.897349363026
BE40,10,65,215.0,3473.041806351059
BE40,10,66,50.0,444.8371551882688
BE40,10,67,124.0,1749.6726390592366
BE40,10,68,225.0,2261.9260440771573
BE40,10,69,64.0,3611.0340301882684
BE40,10,70,95.0,1303.268734135637
BE40,10,71,148.0,2587.06823626935
BE40,10,72,93.0,3466.850058414075
BE40,10,73,189.0,1710.3482662993797
BE40,10,74,71.0,1260.6174368784095
BE40,10,75,136.0,1339.582743423563
BE40,10,76,84.0,2203.153821854936
BE40,10,77,213.0,1195.3498312446065
BE40,10,78,106.0,3083.5201740561934
BE40,10,79,85.0,2638.6489198941513
BE40,10,80,194.0,2810.329938693423
BE40,10,81,29.0,6958.6854310503395
BE40,10,82,175.0,3017.5285837596975
BE40,10,83,182.0,2628.583309034422
BE40,10,84,215.0,2247.720876118501
BE40,10,85,123.0,1146.6843096598134
BE40,10,86,101.0,1379.9500264753979
BE40,10,87,65.0,3311.160232111346
BE40,10,88,43.0,1358.0743644905945
BE40,10,89,420.0,2590.9633456644588
BE40,10,90,262.0,3725.599750608116
BE40,10,91,156.0,1041.2627962139097
BE40,10,92,247.0,1734.637964904868
BE40,10,93,243.0,2602.5087601265404
BE40,10,94,92.0,1540.9219377969648
BE40,10,95,51.0,2939.0018610706225
BE40,10,96,71.0,3416.518845329115
BE40,10,97,139.0,3997.9349969148875
BE40,10,98,48.0,2945.1538218549354
BE40,10,99,166.0,3105.604625067787
BE40,10,100,129.0,1626.9270776688886
BE40,10,101,150.0,4715.663821854936
BE40,10,102,39.0,2906.2115141626277
BE40,10,103,73.0,2529.2097579279944
BE40,10,104,181.0,3333.607320934125
BE40,10,105,82.0,575.359106407781
BE40,10,106,243.0,2881.307114036005
BE40,10,107,73.0,973.5248264211455
BE40,10,108,172.0,3412.1266900719897
BE40,10,109,94.0,1622.758431784014
BE40,10,110,137.0,3842.726206283159
BE40,10,111,40.0,985.6371551882688
BE40,10,112,229.0,2194.3550591184
BE40,10,113,166.0,2421.881733501522
BE40,10,114,246.0,3159.607073887456
BE40,10,115,60.0,198.70382185493546
BE40,10,116,65.0,3112.3602321113453
BE40,10,117,177.0,2774.3727484086075
BE40,10,118,215.0,2591.009248211525
BE40,10,119,123.0,3404.025773074447
BE40,10,120,158.0,2323.59791468194
BE40,10,121,163.0,1274.9426766606616
BE40,10,122,226.0,2890.883172887384
BE40,10,123,245.0,2982.3310327392883
BE40,10,124,66.0,1154.3886703397839
BE40,10,125,171.0,1540.9389095742338
BE40,10,126,142.0,391.1737749065786
BE40,10,127,363.0,2322.617320477525
BE40,10,128,210.0,3629.8181075692205
BE40,10,129,199.0,539.815044635505
BE40,10,130,123.0,688.7737405541225
BE40,10,131,280.0,2530.0692980454114
BE40,10,132,25.0,244.11715518826884
BE40,10,133,330.0,3155.864427915541
BE40,10,134,145.0,116.74750001585504
BE40,10,135,188.0,2187.33289986912
BE40,10,136,44.0,309.32806427917785
BE40,10,137,165.0,1821.2795794306933
BE40,10,138,186.0,1773.5758648656881
BE40,10,139,333.0,2103.822740773854
BE40,10,140,187.0,1709.0285990385362
BE40,10,141,309.0,2142.8520419196607
BE40,10,142,125.0,1319.941155188269
BE40,10,143,208.0,2262.9823474959608
BE40,10,144,69.0,1098.6864305505876
BE40,10,145,244.0,1047.7371551882686
BE40,10,146,152.0,3017.8884709777426
BE40,10,147,359.0,2127.457210898575
BE40,10,148,114.0,2303.8599622058127
BE40,10,149,357.0,1221.7861747961122
BE40,10,150,337.0,2043.6051077105233
BE40,10,151,163.0,2230.1267257404156
BE40,10,152,263.0,2704.1344935913103
BE40,10,153,262.0,1186.2218880126961
BE40,10,154,227.0,2414.356097919546
BE40,10,155,280.0,1890.705012331126
BE40,10,156,336.0,2847.91572661684
BE40,10,157,93.0,1758.97909067214
BE40,10,158,234.0,2234.1474115985247
BE40,10,159,208.0,1667.9535013421146
BE40,10,160,123.0,2808.976992586642
BE40,10,161,303.0,2795.3262640991597
BE40,10,162,164.0,1164.1213015297321
BE40,10,163,196.0,464.58409396377897
BE40,10,164,394.0,1092.0138049344614
BE40,10,165,144.0,1411.8690996327132
BE40,10,166,324.0,1922.21863666975
BE40,10,167,341.0,2268.445366331964
BE40,10,168,251.0,2139.5997049890652
BE40,10,169,127.0,965.2056591252763
BE40,10,170,228.0,1017.9739972935317
BE40,10,171,147.0,1099.4072232154795
BE40,10,172,252.0,3202.943504394618
BE40,10,173,205.0,2141.783496651684
BE40,10,174,200.0,3957.2021551882685
BE40,10,175,197.0,2672.460505442076
BE40,10,176,51.0,274.11950812944525
BE40,10,177,348.0,1616.8779597859696
BE40,10,178,235.0,2168.47119774146
BE40,10,179,256.0,3428.338717688269
BE40,10,180,115.0,1899.1501986665296
BE40,10,181,155.0,3231.927477768914
BE40,10,182,296.0,2015.0074254585386
BE40,10,183,177.0,3317.8416749622797
BE40,10,184,154.0,3023.756635707749
BE40,10,185,199.0,1995.9255973993245
BE40,10,186,139.0,1533.4098170587724
BE40,10,187,44.0,647.168973370087
BE40,10,188,267.0,1795.0124360871453
BE40,10,189,326.0,2248.878259482747
BE40,10,190,188.0,2194.9765168903964
BE40,10,191,113.0,1281.4583941263218
BE40,10,192,29.0,-86.55594826000701
BE40,10,193,172.0,2419.010411002222
BE40,10,194,217.0,2655.038998506241
BE40,10,195,25.0,2024.917155188269
BE40,10,196,214.0,3363.769865468643
BE40,10,197,175.0,4337.431440902555
BE40,10,198,337.0,4956.2786982149755
BE40,10,199,72.0,2385.5565996327127
BE40,10,200,211.0,2349.7963968944296
BE40,10,201,173.0,1260.925016459945
BE40,10,202,163.0,769.1696705256921
BE40,10,203,46.0,5046.845850840444
BE40,10,204,180.0,3259.3815996327126
BE40,10,205,83.0,1621.9720949473053
BE40,10,206,313.0,1890.959199916703
BE40,10,207,287.0,1760.421824177816
BE40,10,208,198.0,1999.9088723599862
BE40,10,209,217.0,2705.6288602573927
BE40,10,210,338.0,1206.9176285610497
BE40,10,211,210.0,1807.2514409025544
BE40,10,212,298.0,2505.81769210102
BE40,10,213,258.0,4471.283666816175
BE40,10,214,175.0,1148.494298045412
BE40,10,215,299.0,1680.8726066932854
BE40,10,216,113.0,2099.4495445687994
BE40,10,217,205.0,609.5103259199759
BE40,10,218,187.0,2126.9965134770387
BE40,10,219,45.0,-196.74062258950903
BE40,10,220,182.0,1613.8250672761812
BE40,10,221,190.0,228.90031308300567
BE40,10,222,313.0,2393.9687845812396
BE40,10,223,385.0,2052.8968954480088
BE40,10,224,252.0,776.6300123311258
BE40,10,225,301.0,461.9946302713252
BE40,10,226,177.0,1420.4574941713195
BE40,10,227,142.0,2941.173774906579
BE40,10,228,152.0,2189.3753130830055
BE40,10,229,110.0,3580.591700642814
BE40,10,230,67.0,-11.404635856507277
BE40,10,231,283.0,2168.4951057183043
BE40,10,232,204.0,3362.4234296980726
BE40,10,233,298.0,1906.9921887453158
BE40,10,234,111.0,468.8137317648454
BE40,10,235,295.0,1292.4303755272517
BE40,10,236,266.0,1611.5153506769907
BE40,10,237,53.0,916.878664622231
BE40,10,238,147.0,3099.1691279773845
BE40,10,239,32.0,1544.5184051882688
BE40,10,240,112.0,2058.1121551882684
BE40,10,241,157.0,665.218046908014
BE40,10,242,174.0,490.04750001585506
BE40,10,243,283.0,940.1664838101768
BE40,10,244,130.0,1289.537155188269
BE40,10,245,106.0,1774.8597966977027
BE40,10,246,123.0,1010.05016331835
BE40,10,247,105.0,2059.0466789977922
BE40,10,248,116.0,1766.642327602062
BE40,10,249,122.0,1561.2535486308916
BE40,10,250,185.0,1587.1236416747552
BE40,10,251,147.0,4007.75416199099
BE40,10,252,56.0,333.5407266168403
BE40,10,253,40.0,628.3371551882689
BE40,11,1,206.0,1207.5856235816466
BE40,11,2,166.0,506.18563527892076
BE40,11,3,233.0,377.2360256817338
BE40,11,4,137.0,1403.6687502204386
BE40,11,5,43.0,-224.2770993806477
BE40,11,6,162.0,1218.5934145441295
BE40,11,7,209.0,1148.181340588196
BE40,11,8,164.0,1606.1339896721026
BE40,11,9,49.0,571.7471056502018
BE40,11,10,221.0,2116.1581315990425
BE40,11,11,239.0,875.562834452183
BE40,11,12,315.0,772.4205750379567
BE40,11,13,211.0,968.6101484976726
BE40,11,14,233.0,1065.4248668834505
BE40,11,15,97.0,1890.317482254451
BE40,11,16,202.0,2610.4057235528076
BE40,11,17,304.0,820.9468908274307
BE40,11,18,139.0,1537.8018700019854
BE40,11,19,237.0,660.3952585822608
BE40,11,20,149.0,1029.4138636285613
BE40,11,21,118.0,995.4205750379572
BE40,11,22,122.0,1015.5107389723834
BE40,11,23,180.0,809.2372417046236
BE40,11,24,147.0,711.5906430651678
BE40,11,25,112.0,1605.7955750379567
BE40,11,26,139.0,1640.8090642465897
BE40,11,27,134.0,1223.2116198140766
BE40,11,28,146.0,1246.1192051749433
BE40,11,29,197.0,405.1058542257742
BE40,11,30,209.0,981.5114841288658
BE40,11,31,279.0,2188.0549836401074
BE40,11,32,318.0,1272.5557951637431
BE40,11,33,195.0,2139.615446832828
BE40,11,34,186.0,1571.7754137476343
BE40,11,35,347.0,1868.7375779198012
BE40,11,36,251.0,1284.4205750379572
BE40,11,37,231.0,240.01364863103063
BE40,11,38,309.0,1599.9221931609338
BE40,11,39,195.0,1728.4616006789822
BE40,11,40,123.0,753.5018758509652
BE40,11,41,179.0,412.52113369717483
BE40,11,42,318.0,1833.879694534812
BE40,11,43,188.0,779.7875963145528
BE40,11,44,97.0,-109.53818784864099
BE40,11,45,186.0,1441.2539083712902
BE40,11,46,238.0,1066.0466254581247
BE40,11,47,54.0,80.60576022314214
BE40,11,48,96.0,1345.1289083712902
BE40,11,49,161.0,1950.0230595100063
BE40,11,50,199.0,1749.902987098258
BE40,11,51,126.0,1163.317400434782
BE40,11,52,242.0,679.0610709057256
BE40,11,53,264.0,1761.8675447349265
BE40,11,54,196.0,946.5991464665285
BE40,11,55,131.0,1597.3289719845218
BE40,11,56,346.0,1320.0188409339107
BE40,11,57,115.0,1341.3510098205652
BE40,11,58,224.0,756.7420036093855
BE40,11,59,167.0,765.0493175529273
BE40,11,60,123.0,1571.0791116233222
BE40,11,61,148.0,1407.8800344974163
BE40,11,62,144.0,1435.7747417046237
BE40,11,63,234.0,604.5145921319742
BE40,11,64,311.0,939.5652695717192
BE40,11,65,135.0,1732.1094639268454
BE40,11,66,124.0,98.17863955408599
BE40,11,67,295.0,3686.1426089362612
BE40,11,68,221.0,1512.7282673456486
BE40,11,69,189.0,2389.5263951437764
BE40,11,70,113.0,2087.4382741530007
BE40,11,71,126.0,1517.8650194824004
BE40,11,72,189.0,1223.0978237152055
BE40,11,73,252.0,987.1348607522428
BE40,11,74,247.0,1394.687781515689
BE40,11,75,199.0,1410.5663036811734
BE40,11,76,143.0,125.92407154145336
BE40,11,77,115.0,435.30753155969603
BE40,11,78,67.0,330.151918321539
BE40,11,79,332.0,1962.884430459643
BE40,11,80,278.0,945.2479131674535
BE40,11,81,224.0,1147.0232536093854
BE40,11,82,226.0,1440.3409290202576
BE40,11,83,179.0,1169.325602970918
BE40,11,84,29.0,115.79988538278454
BE40,11,85,146.0,629.6876983256283
BE40,11,86,245.0,246.2409832012222
BE40,11,87,314.0,1527.041594146237
BE40,11,88,130.0,2422.7205750379567
BE40,11,89,177.0,1586.0702925520814
BE40,11,90,81.0,-179.92510397438872
BE40,11,91,305.0,1267.2631979887765
BE40,11,92,256.0,1418.8658875379565
BE40,11,93,147.0,745.5838403440795
BE40,11,94,295.0,1380.5290496142281
BE40,11,95,176.0,1877.9262568561383
BE40,11,96,161.0,791.6255439820563
BE40,11,97,413.0,1336.5513256432835
BE40,11,98,150.0,374.5939083712902
BE40,11,99,247.0,1619.0926398152842
BE40,11,100,287.0,1212.9118642365634
BE40,11,101,301.0,1397.5634321808143
BE40,11,102,264.0,1406.227393219775
BE40,11,103,223.0,1312.9228171904226
BE40,11,104,246.0,1625.5465912981192
BE40,11,105,218.0,1551.3747034783235
BE40,11,106,99.0,685.9559285733106
BE40,11,107,263.0,1235.4091681938503
BE40,11,108,354.0,1491.3217049814598
BE40,11,109,174.0,662.5470118195664
BE40,11,110,109.0,2437.3104832948366
BE40,11,111,259.0,1010.8221194395014
BE40,11,112,314.0,2175.9874540188484
BE40,11,113,266.0,1774.7927554890844
BE40,11,114,353.0,970.508393734841
BE40,11,115,144.0,938.9344639268459
BE40,11,116,186.0,1258.4528331024728
BE40,11,117,349.0,812.6956466711948
BE40,11,118,198.0,1442.1882518056334
BE40,11,119,211.0,1920.0651248009892
BE40,11,120,361.0,850.6671124340787
BE40,11,121,159.0,537.2130278681456
BE40,11,122,175.0,-7.842282104900192
BE40,11,123,81.0,-351.4312768138949
BE40,11,124,353.0,1040.9106600237928
BE40,11,125,294.0,1346.6314593916984
BE40,11,126,278.0,366.77309302356844
BE40,11,127,162.0,699.9637849145003
BE40,11,128,241.0,663.4413219259238
BE40,11,129,197.0,874.4510318907489
BE40,11,130,132.0,171.60996897735083
BE40,11,131,377.0,801.0465697329172
BE40,11,132,224.0,280.1303964665284
BE40,11,133,227.0,623.8919406767236
BE40,11,134,296.0,1198.4070615244434
BE40,11,135,403.0,870.8572996037137
BE40,11,136,213.0,766.9276172914778
BE40,11,137,210.0,615.4681940855761
BE40,12,1,874.0,1405.7677422688907
BE40,12,2,1327.0,1218.1071737905868
BE40,12,3,1180.0,1705.6778186758258
BE40,12,4,323.0,1319.09968465683
BE40,12,5,900.0,1271.229344099554
BE40,12,6,665.0,1214.0362613927873
BE40,12,7,626.0,2169.0447434605767
BE40,12,8,1115.0,1118.17696741794
BE40,12,9,790.0,1198.912382074238
BE40,12,10,449.0,2678.86756236236
BE40,12,11,579.0,1143.4430919406598
BE40,12,12,486.0,2991.276339984327
BE40,12,13,1334.0,1858.7180697367357
BE40,12,14,1964.0,2353.113335952915
BE40,12,15,678.0,2857.9938278753657
BE40,12,16,1051.0,1526.3325220253391
BE40,12,17,1268.0,1515.3412683897752
BE40,12,18,2014.0,1244.887814804619
BE40,12,19,287.0,124.28606883823008
BE40,12,20,615.0,2336.568531091424
BE40,12,21,752.0,1840.8262589931708
BE40,12,22,1116.0,1647.8422831676548
BE40,12,23,1011.0,2644.703963288476
BE40,12,24,540.0,1170.3878626180726
BE40,12,25,2063.0,1391.503081375366
BE40,12,26,1034.0,1327.7031932291484
BE40,12,27,675.0,1610.710825581036
BE40,12,28,1090.0,1207.8014541912974
BE40,12,29,484.0,1012.7933110417033
BE40,12,30,852.0,1235.899391047911
BE40,12,31,792.0,883.616313796524
BE40,12,32,1129.0,2268.806633736401
BE40,12,33,1071.0,1982.792593399274
BE40,12,34,1091.0,1295.9287391499668
BE40,12,35,1538.0,397.19080053648526
BE40,12,36,792.0,1721.6579804631906
BE40,12,37,1004.0,1384.6673520676818
BE40,12,38,1370.0,1271.1532857053937
BE40,12,39,976.0,811.3978277061117
BE40,12,40,1447.0,1722.7654049150349
BE40,12,41,833.0,1583.710160426085
BE40,12,42,2250.0,2708.965788543999
BE40,12,43,950.0,1976.0493440995547
BE40,12,44,1361.0,1787.5929296983786
BE40,12,45,728.0,1220.570443000653
BE40,12,46,812.0,1570.2875707005394
BE40,12,47,1094.0,1968.3320497668303
BE40,12,48,995.0,1272.7206003809615
BE40,12,49,944.0,1356.120615285995
BE40,12,50,642.0,882.8484718254109
BE40,12,51,1090.0,1473.8500780445083
BE40,12,52,987.0,1469.3116946567986
BE40,12,53,1319.0,1341.960473743224
BE40,12,54,865.0,1046.304026180479
BE40,12,55,1006.0,1839.247872926592
BE40,12,56,983.0,1721.998947354895
BE40,12,57,233.0,362.3603312240176
BE40,12,58,552.0,1348.8450687372356
BE40,12,59,1760.0,2184.8375259177355
BE40,12,60,1426.0,2201.6798630336357
BE40,12,61,706.0,1897.7741599635772
BE40,12,62,754.0,1484.124251261358
BE40,12,63,1378.0,1758.6642642737195
BE40,12,64,1291.0,2407.5787166789505
BE40,12,65,718.0,1287.54956694078
BE40,12,66,1595.0,1617.5922281120936
BE40,12,67,678.0,1589.701792477136
BE40,12,68,1364.0,1129.4662649206687
BE40,12,69,301.0,943.7191779865975
BE40,12,70,965.0,1725.5273751876375
BE40,12,71,930.0,1978.0585914113824
BE40,12,72,598.0,549.9017855711262
BE40,12,73,1045.0,1583.8789134775448
BE40,12,74,936.0,1136.3125064927171
BE40,12,75,731.0,1029.9128461515381
BE40,12,76,672.0,1335.788391718602
BE40,12,77,1161.0,2132.4152527989518
BE40,12,78,621.0,554.15565649891
BE40,12,79,245.0,609.318323691391
BE40,12,80,985.0,1381.389141053869
BE40,12,81,2007.0,1787.7585319421053
BE40,12,82,900.0,1791.3148996551101
BE40,12,83,833.0,1561.584110005917
BE40,12,84,1022.0,1406.6957628862472
BE40,12,85,1260.0,2384.8971218773318
BE40,12,86,1138.0,2419.3591507779374
BE40,12,87,715.0,1806.814798645009
BE40,12,88,1011.0,1449.5239435060826
BE40,12,89,1278.0,2294.179516243529
BE40,12,90,912.0,2963.480747608326
BE40,12,91,1233.0,2296.447121877332
BE40,12,92,1496.0,2299.2355205701424
BE40,12,93,1123.0,1237.2641793622436
BE40,12,94,364.0,47.647366077576095
BE40,12,95,922.0,1309.8895176353462
BE40,12,96,853.0,537.9776676634464
BE40,12,97,1065.0,625.6233347098829
BE40,12,98,670.0,374.4260605174645
BE40,12,99,456.0,1201.6539932223614
BE40,12,100,1219.0,2277.4593358961088
BE40,12,101,996.0,1325.368139280277
BE40,12,102,706.0,1659.2798256859567
BE40,12,103,1167.0,1642.9118462417996
BE40,12,104,946.0,2179.955813444163
BE40,12,105,952.0,1198.3615709903108
BE40,12,106,552.0,709.3957933749165
BE40,12,107,1455.0,1481.6184849930248
BE40,12,108,1022.0,2793.730987935171
BE40,12,109,705.0,1389.88636537615
BE40,12,110,894.0,1548.8919391778543
BE40,12,111,950.0,1917.036712520607
BE40,12,112,631.0,790.9625295195226
BE40,12,113,266.0,1033.240772670983
BE40,12,114,1153.0,1102.16891044821
BE40,12,115,806.0,895.2723217670481
BE40,12,116,1123.0,856.7753102616201
BE40,12,117,1211.0,1547.2870154455493
BE40,12,118,563.0,568.6977632825027
BE40,12,119,1213.0,1580.8441173889196
BE40,12,120,928.0,402.15964582369213
BE40,12,121,548.0,419.3500010338608
BE40,12,122,879.0,1004.2074555898843
BE40,12,123,1187.0,655.7485353379703
BE40,12,124,923.0,1037.9445336986873
BE40,12,125,1097.0,990.812461692991
BE40,12,126,740.0,693.7733981536084
BE40,12,127,1166.0,987.2216597084736
BE40,12,128,227.0,-14.335061186789506
BE40,2,1,157.0,1482.1580850106911
BE40,2,2,54.0,852.8586040010193
BE40,2,3,210.0,1949.2977574401723
BE40,2,4,283.0,2112.640766021697
BE40,2,5,319.0,2130.6831134634594
BE40,2,6,319.0,1806.7458093882244
BE40,2,7,251.0,1202.985577588152
BE40,2,8,149.0,818.735437210067
BE40,2,9,517.0,1356.171341303118
BE40,2,10,314.0,1372.7568111253408
BE40,2,11,271.0,1468.0202139504518
BE40,2,12,106.0,892.0416927501454
BE40,2,13,217.0,1479.1940708042277
BE40,2,14,178.0,2228.9807429939447
BE40,2,15,209.0,1551.4204505365499
BE40,2,16,207.0,1052.2587650316148
BE40,2,17,180.0,1368.9104558528709
BE40,2,18,359.0,1886.9752345591535
BE40,2,19,431.0,1357.3857587659927
BE40,2,20,268.0,2916.9496764167193
BE40,2,21,193.0,3255.7326205045697
BE40,2,22,314.0,1681.2026709979523
BE40,2,23,267.0,2519.688608162484
BE40,2,24,55.0,107.34580938822427
BE40,2,25,157.0,852.3236901062324
BE40,2,26,372.0,2452.208663738176
BE40,2,27,344.0,2764.8816444833615
BE40,2,28,185.0,1830.211657054072
BE40,2,29,341.0,2045.1358387137377
BE40,2,30,93.0,1703.3753304048423
BE40,2,31,296.0,2144.725846243261
BE40,2,32,282.0,2411.832205261854
BE40,2,33,161.0,1493.8847139619115
BE40,2,34,238.0,1673.075068364542
BE40,2,35,325.0,1669.2487464511612
BE40,2,36,179.0,1697.5990343755275
BE40,2,37,60.0,887.3549002973155
BE40,2,38,281.0,2016.1709145321909
BE40,2,39,233.0,2605.8222822715647
BE40,2,40,367.0,2064.1698866733364
BE40,2,41,127.0,849.1588373051894
BE40,2,42,196.0,1546.6140839707846
BE40,2,43,276.0,2718.9520017465907
BE40,2,44,256.0,2274.033806547315
BE40,2,45,397.0,2309.3350010529825
BE40,2,46,238.0,1650.5036397931135
BE40,2,47,177.0,778.9995330656768
BE40,2,48,140.0,3029.490614583029
BE40,2,49,576.0,2121.5958725195374
BE40,2,50,111.0,921.1233687657839
BE40,2,51,286.0,1907.3996555420706
BE40,2,52,298.0,1857.43006808255
BE40,2,53,177.0,1222.2198720487277
BE40,2,54,424.0,1966.1572587878813
BE40,2,55,125.0,1099.9509002973152
BE40,2,56,162.0,1213.5931719022535
BE40,2,57,282.0,1547.8463896590174
BE40,2,58,413.0,1601.637951144773
BE40,2,59,112.0,2351.288828868744
BE40,2,60,239.0,1807.6841890002434
BE40,2,61,186.0,2730.3269433080673
BE40,2,62,173.0,1590.7011430718817
BE40,2,63,146.0,1016.1412016671783
BE40,2,64,191.0,655.2831725486242
BE40,2,65,110.0,762.1276275700427
BE40,2,66,475.0,862.2885845078415
BE40,2,67,421.0,1640.942311223681
BE40,2,68,465.0,2215.2505992220463
BE40,2,69,183.0,2332.720474067807
BE40,2,70,232.0,1439.3661071938668
BE40,2,71,213.0,1510.7159331611651
BE40,2,72,104.0,1346.0202849126997
BE40,2,73,287.0,357.965004826932
BE40,2,74,223.0,1209.2468285484363
BE40,2,75,332.0,535.1368280081585
BE40,2,76,323.0,2630.8096990589256
BE40,2,77,228.0,1241.10665468328
BE40,2,78,423.0,1811.9693211010979
BE40,2,79,178.0,440.4919789490006
BE40,2,80,215.0,2059.4176909949892
BE40,2,81,55.0,2818.7639912064064
BE40,2,82,206.0,141.76655078275206
BE40,2,83,156.0,1522.1356695280845
BE40,2,84,187.0,83.23244040426705
BE40,2,85,165.0,2899.897324539739
BE40,2,86,334.0,1928.286636824261
BE40,2,87,263.0,1546.63969117184
BE40,2,88,288.0,3307.9222614084265
BE40,2,89,89.0,1922.5874845669782
BE40,2,90,369.0,2545.8446021943346
BE40,2,91,374.0,2752.7538307785985
BE40,2,92,240.0,2691.446566963982
BE40,2,93,253.0,2460.955295554232
BE40,2,94,186.0,1567.2462981467777
BE40,2,95,256.0,1760.9127127973152
BE40,2,96,159.0,2342.126598410522
BE40,2,97,304.0,2136.921347665736
BE40,2,98,59.0,2136.180324026129
BE40,2,99,224.0,1312.0745431544583
BE40,2,100,166.0,1059.8898400563512
BE40,2,101,51.0,904.321566963982
BE40,2,102,207.0,3027.5824365291987
BE40,2,103,244.0,1010.003260953053
BE40,2,104,193.0,1278.0590453750353
BE40,2,105,54.0,1301.710455852871
BE40,2,106,227.0,2155.5403628523813
BE40,2,107,142.0,2977.6619425508356
BE40,2,108,99.0,2144.8064154488306
BE40,2,109,87.0,1118.6549002973154
BE40,2,110,117.0,246.53524217765707
BE40,2,111,93.0,1651.9667282543046
BE40,2,112,149.0,3462.064296270469
BE40,2,113,228.0,713.5978827534556
BE40,2,114,303.0,1634.9387286801536
BE40,2,115,118.0,2751.324391822738
BE40,2,116,182.0,3519.9900651324797
BE40,2,117,462.0,2505.2999219423373
BE40,2,118,248.0,1466.1145777166698
BE40,2,119,209.0,1370.6549002973154
BE40,2,120,312.0,2647.3824643998796
BE40,2,121,158.0,578.5219889049102
BE40,2,122,344.0,1871.8467607624314
BE40,2,123,270.0,1601.495641038056
BE40,2,124,160.0,1919.3236502973152
BE40,2,125,121.0,-201.11369474400715
BE40,2,126,136.0,1625.6769591208447
BE40,2,127,90.0,1260.6437891862042
BE40,2,128,183.0,1671.3543538492277
BE40,2,129,154.0,829.1549002973152
BE40,2,130,140.0,2463.1191860116014
BE40,2,131,217.0,746.6134256429373
BE40,2,132,305.0,1066.402441280922
BE40,2,133,139.0,1100.3239650455166
BE40,2,134,162.0,961.753665729414
BE40,3,1,933.0,380.09847149108657
BE40,3,2,838.0,575.5280670421741
BE40,3,3,997.0,1104.3934926746801
BE40,3,4,570.0,685.4703900334231
BE40,3,5,412.0,686.1775097745234
BE40,3,6,325.0,316.57910798214107
BE40,3,7,1026.0,661.3524563102262
BE40,3,8,776.0,131.55114604716883
BE40,3,9,662.0,517.6164121885088
BE40,3,10,279.0,253.8359814312726
BE40,3,11,946.0,1000.4231736838811
BE40,3,12,1376.0,500.9512524365239
BE40,3,13,1016.0,713.2328572250242
BE40,3,14,1150.0,833.1254624971913
BE40,3,15,1207.0,1033.0473024885462
BE40,3,16,556.0,190.4368168919363
BE40,3,17,892.0,407.21515834433495
BE40,3,18,266.0,79.45033990810984
BE40,3,19,1059.0,199.99352506647318
BE40,3,20,1227.0,528.2201862844419
BE40,3,21,850.0,750.4237233667565
BE40,3,22,1078.0,320.8000127916173
BE40,3,23,1215.0,315.1790320087318
BE40,3,24,1276.0,494.51375471471886
BE40,3,25,500.0,108.35572336675646
BE40,3,26,716.0,824.4000920818403
BE40,3,27,725.0,1039.286481987446
BE40,3,28,1125.0,761.8375011445341
BE40,3,29,746.0,500.6790584873999
BE40,3,30,374.0,117.67003352718426
BE40,3,31,1001.0,1157.9715555345886
BE40,3,32,496.0,569.7049330441758
BE40,3,33,799.0,350.03275966212567
BE40,3,34,955.0,970.0361840997408
BE40,3,35,1151.0,471.10520034329863
BE40,3,36,696.0,403.83676934376797
BE40,3,37,1061.0,538.2240815194425
BE40,3,38,716.0,664.8274663835163
BE40,3,39,721.0,689.4514348785457
BE40,3,40,549.0,479.14616416821366
BE40,3,41,1126.0,866.9404906846961
BE40,3,42,530.0,509.52447808373756
BE40,3,43,1188.0,631.7001880132211
BE40,3,44,1171.0,1040.6465927091988
BE40,3,45,1070.0,848.0906392546069
BE40,3,46,899.0,705.3142906637532
BE40,3,47,334.0,509.8426455224451
BE40,3,48,841.0,488.3982536878028
BE40,3,49,878.0,151.7968896537724
BE40,3,50,952.0,612.4549838709581
BE40,3,51,790.0,638.8379005819463
BE40,3,52,1148.0,555.2061623911467
BE40,3,53,1353.0,275.2420086587003
BE40,3,54,1108.0,940.5663587458179
BE40,3,55,1077.0,1071.2707614354658
BE40,3,56,811.0,640.797558138643
BE40,3,57,1034.0,1137.8346711423849
BE40,3,58,658.0,724.440501482258
BE40,3,59,1408.0,877.352018821302
BE40,3,60,1260.0,824.4441995572327
BE40,3,61,1097.0,880.4108336675769
BE40,3,62,1234.0,606.7713084558975
BE40,3,63,1402.0,498.04480753223436
BE40,3,64,655.0,1418.6831126797335
BE40,3,65,756.0,424.3156281286612
BE40,3,66,813.0,453.76067293625215
BE40,3,67,621.0,576.1129021107178
BE40,3,68,1198.0,473.34963321650605
BE40,3,69,931.0,650.9487287373258
BE40,3,70,1321.0,837.4441472880281
BE40,3,71,955.0,572.5953464034058
BE40,3,72,603.0,927.9181512274531
BE40,3,73,1019.0,899.2836056042443
BE40,3,74,942.0,636.466143748922
BE40,3,75,1314.0,982.9239668979588
BE40,3,76,593.0,644.9116491677682
BE40,3,77,1021.0,660.7136156292441
BE40,3,78,1131.0,796.7418312358989
BE40,3,79,696.0,348.1269992288254
BE40,3,80,1346.0,867.2925792359986
BE40,3,81,1451.0,483.85541185745257
BE40,3,82,886.0,292.60282043221923
BE40,3,83,1079.0,504.3440384733367
BE40,3,84,853.0,623.9420586539779
BE40,3,85,1432.0,503.3630809086559
BE40,3,86,995.0,539.4791002511786
BE40,3,87,1023.0,750.7274770324457
BE40,3,88,753.0,347.7811470055347
BE40,3,89,1300.0,693.8268002898334
BE40,3,90,1176.0,432.1472607817224
BE40,3,91,455.0,71.953173916207
BE40,3,92,852.0,541.525554352672
BE40,3,93,463.0,414.9700300622208
BE40,3,94,889.0,63.758728991053424
BE40,3,95,1272.0,761.092245379335
BE40,3,96,984.0,634.7457965374882
BE40,3,97,536.0,307.9044696354132
BE40,3,98,1390.0,487.21739243150466
BE40,3,99,758.0,277.75095291820764
BE40,3,100,1304.0,964.8719749004988
BE40,3,101,1026.0,640.4177584544758
BE40,3,102,887.0,559.6740728594284
BE40,3,103,1351.0,788.7067581558017
BE40,3,104,1536.0,683.2008587834231
BE40,3,105,1214.0,833.1571006319954
BE40,3,106,750.0,214.65039003342312
BE40,3,107,1138.0,893.6341275846827
BE40,3,108,1169.0,468.36403132227395
BE40,3,109,1153.0,851.8618326468952
BE40,3,110,789.0,855.1003013135245
BE40,3,111,1484.0,583.3913244449236
BE40,3,112,725.0,486.91958543572196
BE40,3,113,1219.0,947.4714838261494
BE40,3,114,1376.0,352.3335198783844
BE40,3,115,791.0,573.0173769697906
BE40,3,116,933.0,535.6579570216333
BE40,3,117,995.0,748.1826178391183
BE40,3,118,526.0,300.48052945040666
BE40,3,119,1455.0,349.3109398616018
BE40,3,120,809.0,1038.0521782493274
BE40,3,121,854.0,459.5601636477869
BE40,3,122,1196.0,785.8689407580608
BE40,3,123,782.0,422.00321185780507
BE40,3,124,1238.0,614.1009770016515
BE40,3,125,1093.0,839.748828581761
BE40,3,126,1163.0,709.9765522575561
BE40,3,127,599.0,288.83377345022893
BE40,3,128,1563.0,393.7794111466669
BE40,3,129,1105.0,770.8100582083854
BE40,3,130,821.0,605.404210577475
BE40,3,131,1102.0,638.0169720055949
BE40,3,132,668.0,607.1285736661576
BE40,3,133,604.0,817.7606770091405
BE40,3,134,1284.0,505.8434429929247
BE40,3,135,1021.0,1300.261118077824
BE40,3,136,1026.0,730.807622002234
BE40,3,137,1635.0,501.42635333617545
BE40,3,138,781.0,392.13406907738386
BE40,3,139,1196.0,898.3472016276261
BE40,3,140,1252.0,295.91634317506316
BE40,3,141,1408.0,794.0267347303928
BE40,3,142,346.0,581.893318742479
BE40,3,143,1827.0,906.3428585610641
BE40,3,144,1174.0,335.4400095677786
BE40,3,145,230.0,401.49502771458253
BE40,3,146,1056.0,304.45050366978677
BE40,3,147,1283.0,477.87153318748915
BE40,3,148,402.0,826.1892955060599
BE40,3,149,1701.0,369.3363512327176
BE40,3,150,1572.0,376.7820948680287
BE40,3,151,677.0,2234.7845210033884
BE40,3,152,836.0,1209.9137712136464
BE40,3,153,1233.0,268.5960996846802
BE40,3,154,930.0,238.57361583987475
BE40,3,155,1029.0,490.9242287117516
BE40,3,156,1102.0,620.8808558531448
BE40,3,157,1067.0,534.0876971249571
BE40,3,158,1284.0,204.92599751005864
BE40,3,159,708.0,886.9025934232536
BE40,3,160,1419.0,979.6338854527326
BE40,3,161,1247.0,639.5952229657942
BE40,3,162,931.0,106.61897578351264
BE40,3,163,705.0,876.7242907426429
BE40,3,164,586.0,549.0648155169271
BE40,3,165,966.0,690.6753589775225
BE40,3,166,1013.0,436.68032751285716
BE40,3,167,976.0,234.638764350363
BE40,3,168,1378.0,1119.3356537005734
BE40,3,169,748.0,488.84383031862814
BE40,3,170,1184.0,386.2243314748646
BE40,3,171,1486.0,665.4026466507403
BE40,3,172,1301.0,304.7868132975789
BE40,3,173,878.0,370.0827666469387
BE40,3,174,879.0,230.93455385594874
BE40,3,175,1341.0,525.9990999513948
BE40,3,176,1612.0,418.4966514064587
BE40,3,177,1628.0,420.44192975496287
BE40,3,178,1554.0,849.2014067644398
BE40,3,179,879.0,483.38961642705226
BE40,3,180,676.0,105.17206656202274
BE40,3,181,1080.0,-40.229609966576874
BE40,3,182,1113.0,573.0768590361184
BE40,3,183,959.0,416.0988224282789
BE40,3,184,1098.0,757.4330494141153
BE40,3,185,1593.0,639.7252550679491
BE40,3,186,1218.0,0.605858013718691
BE40,3,187,635.0,315.3879753352604
BE40,3,188,1153.0,29.716125795203986
BE40,3,189,1150.0,294.8767668450173
BE40,3,190,746.0,210.96994320589855
BE40,3,191,665.0,348.55861058480156
BE40,3,192,565.0,164.27628973843787
BE40,3,193,1067.0,422.3126268344228
BE40,3,194,1053.0,680.9927072224069
BE40,3,195,1653.0,-110.89682109785335
BE40,3,196,1444.0,357.8369643639864
BE40,3,197,1374.0,536.6210450552572
BE40,3,198,1474.0,352.8647817113969
BE40,3,199,596.0,-191.8019813312301
BE40,3,200,867.0,201.12321586963998
BE40,3,201,1517.0,133.58487036741565
BE40,3,202,1059.0,-96.02536067479217
BE40,3,203,1065.0,219.77367641839965
BE40,3,204,738.0,183.1641569710925
BE40,3,205,1175.0,-2.253297909839287
BE40,3,206,1739.0,157.30746114708998
BE40,3,207,1321.0,263.50167946062476
BE40,3,208,681.0,490.0606984034672
BE40,3,209,1675.0,292.6580517249654
BE40,3,210,562.0,1262.417602370315
BE40,3,211,1401.0,635.5060788271419
BE40,3,212,1431.0,272.20064859387037
BE40,3,213,611.0,-182.09480363815354
BE40,3,214,650.0,-23.000892017858927
BE40,3,215,835.0,218.662406001487
BE40,3,216,987.0,239.27484798681724
BE40,3,217,984.0,52.15433312285402
BE40,3,218,957.0,0.15586547751925825
BE40,3,219,814.0,91.62927619230928
BE40,3,220,369.0,261.55169084643126
BE40,3,221,359.0,-318.94279473909313
BE40,3,222,294.0,-341.9785895584136
BE40,4,1,238.0,480.33160597242676
BE40,4,2,1100.0,1317.7817969579114
BE40,4,3,755.0,593.2698162234145
BE40,4,4,2498.0,1077.1573119153322
BE40,4,5,441.0,152.59004268044336
BE40,4,6,1158.0,634.6844818377988
BE40,4,7,1170.0,1032.7292717053865
BE40,4,8,822.0,801.6682822487766
BE40,4,9,1195.0,1554.3930559917649
BE40,4,10,1200.0,800.3839939276087
BE40,4,11,1015.0,1353.6043674908271
BE40,4,12,897.0,1663.559297718021
BE40,4,13,959.0,1071.8010594472473
BE40,4,14,1630.0,1193.2960747047048
BE40,4,15,708.0,1105.8735278259137
BE40,4,16,541.0,979.6266633669186
BE40,4,17,1245.0,1042.4390441284118
BE40,4,18,1215.0,1630.9630165613532
BE40,4,19,984.0,1396.6124695373646
BE40,4,20,1376.0,1082.918741989624
BE40,4,21,1054.0,693.1982364956037
BE40,4,22,1137.0,767.3324965661312
BE40,4,23,1274.0,1520.6899031374467
BE40,4,24,1184.0,974.4926538375186
BE40,4,25,803.0,743.9690945917847
BE40,4,26,892.0,804.4132278588493
BE40,4,27,783.0,921.642170811389
BE40,4,28,994.0,2028.46262739508
BE40,4,29,865.0,1425.223940941096
BE40,4,30,1192.0,1932.5596035472954
BE40,4,31,291.0,310.17348705475666
BE40,4,32,954.0,1491.7401731728914
BE40,4,33,1347.0,1064.0444412178833
BE40,4,34,1340.0,1804.0435337286033
BE40,4,35,1034.0,738.1717389308324
BE40,4,36,1323.0,1463.7540638444643
BE40,4,37,570.0,1332.1725465591876
BE40,4,38,377.0,736.9873913635063
BE40,4,39,711.0,1462.3025487799293
BE40,4,40,514.0,896.0722461973883
BE40,4,41,1202.0,1591.837960927054
BE40,4,42,710.0,1160.0209774956836
BE40,4,43,692.0,2480.697929380403
BE40,4,44,933.0,2314.5825764570836
BE40,4,45,858.0,866.2368086129235
BE40,4,46,990.0,1956.684827260942
BE40,4,47,948.0,1445.9354601723342
BE40,4,48,705.0,1098.9585861261903
BE40,4,49,304.0,330.53723954164394
BE40,4,50,568.0,681.4664000308952
BE40,4,51,780.0,1850.3130323891469
BE40,4,52,843.0,1207.6036884709065
BE40,4,53,1357.0,1282.523245340038
BE40,4,54,853.0,1048.205264931907
BE40,4,55,1029.0,1249.4445940247906
BE40,4,56,794.0,788.6375560602704
BE40,4,57,694.0,416.50922687669623
BE40,4,58,1163.0,1064.9782637757028
BE40,4,59,1587.0,2158.4500446522466
BE40,4,60,1835.0,832.4677518749293
BE40,4,61,1068.0,1497.2378235156239
BE40,4,62,981.0,1501.5994042232253
BE40,4,63,891.0,1436.7074984169465
BE40,4,64,573.0,1042.3420698438392
BE40,4,65,662.0,705.5731454885353
BE40,4,66,815.0,1534.8267495513305
BE40,4,67,817.0,1507.2805840948872
BE40,4,68,397.0,1146.5405787302955
BE40,4,69,967.0,1854.4911699014106
BE40,4,70,742.0,1184.2424193543832
BE40,4,71,708.0,2129.360815961507
BE40,4,72,837.0,1596.027001693439
BE40,4,73,1306.0,1361.2273489556844
BE40,4,74,861.0,1308.6281489798735
BE40,4,75,390.0,1769.3796990558142
BE40,4,76,505.0,844.9270714853644
BE40,4,77,601.0,1117.0534351367046
BE40,4,78,1266.0,2051.834274338351
BE40,4,79,926.0,1745.6263679376877
BE40,4,80,1471.0,886.3779158628001
BE40,4,81,1402.0,1957.7060350593254
BE40,4,82,1000.0,1342.2081605942751
BE40,4,83,984.0,850.8756809194786
BE40,4,84,1149.0,2076.7516679920127
BE40,4,85,891.0,1578.8623805718285
BE40,4,86,1003.0,1389.5910419502077
BE40,4,87,712.0,1140.448497672927
BE40,4,88,1087.0,1675.2834779815798
BE40,4,89,636.0,869.1269656257219
BE40,4,90,1464.0,1780.0555922882645
BE40,4,91,1185.0,1445.2485403411108
BE40,4,92,1390.0,976.2915418892395
BE40,4,93,1120.0,1217.6297677371324
BE40,4,94,975.0,1239.1586734147882
BE40,4,95,800.0,586.0794105942754
BE40,4,96,1354.0,1075.164246266358
BE40,4,97,714.0,859.1593370648635
BE40,4,98,772.0,957.8761916823582
BE40,4,99,940.0,1107.4202882538498
BE40,4,100,1216.0,933.3744105942753
BE40,4,101,1146.0,1415.5898883429663
BE40,4,102,726.0,523.2484636245786
BE40,4,103,1074.0,1211.3755162739774
BE40,4,104,1442.0,780.1994365998232
BE40,4,105,931.0,1293.0806740206988
BE40,4,106,1065.0,1467.8190995614113
BE40,4,107,548.0,455.4827591344215
BE40,4,108,984.0,1042.4823882365517
BE40,4,109,1303.0,2499.662519765419
BE40,4,110,2780.0,1367.951254119455
BE40,4,111,1269.0,858.7161905391139
BE40,4,112,386.0,132.16893779634805
BE40,4,113,1810.0,1440.9524147379218
BE40,4,114,650.0,973.4104682865831
BE40,4,115,1741.0,1203.04297391995
BE40,4,116,586.0,401.35126639632324
BE40,4,117,981.0,800.6962441824506
BE40,4,118,549.0,803.8866487545669
BE40,4,119,918.0,1102.434936193404
BE40,4,120,805.0,998.8094649421015
BE40,4,121,1029.0,1007.8002791559857
BE40,4,122,1625.0,843.8956990558138
BE40,4,123,945.0,960.8827108588256
BE40,4,124,1745.0,864.2250373851064
BE40,4,125,1095.0,627.7478409595723
BE40,4,126,1297.0,1328.759409630513
BE40,4,127,905.0,1147.3651219202422
BE40,4,128,523.0,49.426573596187595
BE40,4,129,1215.0,1337.8082840510654
BE40,4,130,740.0,819.2249173510322
BE40,4,131,956.0,800.7223446946938
BE40,4,132,807.0,779.990155637646
BE40,4,133,175.0,-152.02183940572445
BE40,4,134,1090.0,1573.5337569245505
BE40,4,135,1057.0,1110.5095513227523
BE40,4,136,1167.0,1713.6054785034441
BE40,4,137,667.0,877.6979207142153
BE40,4,138,461.0,310.97521048581564
BE40,4,139,774.0,1118.66260503872
BE40,4,140,1135.0,979.403182620707
BE40,4,141,638.0,523.0473141992911
BE40,4,142,1026.0,1759.3624101069458
BE40,4,143,1061.0,783.5225903774988
BE40,4,144,1233.0,1799.4274063363675
BE40,4,145,689.0,276.64341458556726
BE40,4,146,1035.0,916.5775808841305
BE40,4,147,861.0,567.6316333004311
BE40,4,148,1340.0,1825.6390561166634
BE40,4,149,1492.0,1826.171243704195
BE40,4,150,1312.0,1489.0702947406166
BE40,4,151,438.0,142.49669940706085
BE40,4,152,1093.0,626.4706766052544
BE40,4,153,910.0,357.93684191295677
BE40,4,154,991.0,936.1051434398859
BE40,4,155,843.0,425.96905027399083
BE40,4,156,613.0,547.6080464017796
BE40,4,157,710.0,241.3928084815995
BE40,4,158,1232.0,873.4032255293404
BE40,4,159,946.0,369.8312684166856
BE40,4,160,563.0,339.2270415889469
BE40,4,161,2129.0,1154.1486443894842
BE40,4,162,1169.0,527.6809493025731
BE40,4,163,880.0,1052.0806605942753
BE40,4,164,1326.0,877.7226854811531
BE40,4,165,2515.0,1067.7803872344346
BE40,4,166,689.0,533.890148983245
BE40,4,167,936.0,769.2534170045318
BE40,4,168,655.0,105.32197738816868
BE40,4,169,2198.0,1563.7654763358587
BE40,4,170,1183.0,705.5410684556448
BE40,4,171,471.0,1352.6597741823862
BE40,4,172,570.0,619.007634278486
BE40,4,173,1127.0,1851.768293690992
BE40,4,174,1043.0,200.86053835074725
BE40,4,175,1274.0,781.5666692284982
BE40,4,176,1086.0,581.7568346274247
BE40,4,177,418.0,-117.894279597112
BE40,4,178,1051.0,1618.74147172653
BE40,4,179,665.0,693.5204162333732
BE40,4,180,749.0,297.3129536516854
BE40,4,181,709.0,1140.2745780836972
BE40,4,182,536.0,665.0371904450218
BE40,4,183,311.0,38.64259789331092
BE40,5,1,238.0,969.9720994133949
BE40,5,2,1167.0,610.4096898737436
BE40,5,3,1282.0,766.6759431973984
BE40,5,4,815.0,330.3349441832047
BE40,5,5,523.0,428.4584740779835
BE40,5,6,1045.0,364.896537513994
BE40,5,7,1201.0,995.2383866110383
BE40,5,8,984.0,579.9453948291222
BE40,5,9,1008.0,596.3676993200245
BE40,5,10,825.0,316.1246076894326
BE40,5,11,769.0,320.13471920773657
BE40,5,12,777.0,676.6873314521564
BE40,5,13,1424.0,694.2945429975701
BE40,5,14,577.0,598.3892891662458
BE40,5,15,1091.0,758.0378204772559
BE40,5,16,756.0,478.03668080150567
BE40,5,17,1164.0,387.33252708962004
BE40,5,18,1201.0,607.0577038466753
BE40,5,19,929.0,1184.6186742973855
BE40,5,20,675.0,1228.105887150712
BE40,5,21,939.0,456.69176811154506
BE40,5,22,888.0,927.8882645280895
BE40,5,23,783.0,1204.0959765504567
BE40,5,24,1878.0,830.1715338197454
BE40,5,25,1096.0,877.8080958557675
BE40,5,26,763.0,504.2811349542167
BE40,5,27,1239.0,1174.9436846576623
BE40,5,28,1484.0,664.5992993499733
BE40,5,29,1240.0,667.1007318341052
BE40,5,30,1030.0,872.5074261654553
BE40,5,31,691.0,693.1611993659664
BE40,5,32,819.0,601.1376169024419
BE40,5,33,1211.0,432.80935107706614
BE40,5,34,671.0,450.56444872271624
BE40,5,35,1230.0,457.848850113675
BE40,5,36,821.0,835.6151919731963
BE40,5,37,1183.0,538.4793093979805
BE40,5,38,1308.0,1009.6875351289656
BE40,5,39,1138.0,1001.6426403890118
BE40,5,40,1278.0,618.9599612247861
BE40,5,41,1128.0,922.7327153619021
BE40,5,42,1070.0,980.3335853161673
BE40,5,43,870.0,466.93275815965194
BE40,5,44,1883.0,892.4888748968227
BE40,5,45,1020.0,861.1782618783809
BE40,5,46,1502.0,1006.9711315162492
BE40,5,47,1256.0,806.7920560584733
BE40,5,48,781.0,1306.9203396569958
BE40,5,49,1111.0,677.8441996486284
BE40,5,50,1626.0,1135.4939915650896
BE40,5,51,775.0,496.8305705437826
BE40,5,52,969.0,872.8369822086182
BE40,5,53,768.0,496.87358969700836
BE40,5,54,1505.0,1196.1439774669418
BE40,5,55,390.0,245.93346549829033
BE40,5,56,1545.0,334.7818598224129
BE40,5,57,705.0,71.23111961722113
BE40,5,58,1109.0,666.7011194253673
BE40,5,59,1307.0,892.395266844101
BE40,5,60,1225.0,619.3221834470082
BE40,5,61,691.0,451.29578692023557
BE40,5,62,944.0,742.4724376842964
BE40,5,63,976.0,492.07460147979526
BE40,5,64,859.0,751.3585513166244
BE40,5,65,808.0,474.93960918958265
BE40,5,66,1230.0,1153.1675493006671
BE40,5,67,1524.0,801.8685351530452
BE40,5,68,809.0,811.6129621861926
BE40,5,69,1265.0,910.4885075576802
BE40,5,70,1119.0,484.59996718248647
BE40,5,71,918.0,611.7170418348079
BE40,5,72,978.0,401.03698917297976
BE40,5,73,1389.0,951.9168846709103
BE40,5,74,1333.0,535.366354489769
BE40,5,75,1424.0,708.0768463683568
BE40,5,76,840.0,391.64527868510356
BE40,5,77,772.0,722.486587592086
BE40,5,78,895.0,904.9637476928185
BE40,5,79,1136.0,636.8353524610928
BE40,5,80,1082.0,713.9686899165093
BE40,5,81,1663.0,956.044179839071
BE40,5,82,773.0,549.057345154641
BE40,5,83,1902.0,914.3646229843376
BE40,5,84,1496.0,672.5164080459389
BE40,5,85,1110.0,710.2524537172787
BE40,5,86,729.0,491.53815052519764
BE40,5,87,1704.0,774.8652820385577
BE40,5,88,980.0,364.62504058986553
BE40,5,89,1196.0,847.606932610888
BE40,5,90,616.0,301.7893263041512
BE40,5,91,1254.0,644.9006842444566
BE40,5,92,813.0,461.7424540497144
BE40,5,93,1332.0,837.3901414049665
BE40,5,94,853.0,590.9776113485325
BE40,5,95,1388.0,462.08203935478934
BE40,5,96,1984.0,699.076840705073
BE40,5,97,1146.0,598.4823579670781
BE40,5,98,1344.0,953.0088203517704
BE40,5,99,468.0,249.19073045555538
BE40,5,100,1455.0,866.3385408353246
BE40,5,101,1839.0,543.4064901354261
BE40,5,102,1358.0,856.9988255677742
BE40,5,103,1595.0,650.2633746695789
BE40,5,104,1324.0,456.8226668306942
BE40,5,105,889.0,410.68668288457866
BE40,5,106,1842.0,407.106179103903
BE40,5,107,710.0,56.26669048926187
BE40,5,108,1179.0,496.8747194945063
BE40,5,109,985.0,353.26898547746526
BE40,5,110,1122.0,173.3577627696465
BE40,5,111,1567.0,903.1620813410734
BE40,5,112,355.0,309.5413383765859
BE40,5,113,858.0,263.2730925379175
BE40,5,114,1296.0,874.519374805033
BE40,5,115,1096.0,480.74787687766536
BE40,5,116,1267.0,301.39804769325934
BE40,5,117,849.0,426.1839502314606
BE40,5,118,1321.0,501.5141289428449
BE40,5,119,1089.0,157.45812467749505
BE40,5,120,642.0,235.4236164688152
BE40,5,121,2050.0,509.8992566177401
BE40,5,122,1512.0,730.6749083147333
BE40,5,123,552.0,378.491966055704
BE40,5,124,1510.0,335.5099980165448
BE40,5,125,1321.0,762.7359306082499
BE40,5,126,1032.0,237.660865617551
BE40,5,127,675.0,504.2362575210824
BE40,5,128,1208.0,358.60933576488907
BE40,5,129,1008.0,622.5690882089132
BE40,5,130,578.0,557.7652284297073
BE40,5,131,1411.0,443.3065633194392
BE40,5,132,1504.0,902.9807206810509
BE40,5,133,1548.0,760.2028552816337
BE40,5,134,1278.0,259.4044056692305
BE40,5,135,1176.0,342.47555079394715
BE40,5,136,1103.0,359.5987745621489
BE40,5,137,967.0,717.398832878239
BE40,5,138,1167.0,309.14919287288666
BE40,5,139,943.0,95.99713572696595
BE40,5,140,1527.0,446.1261913055545
BE40,5,141,1093.0,-8.712144091875448
BE40,5,142,737.0,-10.285252102516733
BE40,5,143,1409.0,197.9312962929984
BE40,5,144,869.0,130.17585433308423
BE40,5,145,695.0,-1.2904784234952333
BE40,5,146,483.0,67.84367413023818
BE40,5,147,1079.0,276.41526963792586
BE40,5,148,1368.0,574.77209572771
BE40,5,149,570.0,126.49797292069258
BE40,5,150,772.0,-51.80745385869112
BE40,5,151,511.0,-191.39413749232628
BE40,5,152,400.0,-176.35531655299164
BE40,5,153,185.0,-129.65295168812676
BE40,6,1,389.0,1141.2741290298284
BE40,6,2,112.0,902.7167474653774
BE40,6,3,73.0,3382.1507004986456
BE40,6,4,243.0,1664.9203041967119
BE40,6,5,55.0,2247.1641500627807
BE40,6,6,40.0,2287.4596046082343
BE40,6,7,253.0,4042.326995912582
BE40,6,8,122.0,387.02763739511965
BE40,6,9,274.0,1280.6971958491106
BE40,6,10,161.0,1849.9791698256263
BE40,6,11,162.0,609.1096046082343
BE40,6,12,270.0,1468.9910860897162
BE40,6,13,279.0,2222.1239415257974
BE40,6,14,310.0,367.8225078340408
BE40,6,15,227.0,2917.871719145679
BE40,6,16,174.0,1016.4142023093842
BE40,6,17,189.0,1568.469392968023
BE40,6,18,286.0,848.0082060068358
BE40,6,19,150.0,1069.7029379415678
BE40,6,20,84.0,2506.109604608235
BE40,6,21,328.0,2424.326068022868
BE40,6,22,132.0,3305.2232409718704
BE40,6,23,313.0,1202.2853234580748
BE40,6,24,205.0,2311.470580217991
BE40,6,25,217.0,768.3814940091561
BE40,6,26,85.0,1379.4390163729406
BE40,6,27,261.0,1509.8299111216447
BE40,6,28,347.0,2170.668682418033
BE40,6,29,156.0,1704.1096046082348
BE40,6,30,166.0,2149.0734600299215
BE40,6,31,173.0,715.1674080764427
BE40,6,32,185.0,1700.3636586622886
BE40,6,33,327.0,988.6111336602224
BE40,6,34,311.0,2439.46330235743
BE40,6,35,50.0,2862.9096046082345
BE40,6,36,39.0,-142.55706205843222
BE40,6,37,241.0,989.3544178862429
BE40,6,38,349.0,1110.719919794481
BE40,6,39,178.0,1046.8511776419423
BE40,6,40,158.0,1338.2235286588677
BE40,6,41,151.0,3380.036756926114
BE40,6,42,290.0,1944.2199494358208
BE40,6,43,95.0,927.5096046082348
BE40,6,44,87.0,-116.68349884004148
BE40,6,45,99.0,264.58435208298187
BE40,6,46,129.0,1484.7762712749013
BE40,6,47,189.0,2097.289498788129
BE40,6,48,270.0,2733.857752756382
BE40,6,49,247.0,368.46992849487424
BE40,6,50,201.0,2227.1742812251496
BE40,6,51,280.0,1031.3381760368059
BE40,6,52,319.0,577.3541187148174
BE40,6,53,211.0,1294.9342491579976
BE40,6,54,222.0,1683.415910914541
BE40,6,55,336.0,-161.75646682033707
BE40,6,56,240.0,-1.6945620584323176
BE40,6,57,58.0,144.36822529788952
BE40,6,58,314.0,1866.8930440986803
BE40,6,59,138.0,1025.6603292459156
BE40,6,60,223.0,236.79121895801006
BE40,6,61,334.0,2369.3670896381745
BE40,6,62,293.0,1738.4099459051629
BE40,6,63,248.0,2417.9362175114597
BE40,6,64,48.0,2077.130437941568
BE40,6,65,164.0,961.6400924131126
BE40,6,66,146.0,584.1849470739879
BE40,6,67,156.0,2714.4685789672085
BE40,6,68,212.0,1509.3548876271025
BE40,6,69,377.0,617.1838751652637
BE40,6,70,420.0,2668.445318893948
BE40,6,71,165.0,1783.9823318809624
BE40,6,72,107.0,962.4273616175806
BE40,6,73,251.0,1481.181317755645
BE40,6,74,250.0,536.6936046082345
BE40,6,75,172.0,1153.0572790268393
BE40,6,76,433.0,936.6338540308673
BE40,6,77,86.0,488.8421627477691
BE40,6,78,26.0,-93.96731846868873
BE40,6,79,321.0,961.903997131599
BE40,6,80,104.0,637.1576815313113
BE40,6,81,297.0,1745.416001914632
BE40,6,82,426.0,1283.806787706826
BE40,6,83,218.0,1054.013274333005
BE40,6,84,436.0,1909.724283507317
BE40,6,85,271.0,1978.3420769329578
BE40,6,86,232.0,538.6096046082345
BE40,6,87,47.0,1616.9606684380226
BE40,6,88,228.0,1784.0394291696373
BE40,6,89,296.0,413.77176677039654
BE40,6,90,184.0,1891.620474173452
BE40,6,91,272.0,745.4772516670579
BE40,6,92,349.0,1200.665478533736
BE40,6,93,430.0,679.8305348407927
BE40,6,94,355.0,999.0448158758402
BE40,6,95,299.0,1476.8052567821476
BE40,6,96,219.0,639.5114310922529
BE40,6,97,319.0,1640.4042754546297
BE40,6,98,421.0,1772.2948777673796
BE40,6,99,165.0,1412.6550591536893
BE40,6,100,202.0,1643.0749511428883
BE40,6,101,188.0,1054.3064131188728
BE40,6,102,189.0,1717.7021972008274
BE40,6,103,471.0,796.1541905954958
BE40,6,104,300.0,1567.5929379415677
BE40,6,105,291.0,325.3707729931141
BE40,6,106,236.0,851.2070622353533
BE40,6,107,98.0,-88.95161988156156
BE40,6,108,285.0,721.235920397708
BE40,6,109,217.0,1043.71789953911
BE40,6,110,185.0,1443.1582532568832
BE40,6,111,342.0,2113.6856280000475
BE40,6,112,281.0,1543.7039106580564
BE40,6,113,312.0,1325.4333225569526
BE40,6,114,306.0,2975.511565392548
BE40,6,115,199.0,-27.051199411866154
BE40,6,116,428.0,-32.717498195503964
BE40,6,117,222.0,1466.4294244280536
BE40,6,118,358.0,811.8917275132625
BE40,6,119,188.0,722.4606684380218
BE40,6,120,531.0,1135.9947270187806
BE40,6,121,411.0,1543.209361299232
BE40,6,122,200.0,2548.9796046082347
BE40,6,123,384.0,1268.0210629415678
BE40,6,124,392.0,870.9667474653775
BE40,6,125,370.0,1101.7825775812075
BE40,6,126,277.0,1129.6872219367547
BE40,6,127,311.0,4.273591746498025
BE40,6,128,273.0,1210.3476998463295
BE40,6,129,325.0,1475.8819123005424
BE40,6,130,265.0,1718.3963970610648
BE40,6,131,273.0,1598.721326219956
BE40,6,132,328.0,918.0272875350638
BE40,6,133,326.0,1429.057457368971
BE40,6,134,267.0,409.73132745467626
BE40,6,135,252.0,1316.3675411161712
BE40,6,136,316.0,1202.1728957474752
BE40,6,137,370.0,2726.3879829866128
BE40,6,138,139.0,536.3973743924071
BE40,6,139,355.0,1899.2927031997838
BE40,6,140,202.0,1058.0700006478385
BE40,6,141,277.0,1959.0915540667186
BE40,6,142,129.0,1945.163868174126
BE40,6,143,179.0,1187.958766619408
BE40,6,144,217.0,4220.607300460769
BE40,6,145,193.0,914.6381020175611
BE40,6,146,392.0,2545.869808689867
BE40,6,147,534.0,756.6863836344517
BE40,6,148,146.0,567.3972758411111
BE40,6,149,30.0,17.842937941567683
BE40,6,150,220.0,1512.891422790052
BE40,6,151,309.0,1181.4591191713412
BE40,6,152,220.0,1747.3959682445975
BE40,6,153,209.0,447.5019491058421
BE40,6,154,180.0,2283.642937941568
BE40,6,155,258.0,964.5088294144359
BE40,6,156,344.0,1772.4206511198622
BE40,6,157,269.0,1835.235998660279
BE40,6,158,307.0,754.8164449991141
BE40,6,159,271.0,3006.925102763216
BE40,6,160,315.0,1932.331826830457
BE40,6,161,240.0,507.73043794156786
BE40,6,162,339.0,2044.4370382365532
BE40,6,163,292.0,2084.2705635123443
BE40,6,164,106.0,479.5341329101211
BE40,6,165,253.0,918.7696836596181
BE40,6,166,250.0,1677.3816046082347
BE40,6,167,264.0,2736.2914227900533
BE40,6,168,607.0,1283.5115815439842
BE40,6,169,359.0,1678.8421951374823
BE40,6,170,287.0,800.2245871866315
BE40,6,171,360.0,1778.7957157193457
BE40,6,172,229.0,1112.0790369226452
BE40,6,173,335.0,2303.975276250026
BE40,6,174,223.0,1235.5535507965756
BE40,6,175,256.0,1556.6330421082343
BE40,6,176,172.0,2889.8421627477687
BE40,6,177,449.0,851.0962415792814
BE40,6,178,268.0,1649.8297538619663
BE40,6,179,169.0,1315.1687762058675
BE40,6,180,369.0,1824.2993065052538
BE40,6,181,308.0,1806.6096046082346
BE40,6,182,250.0,1511.2136046082344
BE40,6,183,98.0,4261.793278077622
BE40,6,184,341.0,1475.8427424381464
BE40,6,185,108.0,1157.7021972008272
BE40,6,186,217.0,2806.2708949308144
BE40,6,187,199.0,2611.989001593158
BE40,6,188,269.0,870.9386008907624
BE40,6,189,242.0,1766.5434889057553
BE40,6,190,110.0,1122.673240971871
BE40,6,191,299.0,1172.2065945747897
BE40,6,192,267.0,1387.431701986512
BE40,6,193,270.0,1478.7318268304568
BE40,6,194,179.0,2702.9755263959437
BE40,6,195,507.0,1917.1017150618832
BE40,6,196,313.0,1251.0009784101514
BE40,6,197,261.0,1353.94485365038
BE40,6,198,276.0,2199.573372724177
BE40,6,199,224.0,1382.3685331796635
BE40,6,200,120.0,883.5762712749013
BE40,6,201,205.0,839.8022875350639
BE40,6,202,348.0,1134.960179320878
BE40,6,203,169.0,1311.9143383360451
BE40,6,204,230.0,1186.5269959125824
BE40,6,205,38.0,3039.2674993450773
BE40,6,206,135.0,1419.0355305341607
BE40,6,207,376.0,1440.3436471614261
BE40,6,208,196.0,1363.4565433837452
BE40,6,209,54.0,1108.8503453489748
BE40,6,210,647.0,1899.4573634954063
BE40,6,211,341.0,779.9659095935717
BE40,6,212,139.0,1215.7930578456446
BE40,6,213,394.0,1242.005543694529
BE40,6,214,455.0,1903.1953188939488
BE40,6,215,374.0,1299.3395511322988
BE40,6,216,163.0,626.4838377370688
BE40,6,217,322.0,2154.9201636144453
BE40,6,218,298.0,973.478732125013
BE40,6,219,236.0,1118.1096046082346
BE40,6,220,182.0,2162.7689452675754
BE40,6,221,678.0,1974.6671267321283
BE40,6,222,168.0,482.23460460823435
BE40,6,223,325.0,2546.484989223619
BE40,6,224,393.0,985.389502827064
BE40,6,225,226.0,1548.720224077261
BE40,6,226,343.0,726.5556687481763
BE40,6,227,225.0,1652.531826830457
BE40,6,228,169.0,323.12143892776106
BE40,6,229,396.0,1508.8065743052036
BE40,6,230,421.0,877.1618611403009
BE40,6,231,214.0,168.03016535589785
BE40,6,232,239.0,649.4066757379418
BE40,6,233,111.0,-130.04354854491876
BE40,6,234,302.0,209.70231984002245
BE40,6,235,390.0,1680.9070405056707
BE40,6,236,253.0,2236.0582212090244
BE40,6,237,244.0,1820.6915718213493
BE40,6,238,197.0,402.71366552194
BE40,6,239,238.0,1458.5759911628566
BE40,6,240,153.0,578.2468595101952
BE40,6,241,223.0,1911.5400978817772
BE40,6,242,266.0,2595.3990782924448
BE40,6,243,127.0,1800.7867699625656
BE40,6,244,415.0,1663.6879178612464
BE40,6,245,247.0,2659.676406227667
BE40,6,246,233.0,177.33278057389958
BE40,6,247,187.0,1261.5427596884485
BE40,6,248,402.0,1673.4354752550007
BE40,6,249,320.0,476.45022960823445
BE40,6,250,267.0,1800.817469776774
BE40,6,251,251.0,3495.213190265605
BE40,6,252,218.0,2348.182999103647
BE40,6,253,131.0,315.2699099517458
BE40,6,254,311.0,818.2060676307425
BE40,6,255,331.0,1368.38755022757
BE40,6,256,309.0,1935.6047502393023
BE40,6,257,182.0,485.3953188939488
BE40,6,258,339.0,417.8175692100043
BE40,6,259,243.0,262.8379996699628
BE40,6,260,48.0,1894.8179379415678
BE40,6,261,298.0,1406.3948395075633
BE40,6,262,240.0,572.4387712749011
BE40,6,263,453.0,986.489295557462
BE40,6,264,235.0,1303.7947109912134
BE40,6,265,238.0,702.4709491460497
BE40,6,266,188.0,1688.3542854592986
BE40,6,267,394.0,756.6400614610263
BE40,6,268,76.0,84.59644671349753
BE40,6,269,251.0,2536.8984492297486
BE40,6,270,136.0,2074.7125457847046
BE40,6,271,80.0,134.20960460823434
BE40,6,272,198.0,2633.554049052678
BE40,6,273,242.0,922.060017831375
BE40,6,274,225.0,549.3984934971234
BE40,6,275,126.0,1877.395318893949
BE40,6,276,216.0,1646.9846046082346
BE40,6,277,314.0,1051.4885854999543
BE40,6,278,450.0,1102.456271274901
BE40,6,279,190.0,3391.5517098713913
BE40,6,280,304.0,2218.8990782924448
BE40,6,281,215.0,1576.8956511198624
BE40,6,282,271.0,1692.6003795159838
BE40,6,283,45.0,539.1318268304566
BE40,6,284,236.0,1790.5629944387429
BE40,6,285,328.0,1328.042531437503
BE40,6,286,191.0,693.9106517286535
BE40,6,287,438.0,1593.6027552931662
BE40,6,288,325.0,1328.1496046082348
BE40,6,289,245.0,911.1585842000713
BE40,6,290,222.0,1412.4339289325587
BE40,6,291,193.0,376.61737662895973
BE40,6,292,40.0,516.3596046082343
BE40,6,293,224.0,1005.1051403225202
BE40,6,294,209.0,668.5832888187607
BE40,6,295,354.0,1307.3977402014548
BE40,6,296,213.0,1965.2973980354648
BE40,6,297,578.0,1547.7082205251895
BE40,6,298,163.0,963.4286230131424
BE40,6,299,369.0,1533.031013822327
BE40,6,300,160.0,1118.1096046082346
BE40,6,301,296.0,1188.6467667703967
BE40,6,302,257.0,3255.0006551918923
BE40,6,303,236.0,2095.4358757946743
BE40,6,304,215.0,1312.7514650733508
BE40,6,305,138.0,3520.877720550264
BE40,6,306,270.0,2286.5021972008276
BE40,6,307,394.0,426.18067059808203
BE40,6,308,196.0,2904.5024617510912
BE40,6,309,287.0,331.63573701241546
BE40,6,310,89.0,1225.2219641587967
BE40,6,311,375.0,1055.3922712749013
BE40,6,312,137.0,688.7738381848767
BE40,6,313,127.0,2766.070234529492
BE40,6,314,88.0,546.1323318809617
BE40,6,315,523.0,1430.0904841493434
BE40,6,316,75.0,367.4829379415677
BE40,6,317,210.0,2767.8524617510916
BE40,6,318,246.0,453.8778972911614
BE40,6,319,239.0,1199.9171359889879
BE40,6,320,226.0,1777.2025249622168
BE40,6,321,172.0,920.6444883291649
BE40,6,322,145.0,2287.316501159959
BE40,6,323,391.0,1079.7029549918664
BE40,6,324,157.0,838.1096046082346
BE40,6,325,170.0,581.5978399023521
BE40,6,326,277.0,1241.0554529836859
BE40,6,327,36.0,-286.0292842806545
BE40,6,328,345.0,875.5356915647562
BE40,6,329,389.0,1589.9553629629904
BE40,6,330,276.0,2118.359604608235
BE40,6,331,292.0,497.32878269042624
BE40,6,332,233.0,2693.783424350723
BE40,6,333,448.0,26.788176036805776
BE40,6,334,393.0,1494.5905206387692
BE40,6,335,108.0,1602.470715719346
BE40,6,336,242.0,1419.4567120462511
BE40,6,337,58.0,95.86822529788954
BE40,6,338,284.0,322.39833700260067
BE40,6,339,310.0,30.512830414685972
BE40,6,340,63.0,1690.109604608235
BE40,6,341,310.0,1839.038636866299
BE40,6,342,402.0,1878.1643309763938
BE40,6,343,195.0,1481.4531943518245
BE40,6,344,271.0,1340.3974274864634
BE40,6,345,102.0,2973.540977157253
BE40,6,346,273.0,1633.3403738390039
BE40,6,347,239.0,1371.4234121396155
BE40,6,348,353.0,1693.347564948178
BE40,6,349,251.0,1012.5996444488719
BE40,6,350,310.0,784.1805723501699
BE40,6,351,206.0,2220.0610609189134
BE40,6,352,89.0,540.9298293273354
BE40,6,353,253.0,30.145177730764
BE40,6,354,106.0,1209.2888498912534
BE40,6,355,293.0,1872.5259868607943
BE40,6,356,196.0,1955.82389032252
BE40,6,357,273.0,1580.5161980148282
BE40,6,358,137.0,711.3942761410811
BE40,6,359,411.0,903.5597262627356
BE40,6,360,100.0,2753.9696046082345
BE40,6,361,141.0,787.5847819131991
BE40,6,362,348.0,68.89408736685503
BE40,6,363,255.0,523.0664673533324
BE40,6,364,121.0,1810.2005136991436
BE40,6,365,228.0,1029.8376747836733
BE40,6,366,294.0,1226.4973597102753
BE40,6,367,300.0,928.0262712749012
BE40,6,368,241.0,1238.0930070978613
BE40,6,369,374.0,881.6336687793575
BE40,6,370,303.0,337.92478612638615
BE40,6,371,384.0,1123.2580421082346
BE40,6,372,201.0,1366.0200523694286
BE40,6,373,281.0,1170.472593932078
BE40,6,374,249.0,1948.1015724797205
BE40,6,375,194.0,1106.578676773183
BE40,6,376,258.0,1369.225883678002
BE40,6,377,294.0,1457.5517814789828
BE40,6,378,495.0,1065.2692005678305
BE40,6,379,224.0,2041.48014032252
BE40,6,380,187.0,1199.7673586189298
BE40,6,381,276.0,1129.711053883597
BE40,6,382,340.0,1256.250781078823
BE40,6,383,219.0,532.3927096310656
BE40,6,384,318.0,-83.03819413390401
BE40,6,385,359.0,2498.443866446674
BE40,6,386,150.0,876.2162712749013
BE40,6,387,221.0,168.14580370325692
BE40,6,388,371.0,1602.9856153899057
BE40,6,389,306.0,949.9069902291495
BE40,6,390,154.0,1804.3044098030398
BE40,6,391,65.0,183.27883537746513
BE40,6,392,120.0,442.6679379415678
BE40,6,393,262.0,1538.5065511731202
BE40,6,394,166.0,1108.6638214757045
BE40,6,395,175.0,1571.1267474653775
BE40,6,396,519.0,10.527716361606224
BE40,6,397,315.0,1285.90643000506
BE40,6,398,245.0,507.1259311388468
BE40,6,399,297.0,685.9547224533522
BE40,6,400,236.0,573.4612995234887
BE40,6,401,306.0,1420.7860751964693
BE40,6,402,339.0,1274.5343833692966
BE40,6,403,69.0,529.6893147531616
BE40,6,404,351.0,355.65661315524295
BE40,6,405,285.0,256.8990782924448
BE40,6,406,186.0,2010.3784218125359
BE40,6,407,97.0,1305.8931097628738
BE40,6,408,73.0,1044.9315224164536
BE40,6,409,196.0,-10.83427294278606
BE40,6,410,124.0,407.14186267275045
BE40,6,411,260.0,710.2672969159267
BE40,6,412,55.0,-14.854031755402007
BE40,6,413,263.0,790.2122662051926
BE40,6,414,230.0,2821.592213303886
BE40,6,415,174.0,2460.919949435821
BE40,6,416,267.0,803.7949978666614
BE40,6,417,179.0,576.9364202506924
BE40,6,418,256.0,224.59007335823435
BE40,6,419,476.0,77.27977267546126
BE40,6,420,219.0,178.35161374065441
BE40,6,421,322.0,1269.1592940492285
BE40,6,422,152.0,1971.1556572398135
BE40,6,423,102.0,262.88411441215595
BE40,6,424,167.0,489.1694848477552
BE40,6,425,106.0,250.34545366483817
BE40,6,426,94.0,-149.08188475346776
BE40,6,427,399.0,605.2499554854274
BE40,6,428,198.0,356.7762712749012
BE40,6,429,150.0,2184.8762712749012
BE40,6,430,119.0,-79.68871471949672
BE40,6,431,247.0,291.12984752321427
BE40,6,432,101.0,142.49574322209577
BE40,6,433,337.0,335.9879428871662
BE40,6,434,124.0,854.2386368662992
BE40,6,435,236.0,921.3807910489124
BE40,6,436,178.0,469.396121462167
BE40,6,437,366.0,-52.062526539306624
BE40,6,438,301.0,277.10628234909814
BE40,6,439,200.0,894.6146046082343
BE40,6,440,206.0,330.68727451114717
BE40,6,441,192.0,452.9950212749011
BE40,6,442,260.0,287.5826815313112
BE40,6,443,237.0,180.0083387854495
BE40,6,444,206.0,873.7892162587199
BE40,6,445,311.0,1104.7205370841189
BE40,6,446,191.0,560.4708611527371
BE40,6,447,179.0,266.8526213680109
BE40,6,448,218.0,405.51786148896844
BE40,6,449,345.0,852.9269959125824
BE40,6,450,286.0,1176.3263878250177
BE40,6,451,197.0,36.64767567422421
BE40,6,452,387.0,658.0036614557797
BE40,6,453,340.0,62.43313401999907
BE40,6,454,229.0,1445.009167927012
BE40,6,455,241.0,826.9104344837533
BE40,6,456,203.0,1970.7844814555244
BE40,6,457,356.0,650.6770203385717
BE40,6,458,183.0,1531.4046865754476
BE40,6,459,87.0,802.178570125476
BE40,6,460,56.0,1158.8774617510915
BE40,6,461,159.0,420.34859831892607
BE40,6,462,123.0,-255.12616774948924
BE40,6,463,50.0,670.4296046082342
BE40,7,1,111.0,1061.8757796627729
BE40,7,2,59.0,3351.859135900367
BE40,7,3,147.0,1603.0577984162205
BE40,7,4,55.0,1821.16144714844
BE40,7,5,45.0,1562.719022906016
BE40,7,6,249.0,4036.187295998387
BE40,7,7,110.0,381.9887198757134
BE40,7,8,269.0,1207.8575607003168
BE40,7,9,170.0,1790.1758856511144
BE40,7,10,339.0,1155.0187279207655
BE40,7,11,160.0,518.4836062393497
BE40,7,12,207.0,1207.1431774953883
BE40,7,13,269.0,2277.2702001055213
BE40,7,14,52.0,1627.6254331624261
BE40,7,15,246.0,371.7775594913821
BE40,7,16,235.0,2887.669377515946
BE40,7,17,171.0,1097.8909527305775
BE40,7,18,269.0,809.872430588792
BE40,7,19,270.0,1823.8634673504612
BE40,7,20,145.0,1116.4523562393497
BE40,7,21,313.0,2368.4491613511714
BE40,7,22,137.0,2837.7881226627082
BE40,7,23,99.0,1592.8260936130869
BE40,7,24,306.0,1225.1026830367352
BE40,7,25,202.0,2386.516712674994
BE40,7,26,213.0,486.161276427143
BE40,7,27,90.0,1402.1968006837938
BE40,7,28,245.0,1419.6401113413906
BE40,7,29,174.0,1427.3948849749816
BE40,7,30,142.0,1844.0650322956876
BE40,7,31,179.0,2717.279171881809
BE40,7,32,215.0,1843.8523562393511
BE40,7,33,181.0,785.2479363498471
BE40,7,34,187.0,1653.120805437211
BE40,7,35,45.0,-90.05875487176142
BE40,7,36,329.0,942.1696814673131
BE40,7,37,30.0,2897.719022906015
BE40,7,38,189.0,2556.7063244933192
BE40,7,39,126.0,1657.4602927472868
BE40,7,40,143.0,813.6551534421469
BE40,7,41,369.0,1119.0702424182114
BE40,7,42,170.0,1749.8170621217023
BE40,7,43,155.0,1558.2459046264464
BE40,7,44,154.0,3110.893914680909
BE40,7,45,90.0,1210.1523562393495
BE40,7,46,289.0,1618.1547783846786
BE40,7,47,101.0,307.83849485321116
BE40,7,48,86.0,-46.1755507373945
BE40,7,49,77.0,2290.5172913042848
BE40,7,50,121.0,1143.4936785533991
BE40,7,51,243.0,279.830957062395
BE40,7,52,188.0,2212.6651221967973
BE40,7,53,255.0,2531.942552317782
BE40,7,54,282.0,1084.0516470194916
BE40,7,55,189.0,2042.8068535938478
BE40,7,56,318.0,563.4177650443812
BE40,7,57,194.0,1146.699778919762
BE40,7,58,227.0,1553.258523640231
BE40,7,59,330.0,-112.12340133640788
BE40,7,60,244.0,38.7802250918087
BE40,7,61,64.0,187.04610623934968
BE40,7,62,322.0,1740.79086555612
BE40,7,63,224.0,211.0416419536354
BE40,7,64,126.0,1187.6348959218892
BE40,7,65,306.0,2330.0503954550363
BE40,7,66,292.0,1523.1304384311306
BE40,7,67,249.0,2275.3519546329244
BE40,7,68,65.0,2269.606202393196
BE40,7,69,267.0,904.0703337674395
BE40,7,70,133.0,630.6929577431091
BE40,7,71,163.0,2498.7713746442582
BE40,7,72,208.0,1437.1158177778113
BE40,7,73,417.0,2408.0734593568563
BE40,7,74,366.0,621.700990119131
BE40,7,75,165.0,1577.8887198757134
BE40,7,76,253.0,1427.831802879666
BE40,7,77,169.0,1001.4937763576928
BE40,7,78,239.0,520.8875026828644
BE40,7,79,419.0,951.1086808216886
BE40,7,80,80.0,504.4898562393497
BE40,7,81,121.0,835.6920256608372
BE40,7,82,319.0,974.9382496562775
BE40,7,83,309.0,1671.775980834819
BE40,7,84,403.0,1166.7426788199953
BE40,7,85,208.0,906.3706254701191
BE40,7,86,442.0,1803.6876503569974
BE40,7,87,251.0,1750.866698868832
BE40,7,88,218.0,622.5716222943954
BE40,7,89,220.0,1753.0114471484414
BE40,7,90,273.0,339.39741118440463
BE40,7,91,189.0,1701.4523562393497
BE40,7,92,263.0,622.296462703228
BE40,7,93,344.0,1185.9203794951636
BE40,7,94,359.0,578.0595985791826
BE40,7,95,357.0,979.9089388724027
BE40,7,96,301.0,1359.7413927842003
BE40,7,97,222.0,588.5424463294396
BE40,7,98,302.0,1495.9093098817339
BE40,7,99,425.0,1727.266473886409
BE40,7,100,156.0,1241.3241511111444
BE40,7,101,190.0,1477.5102509761916
BE40,7,102,198.0,985.3260936130869
BE40,7,103,193.0,1675.9238588300236
BE40,7,104,425.0,761.3041209452322
BE40,7,105,293.0,1300.8994552154588
BE40,7,106,289.0,291.9056434365815
BE40,7,107,232.0,691.9437355496945
BE40,7,108,83.0,-72.1741497847467
BE40,7,109,297.0,830.4691912561847
BE40,7,110,211.0,886.3860055284491
BE40,7,111,184.0,1448.0175736306542
BE40,7,112,348.0,1944.2138504922234
BE40,7,113,278.0,946.8156655918676
BE40,7,114,314.0,1174.4746492329803
BE40,7,115,290.0,2703.1730458945226
BE40,7,116,189.0,-48.26192947493603
BE40,7,117,441.0,-32.277802490809044
BE40,7,118,209.0,1265.0360882967661
BE40,7,119,355.0,687.5650322956876
BE40,7,120,152.0,390.0773562393497
BE40,7,121,546.0,1124.7783635653573
BE40,7,122,410.0,1362.0621123369108
BE40,7,123,218.0,2270.044099358616
BE40,7,124,407.0,1156.9584987454923
BE40,7,125,437.0,957.2509832416381
BE40,7,126,364.0,933.045762832756
BE40,7,127,290.0,993.9351148600393
BE40,7,128,292.0,956.6886576092128
BE40,7,129,323.0,65.5916751247986
BE40,7,130,341.0,1276.0916524270328
BE40,7,131,266.0,1102.786942705515
BE40,7,132,267.0,1546.2800715951553
BE40,7,133,319.0,815.4272778694436
BE40,7,134,323.0,1324.5916751247987
BE40,7,135,272.0,358.0405915334673
BE40,7,136,205.0,1356.145039166179
BE40,7,137,346.0,1272.6084256035117
BE40,7,138,372.0,2498.3152594651565
BE40,7,139,461.0,1551.4328334627778
BE40,7,140,153.0,606.7007222524215
BE40,7,141,205.0,939.5547952637398
BE40,7,142,280.0,1830.1487848107784
BE40,7,143,127.0,1905.6413326173029
BE40,7,144,189.0,1104.3042080912014
BE40,7,145,225.0,3615.89235623935
BE40,7,146,187.0,874.9122492874781
BE40,7,147,162.0,516.1375414245349
BE40,7,148,534.0,691.4467382618217
BE40,7,149,25.0,29.132356239349683
BE40,7,150,232.0,1520.482528653143
BE40,7,151,298.0,2029.5932958366652
BE40,7,152,314.0,1188.3185982775663
BE40,7,153,246.0,390.71658388162615
BE40,7,154,214.0,1688.9196459589766
BE40,7,155,176.0,2427.168265330259
BE40,7,156,279.0,835.0114960242958
BE40,7,157,35.0,-118.97621518922175
BE40,7,158,341.0,1908.8482506675025
BE40,7,159,276.0,1628.3146750799294
BE40,7,160,294.0,640.7754854910504
BE40,7,161,283.0,2665.9965258506572
BE40,7,162,244.0,493.7679300098414
BE40,7,163,337.0,1754.1823265657595
BE40,7,164,351.0,1837.5121852991788
BE40,7,165,116.0,581.124770032453
BE40,7,166,292.0,1820.2776987051031
BE40,7,167,292.0,820.818794595514
BE40,7,168,266.0,1542.9448374423573
BE40,7,169,261.0,2093.2148083466295
BE40,7,170,608.0,1183.2204483446128
BE40,7,171,354.0,1432.6331471998014
BE40,7,172,278.0,896.1681835774791
BE40,7,173,365.0,1595.2852329516784
BE40,7,174,406.0,2134.6124547615177
BE40,7,175,247.0,1037.828874457973
BE40,7,176,210.0,1100.2952133822068
BE40,7,177,265.0,1426.761790201614
BE40,7,178,161.0,2826.3778220778595
BE40,7,179,471.0,786.1275154750185
BE40,7,180,250.0,1605.1843562393499
BE40,7,181,172.0,940.254681820745
BE40,7,182,396.0,1636.4069016938952
BE40,7,183,302.0,1521.300038358555
BE40,7,184,195.0,869.9241511111446
BE40,7,185,215.0,2946.791891123072
BE40,7,186,251.0,1086.1734717771983
BE40,7,187,354.0,1419.3563110416096
BE40,7,188,340.0,2043.3258856511145
BE40,7,189,218.0,2271.8330901843046
BE40,7,190,318.0,699.7762556104188
BE40,7,191,239.0,1741.8331093774254
BE40,7,192,314.0,998.7517192966744
BE40,7,193,292.0,1138.4900274722265
BE40,7,194,89.0,1148.4973000595744
BE40,7,195,281.0,1510.4737085525169
BE40,7,196,175.0,2351.2237848107784
BE40,7,197,520.0,1808.2869716239654
BE40,7,198,318.0,1064.3737398871488
BE40,7,199,273.0,1318.2435650305586
BE40,7,200,280.0,2123.6952133822074
BE40,7,201,385.0,1097.9484601354536
BE40,7,202,132.0,556.8084168454103
BE40,7,203,204.0,684.8788268275849
BE40,7,204,336.0,1043.8273562393497
BE40,7,205,188.0,976.2129945372221
BE40,7,206,40.0,3035.1023562393502
BE40,7,207,228.0,1186.0400755375954
BE40,7,208,384.0,1205.6450645726834
BE40,7,209,317.0,1927.8466780059111
BE40,7,210,77.0,992.088719875713
BE40,7,211,653.0,1834.6100897768692
BE40,7,212,435.0,658.1121263542922
BE40,7,213,153.0,1019.9294804223563
BE40,7,214,414.0,1090.4064625195429
BE40,7,215,384.0,1161.9523562393497
BE40,7,216,479.0,1792.4335670953
BE40,7,217,333.0,1896.5244283114225
BE40,7,218,165.0,476.4220532090467
BE40,7,219,239.0,987.8540298795169
BE40,7,220,198.0,1112.3614471484404
BE40,7,221,184.0,1895.686051891524
BE40,7,222,679.0,1747.2785712614411
BE40,7,223,171.0,461.3529410346713
BE40,7,224,327.0,2328.1098485940906
BE40,7,225,358.0,958.9663227197965
BE40,7,226,247.0,1245.2458785065564
BE40,7,227,375.0,550.209689572683
BE40,7,228,223.0,1615.8828495128928
BE40,7,229,177.0,406.9495313805926
BE40,7,230,422.0,853.6751050545155
BE40,7,231,386.0,1371.612978001008
BE40,7,232,220.0,181.98871987571334
BE40,7,233,250.0,457.7963562393497
BE40,7,234,328.0,125.68406355642286
BE40,7,235,103.0,-131.64473113929108
BE40,7,236,268.0,1910.8739980303951
BE40,7,237,391.0,1520.5188524030325
BE40,7,238,300.0,1537.6223562393498
BE40,7,239,204.0,-42.13097709398365
BE40,7,240,247.0,1331.7762428790259
BE40,7,241,175.0,392.83521338220686
BE40,7,242,209.0,1741.4906337513116
BE40,7,243,246.0,2332.6312180279688
BE40,7,244,139.0,1327.4019965271195
BE40,7,245,434.0,1358.8394530135436
BE40,7,246,214.0,2262.7747861458924
BE40,7,247,238.0,124.08681002086233
BE40,7,248,196.0,790.3197031781251
BE40,7,249,279.0,1547.3950085690988
BE40,7,250,425.0,1515.8758856511147
BE40,7,251,330.0,349.5584168454103
BE40,7,252,253.0,3289.9859530772947
BE40,7,253,218.0,1849.461530551277
BE40,7,254,146.0,322.52769870510315
BE40,7,255,260.0,868.3254331624266
BE40,7,256,356.0,1224.146176464069
BE40,7,257,164.0,490.7511367271544
BE40,7,258,348.0,285.39488497498184
BE40,7,259,319.0,1895.6279048286915
BE40,7,260,247.0,168.58595947821613
BE40,7,261,67.0,2037.2284756423348
BE40,7,262,258.0,511.9252244564039
BE40,7,263,314.0,1312.79312057056
BE40,7,264,186.0,1183.9362272070919
BE40,7,265,250.0,1026.0683562393497
BE40,7,266,225.0,679.8790229060163
BE40,7,267,385.0,700.8887198757133
BE40,7,268,188.0,1686.2555477287112
BE40,7,269,77.0,-32.26192947493603
BE40,7,270,248.0,2234.9563884974145
BE40,7,271,158.0,1950.8004575051725
BE40,7,272,222.0,2363.91181569881
BE40,7,273,69.0,72.10453015239317
BE40,7,274,400.0,1391.91985623935
BE40,7,275,156.0,1158.8305613675545
BE40,7,276,204.0,479.4964738864084
BE40,7,277,284.0,1296.0016520139977
BE40,7,278,441.0,1023.2119934275586
BE40,7,279,189.0,2978.129604916599
BE40,7,280,277.0,2185.647302087726
BE40,7,281,230.0,1619.3480084132627
BE40,7,282,256.0,1566.6398562393501
BE40,7,283,120.0,467.11902290601637
BE40,7,284,83.0,1579.0186212995907
BE40,7,285,247.0,1450.270170004532
BE40,7,286,305.0,887.3277660754154
BE40,7,287,207.0,796.4523562393495
BE40,7,288,439.0,1599.3521284489173
BE40,7,289,265.0,472.17311095633085
BE40,7,290,318.0,1272.2039285663936
BE40,7,291,233.0,1380.7012832779767
BE40,7,292,96.0,-320.91222709398363
BE40,7,293,54.0,356.1930969800905
BE40,7,294,266.0,860.5463412017559
BE40,7,295,213.0,610.574421967049
BE40,7,296,378.0,1046.3835731705665
BE40,7,297,218.0,1629.5945580742125
BE40,7,298,164.0,972.00723428813
BE40,7,299,574.0,1466.9436454379559
BE40,7,300,190.0,253.79446150250763
BE40,7,301,379.0,1351.6133061074238
BE40,7,302,249.0,893.5447257172614
BE40,7,303,259.0,2873.2824720694666
BE40,7,304,242.0,1505.7457446691021
BE40,7,305,216.0,1300.8875414245351
BE40,7,306,303.0,1952.4028512888547
BE40,7,307,137.0,2641.518049670007
BE40,7,308,357.0,304.0966139424309
BE40,7,309,280.0,329.8023562393497
BE40,7,310,195.0,2756.467740854735
BE40,7,311,82.0,1039.1108928247154
BE40,7,312,407.0,721.9707837577771
BE40,7,313,163.0,2563.6609451964055
BE40,7,314,133.0,468.8132584949889
BE40,7,315,86.0,400.49886786725676
BE40,7,316,88.0,330.66826533025875
BE40,7,317,381.0,1403.1295215936805
BE40,7,318,240.0,2952.2898562393502
BE40,7,319,273.0,338.59155037854384
BE40,7,320,230.0,1020.4480084132628
BE40,7,321,241.0,1436.9170865298063
BE40,7,322,100.0,1119.5923562393496
BE40,7,323,293.0,1434.2578169902029
BE40,7,324,409.0,1025.498811007076
BE40,7,325,160.0,474.9586062393497
BE40,7,326,284.0,1181.054468915406
BE40,7,327,352.0,715.6000835120768
BE40,7,328,58.0,-306.8235058296158
BE40,7,329,400.0,1341.68485623935
BE40,7,330,214.0,1860.4149730617798
BE40,7,331,308.0,340.40690169389507
BE40,7,332,258.0,2016.3942167044663
BE40,7,333,73.0,-168.20517800722567
BE40,7,334,97.0,1583.8647273733702
BE40,7,335,403.0,1395.7327532616823
BE40,7,336,236.0,1227.1006613240959
BE40,7,337,69.0,91.75670406543664
BE40,7,338,314.0,259.69120974253434
BE40,7,339,292.0,-49.18120540448594
BE40,7,340,46.0,1111.2784431958717
BE40,7,341,296.0,1616.2293832663768
BE40,7,342,189.0,-0.9709241839307401
BE40,7,343,406.0,1640.7503857960003
BE40,7,344,183.0,1182.375853507109
BE40,7,345,273.0,1217.1336749206685
BE40,7,346,93.0,2065.0867648414996
BE40,7,347,307.0,1155.2927471188289
BE40,7,348,225.0,1131.314578461572
BE40,7,349,288.0,1756.6468006837943
BE40,7,350,260.0,746.3215870085805
BE40,7,351,326.0,653.427816362049
BE40,7,352,217.0,2159.761111999719
BE40,7,353,99.0,628.2099319969255
BE40,7,354,247.0,-50.41404052178392
BE40,7,355,241.0,1288.4689537497234
BE40,7,356,303.0,1712.0728182855544
BE40,7,357,90.0,1047.5745784615717
BE40,7,358,141.0,522.8140583670092
BE40,7,359,265.0,1228.4636769940669
BE40,7,360,398.0,805.7990899076914
BE40,7,361,96.0,2754.744022906017
BE40,7,362,172.0,1381.9232864719079
BE40,7,363,349.0,-15.49893315893112
BE40,7,364,232.0,449.7885631359014
BE40,7,365,135.0,1930.6375414245347
BE40,7,366,234.0,941.2643220513155
BE40,7,367,290.0,1210.9971838255565
BE40,7,368,279.0,703.7355103612133
BE40,7,369,247.0,1169.8005343770017
BE40,7,370,352.0,738.1142880575314
BE40,7,371,311.0,232.03434980848152
BE40,7,372,398.0,1276.067934128797
BE40,7,373,198.0,1122.4422552292485
BE40,7,374,237.0,1056.5831579271135
BE40,7,375,242.0,1921.0143397104248
BE40,7,376,256.0,1235.63985623935
BE40,7,377,160.0,1011.7898562393499
BE40,7,378,286.0,1248.6201884071818
BE40,7,379,342.0,513.3997246604023
BE40,7,380,220.0,1532.3569016938961
BE40,7,381,189.0,1277.0925678795613
BE40,7,382,207.0,964.713225804567
BE40,7,383,314.0,1126.697579169286
BE40,7,384,245.0,413.54623379036997
BE40,7,385,161.0,2157.564157481586
BE40,7,386,302.0,-140.04764376065032
BE40,7,387,158.0,434.8447613026409
BE40,7,388,360.0,2268.1551340171277
BE40,7,389,410.0,1320.2499172149596
BE40,7,390,237.0,128.05995117605858
BE40,7,391,237.0,579.2287275473664
BE40,7,392,137.0,1215.174983976576
BE40,7,393,130.0,375.1292793162728
BE40,7,394,107.0,174.20936558514413
BE40,7,395,349.0,1355.584161396943
BE40,7,396,167.0,936.9074460597087
BE40,7,397,198.0,1481.0887198757132
BE40,7,398,511.0,27.460184027999386
BE40,7,399,338.0,1122.052947955326
BE40,7,400,209.0,626.0647964307373
BE40,7,401,376.0,595.3167179414773
BE40,7,402,282.0,539.3707959556616
BE40,7,403,291.0,945.8269266860849
BE40,7,404,343.0,1017.023784810778
BE40,7,405,79.0,-62.96536527963766
BE40,7,406,297.0,129.8462956332891
BE40,7,407,315.0,231.8904514774449
BE40,7,408,96.0,800.2961062393497
BE40,7,409,195.0,1972.1138947008885
BE40,7,410,135.0,273.2819858689794
BE40,7,411,67.0,-121.2192855516951
BE40,7,412,259.0,672.1975299845235
BE40,7,413,233.0,1914.1175922908521
BE40,7,414,271.0,662.9357510732981
BE40,7,415,137.0,30.350166458327784
BE40,7,416,235.0,2592.503420069138
BE40,7,417,205.0,395.29625867837416
BE40,7,418,286.0,710.267041554035
BE40,7,419,281.0,257.4060928941539
BE40,7,420,473.0,9.484068712922621
BE40,7,421,217.0,96.96387697667689
BE40,7,422,190.0,1014.4365667656652
BE40,7,423,107.0,173.2280571739291
BE40,7,424,151.0,1542.4722237890185
BE40,7,425,171.0,509.27106968964205
BE40,7,426,119.0,166.14983523094642
BE40,7,427,92.0,-152.97155680412857
BE40,7,428,205.0,168.99381965398388
BE40,7,429,406.0,573.3587601802365
BE40,7,430,147.0,1735.7176623617988
BE40,7,431,128.0,-43.11795626065032
BE40,7,432,177.0,254.0173279907621
BE40,7,433,352.0,314.8074698757133
BE40,7,434,93.0,153.30181860494108
BE40,7,435,135.0,589.2968006837942
BE40,7,436,261.0,702.0270688830277
BE40,7,437,182.0,402.21059799759126
BE40,7,438,352.0,-45.8857119424685
BE40,7,439,311.0,220.87679353838513
BE40,7,440,233.0,563.7742446513668
BE40,7,441,189.0,387.6269594139529
BE40,7,442,220.0,320.4841744211678
BE40,7,443,265.0,326.75801661670823
BE40,7,444,277.0,254.5931504631764
BE40,7,445,225.0,802.6390229060164
BE40,7,446,332.0,1016.4101875646509
BE40,7,447,217.0,189.79797835916537
BE40,7,448,185.0,545.4253292123226
BE40,7,449,285.0,771.0277948358408
BE40,7,450,374.0,766.8400567741089
BE40,7,451,301.0,1086.724781488519
BE40,7,452,203.0,46.91048431816744
BE40,7,453,389.0,581.0410451853651
BE40,7,454,247.0,1306.266121421536
BE40,7,455,287.0,741.6196036261094
BE40,7,456,215.0,1719.8570074021416
BE40,7,457,362.0,19.571140769736434
BE40,7,458,254.0,434.0507814362001
BE40,7,459,274.0,1249.7589255824155
BE40,7,460,133.0,426.45235623934974
BE40,7,461,113.0,-220.19366145976534
BE40,7,462,56.0,577.8987848107782
BE40,8,1,1459.0,1044.9139139802942
BE40,8,2,444.0,778.2300088620163
BE40,8,3,1868.0,1019.0525535694649
BE40,8,4,191.0,248.37706560462277
BE40,8,5,2093.0,872.1230726137758
BE40,8,6,656.0,890.3630428105993
BE40,8,7,622.0,675.2327246002627
BE40,8,8,1087.0,1009.8048677595524
BE40,8,9,1635.0,1245.1768350459988
BE40,8,10,900.0,483.15520405721156
BE40,8,11,1903.0,1303.2151993862244
BE40,8,12,1287.0,884.693463575471
BE40,8,13,1412.0,1015.8410838179922
BE40,8,14,1038.0,579.4664693109047
BE40,8,15,1520.0,699.2983765718315
BE40,8,16,1500.0,788.6076485016561
BE40,8,17,2001.0,1026.6291437540299
BE40,8,18,2154.0,829.0161201822502
BE40,8,19,1491.0,565.8228678175514
BE40,8,20,1689.0,953.2957882293056
BE40,8,21,1069.0,667.8884355300314
BE40,8,22,1514.0,838.4860069340644
BE40,8,23,1692.0,637.2390338444455
BE40,8,24,322.0,-155.89173866190515
BE40,8,25,1262.0,1173.8602718508373
BE40,8,26,1019.0,910.2856609321435
BE40,8,27,2294.0,255.85097660395178
BE40,8,28,2206.0,435.81064275973995
BE40,8,29,3126.0,1012.6945045477213
BE40,8,30,1150.0,999.4651557480328
BE40,8,31,2284.0,873.2791639715919
BE40,8,32,1363.0,910.7218739846592
BE40,8,33,459.0,1149.9595177827018
BE40,8,34,1057.0,703.086378239909
BE40,8,35,1620.0,686.1498954152363
BE40,8,36,1317.0,1530.4791777347618
BE40,8,37,3285.0,1300.727715472737
BE40,8,38,841.0,239.8198070430749
BE40,8,39,2434.0,718.2335898875775
BE40,8,40,1310.0,1443.0232108426228
BE40,8,41,5006.0,1126.5246957782574
BE40,8,42,921.0,628.8867494788547
BE40,8,43,1374.0,506.8838406413939
BE40,8,44,2351.0,907.2175501038112
BE40,8,45,875.0,91.84098183498928
BE40,8,46,1586.0,692.6522252145605
BE40,8,47,3168.0,1134.6007091077167
BE40,8,48,1356.0,762.3689110385293
BE40,8,49,3168.0,819.4390929461003
BE40,8,50,2144.0,1464.5854445215566
BE40,8,51,1797.0,1317.762108156637
BE40,8,52,966.0,251.42503152443024
BE40,8,53,2266.0,1228.982549354848
BE40,8,54,1685.0,1158.5452667014583
BE40,8,55,1703.0,300.9336042659934
BE40,8,56,3067.0,617.494227351781
BE40,8,57,2569.0,1041.8288090050944
BE40,8,58,2323.0,688.2246133459665
BE40,8,59,1245.0,533.9256725980416
BE40,8,60,2595.0,662.1549086172629
BE40,8,61,1986.0,859.3074632045765
BE40,8,62,2795.0,831.0474362178157
BE40,8,63,2425.0,999.5146313195253
BE40,8,64,1943.0,924.9730538885149
BE40,8,65,2836.0,665.1835883230004
BE40,8,66,2376.0,278.21476634677373
BE40,8,67,2750.0,1304.4253454713532
BE40,8,68,2441.0,646.7956692581765
BE40,8,69,5233.0,673.7112466926235
BE40,8,70,3791.0,654.360789801225
BE40,8,71,3113.0,728.0753718125029
BE40,8,72,1381.0,650.5351686561334
BE40,8,73,1653.0,199.77391347443267
BE40,8,74,3536.0,1146.912540658519
BE40,8,75,2054.0,777.1165650871803
BE40,8,76,3247.0,942.3200899347738
BE40,8,77,1564.0,836.743902551102
BE40,8,78,1663.0,786.6625428692649
BE40,8,79,2201.0,1003.4745629344894
BE40,8,80,1885.0,736.6272523920185
BE40,8,81,2635.0,949.9252778501697
BE40,8,82,2249.0,885.2451116704717
BE40,8,83,2042.0,562.5930406009052
BE40,8,84,3039.0,552.5146797619389
BE40,8,85,1445.0,1007.9329126308372
BE40,8,86,2906.0,845.8225620139295
BE40,8,87,831.0,1089.9963031346285
BE40,8,88,1124.0,698.0321633296512
BE40,8,89,2113.0,451.46741628837316
BE40,8,90,2183.0,57.244782109840386
BE40,8,91,926.0,977.0134569969763
BE40,8,92,1241.0,686.7354153563431
BE40,8,93,2790.0,1219.4006520858857
BE40,8,94,1857.0,1047.4306339620762
BE40,8,95,1284.0,265.4872497477619
BE40,8,96,1774.0,1563.5978521844825
BE40,8,97,2210.0,491.99596826032865
BE40,8,98,2226.0,559.7993430209731
BE40,8,99,1392.0,811.005424363725
BE40,8,100,1792.0,661.4981827278464
BE40,8,101,1858.0,1138.0046502957
BE40,8,102,1668.0,830.012334352975
BE40,8,103,2031.0,856.1735628295733
BE40,8,104,1609.0,798.5527332333735
BE40,8,105,1737.0,1172.5718649668258
BE40,8,106,2223.0,835.193647601971
BE40,8,107,1704.0,950.20708981621
BE40,8,108,1118.0,942.9816043752396
BE40,8,109,2319.0,843.3613475098492
BE40,8,110,1333.0,594.1352774088828
BE40,8,111,2079.0,924.4301343121418
BE40,8,112,2010.0,742.6788524817556
BE40,8,113,1986.0,721.7691953294507
BE40,8,114,2133.0,155.29381634038074
BE40,8,115,1826.0,564.0975601482422
BE40,8,116,2989.0,485.0801146553305
BE40,8,117,1030.0,760.4325934854747
BE40,8,118,1222.0,1347.771312440554
BE40,8,119,1258.0,838.6572743628114
BE40,8,120,905.0,951.1441420559838
BE40,8,121,1451.0,1361.247261642019
BE40,8,122,1579.0,1214.0099799350528
BE40,8,123,819.0,2041.4633603453683
BE40,8,124,1365.0,1028.742725424733
BE40,8,125,2456.0,405.7217114766831
BE40,8,126,1508.0,603.7712842222571
BE40,8,127,2466.0,1401.6865584773252
BE40,8,128,1144.0,724.8926671496745
BE40,8,129,3347.0,1546.3868031675263
BE40,8,130,3857.0,314.6239696493527
BE40,8,131,1964.0,1353.808888148635
BE40,8,132,1779.0,748.6387603622518
BE40,8,133,1287.0,1076.1208140028216
BE40,8,134,2218.0,1878.6932884174962
BE40,8,135,1347.0,1030.4013856954202
BE40,8,136,1384.0,1268.6430107367235
BE40,8,137,3013.0,671.5440870457427
BE40,8,138,1192.0,417.3053308282779
BE40,8,139,869.0,35.34998989022517
BE40,8,140,1377.0,902.422843853871
BE40,8,141,1247.0,715.70679097693
BE40,8,142,1526.0,1293.2983291482267
BE40,8,143,2222.0,861.118148351641
BE40,8,144,2882.0,843.1417396420677
BE40,8,145,2456.0,888.7669069164226
BE40,8,146,1176.0,38.65791380777838
BE40,8,147,1755.0,592.7313294133369
BE40,8,148,972.0,545.7688254563884
BE40,8,149,1805.0,898.7169707546569
BE40,8,150,1881.0,107.73713919809398
BE40,8,151,2476.0,486.83222254581324
BE40,8,152,724.0,99.90187686261358
BE40,8,153,1450.0,583.1853956280928
BE40,8,154,1339.0,901.0284112599333
BE40,8,155,1041.0,325.3593218926262
BE40,8,156,1044.0,304.6972347085525
BE40,8,157,1642.0,525.4608990091671
BE40,8,158,1481.0,967.0414355824572
BE40,8,159,2997.0,76.28798350332427
BE40,8,160,2948.0,349.70908766945325
BE40,8,161,2789.0,563.8683636922858
BE40,8,162,2180.0,366.91078000012686
BE40,8,163,1961.0,761.3900037625774
BE40,8,164,1029.0,127.06182537240424
BE40,8,165,346.0,-235.44586209564656
BE40,8,166,1217.0,504.97105907410173
BE40,8,167,1976.0,1117.7009575434918
BE40,8,168,2106.0,935.0389267542677
BE40,8,169,1436.0,563.7851545369391
BE40,8,170,2063.0,43.288415669211275
BE40,8,171,1174.0,1165.049233964461
BE40,8,172,1962.0,750.2766311724001
BE40,8,173,1089.0,289.53424905262017
BE40,8,174,1139.0,610.280462080819
BE40,8,175,2792.0,343.1048442991726
BE40,8,176,1689.0,677.8316082411469
BE40,8,177,2063.0,269.31216748695243
BE40,8,178,1654.0,968.5219056560293
BE40,8,179,1575.0,929.3402834222909
BE40,8,180,806.0,-255.02344496401818
BE40,8,181,1557.0,246.50211478296615
BE40,8,182,1539.0,-21.115244285868442
BE40,8,183,1704.0,58.533380896022116
BE40,9,1,706.0,620.1882635428609
BE40,9,2,1853.0,969.0039303506866
BE40,9,3,612.0,507.6358185799844
BE40,9,4,1036.0,341.56240903598655
BE40,9,5,1065.0,526.1757430943911
BE40,9,6,489.0,465.3943092973347
BE40,9,7,1489.0,340.4725998561841
BE40,9,8,702.0,386.08269305627067
BE40,9,9,968.0,376.91113187334577
BE40,9,10,1062.0,212.27096868522418
BE40,9,11,738.0,412.0187294679168
BE40,9,12,1231.0,450.35215526358826
BE40,9,13,139.0,-252.94418800298456
BE40,9,14,1518.0,279.67471134394106
BE40,9,15,1085.0,655.7276350915353
BE40,9,16,1120.0,488.42927679660437
BE40,9,17,1727.0,265.4896245300811
BE40,9,18,478.0,530.6813651110095
BE40,9,19,740.0,-54.99762957405202
BE40,9,20,344.0,360.6257676603917
BE40,9,21,1052.0,454.24059876835884
BE40,9,22,1053.0,105.83625430983187
BE40,9,23,1403.0,532.2335247092404
BE40,9,24,837.0,615.1456927805607
BE40,9,25,495.0,438.6961869697645
BE40,9,26,807.0,757.7236286730426
BE40,9,27,1238.0,658.4658839394615
BE40,9,28,1312.0,486.7265546711688
BE40,9,29,785.0,603.4849922197163
BE40,9,30,1021.0,461.7087830579727
BE40,9,31,1671.0,591.7968234966129
BE40,9,32,1474.0,441.6531295296922
BE40,9,33,1141.0,393.9496700919593
BE40,9,34,580.0,418.69002187049597
BE40,9,35,560.0,214.19802679660435
BE40,9,36,771.0,515.7421485309012
BE40,9,37,818.0,811.6993802719799
BE40,9,38,1058.0,643.3647497239606
BE40,9,39,906.0,693.4967890167242
BE40,9,40,945.0,386.3357252093028
BE40,9,41,1375.0,694.0251566667341
BE40,9,42,1521.0,415.25352365017807
BE40,9,43,1028.0,628.2937049511347
BE40,9,44,1050.0,741.5611220346997
BE40,9,45,309.0,120.8930684054809
BE40,9,46,1161.0,646.1954274364468
BE40,9,47,1272.0,519.5044059520401
BE40,9,48,731.0,341.92416027325083
BE40,9,49,627.0,249.98900993627169
BE40,9,50,915.0,464.3948456880954
BE40,9,51,977.0,312.4228951984175
BE40,9,52,676.0,217.28541056668044
BE40,9,53,1176.0,808.5118023068084
BE40,9,54,410.0,663.95124979312
BE40,9,55,1566.0,482.1159477964219
BE40,9,56,1232.0,450.32383848491605
BE40,9,57,568.0,1099.4165881648134
BE40,9,58,919.0,1142.8782887272744
BE40,9,59,1130.0,661.718096328842
BE40,9,60,1033.0,324.5171908126464
BE40,9,61,962.0,629.3359463095239
BE40,9,62,956.0,237.20542368841546
BE40,9,63,636.0,489.3196575243672
BE40,9,64,578.0,691.2132887837522
BE40,9,65,1250.0,413.4578839394615
BE40,9,66,1927.0,891.802676881859
BE40,9,67,1489.0,607.8903298763319
BE40,9,68,1019.0,806.7180919865664
BE40,9,69,984.0,634.196574996372
BE40,9,70,364.0,614.5400597636373
BE40,9,71,1002.0,756.7862432208985
BE40,9,72,1160.0,895.2960563532547
BE40,9,73,1389.0,680.9655239682592
BE40,9,74,1034.0,395.2424796841424
BE40,9,75,1100.0,625.2177021212797
BE40,9,76,1462.0,654.6218346918555
BE40,9,77,1241.0,682.4699129483254
BE40,9,78,620.0,586.6578194233324
BE40,9,79,1062.0,726.6805732049982
BE40,9,80,1259.0,576.422198474807
BE40,9,81,1497.0,224.7050288960413
BE40,9,82,774.0,570.2010260583246
BE40,9,83,874.0,817.7908267312235
BE40,9,84,597.0,529.7891670215386
BE40,9,85,1802.0,557.8154954821917
BE40,9,86,1313.0,378.61287556170066
BE40,9,87,1239.0,670.1365861186383
BE40,9,88,997.0,639.95434933565
BE40,9,89,1220.0,768.4380150870026
BE40,9,90,766.0,570.655178978626
BE40,9,91,1141.0,892.3756122479627
BE40,9,92,1167.0,493.7152412659397
BE40,9,93,1577.0,886.259162316126
BE40,9,94,1034.0,406.22507156035124
BE40,9,95,516.0,193.12479866814365
BE40,9,96,1509.0,683.5029946087789
BE40,9,97,374.0,400.4043866132584
BE40,9,98,864.0,637.646439495017
BE40,9,99,1325.0,825.4055065809708
BE40,9,100,1068.0,654.875059969424
BE40,9,101,1045.0,743.3089461404184
BE40,9,102,934.0,593.4787319052003
BE40,9,103,1499.0,782.0829619914963
BE40,9,104,1144.0,408.3338909324685
BE40,9,105,1497.0,836.2935392500827
BE40,9,106,1464.0,443.03692219082757
BE40,9,107,1317.0,634.7156941141008
BE40,9,108,2021.0,906.6054188231824
BE40,9,109,2168.0,670.9211422420445
BE40,9,110,1723.0,1173.9458607241393
BE40,9,111,1472.0,1035.4278404612007
BE40,9,112,931.0,760.2779140146495
BE40,9,113,1532.0,376.2974766287565
BE40,9,114,1055.0,508.31327730439045
BE40,9,115,1279.0,911.7692459410251
BE40,9,116,1527.0,554.0474163559644
BE40,9,117,1575.0,358.04048711406466
BE40,9,118,805.0,564.7366913928777
BE40,9,119,1186.0,647.4102346983148
BE40,9,120,1217.0,940.6976012771772
BE40,9,121,1108.0,559.8341149863928
BE40,9,122,1525.0,552.4632609886418
BE40,9,123,431.0,301.7883897399256
BE40,9,124,1107.0,731.7495334426233
BE40,9,125,646.0,390.7151099456534
BE40,9,126,1284.0,800.0671300453805
BE40,9,127,1116.0,583.2902566993181
BE40,9,128,981.0,552.1427442860465
BE40,9,129,709.0,227.54345798741642
BE40,9,130,1423.0,395.88682561198436
BE40,9,131,566.0,820.9959192751506
BE40,9,132,1376.0,438.09669789294986
BE40,9,133,1068.0,370.7730000443304
BE40,9,134,1104.0,602.3082752438094
BE40,9,135,1502.0,585.8340597051074
BE40,9,136,832.0,715.9358358625384
BE40,9,137,1594.0,543.1503255956724
BE40,9,138,1611.0,503.80914899222375
BE40,9,139,736.0,1317.891155678592
BE40,9,140,1421.0,687.6931886544509
BE40,9,141,879.0,351.5443822329769
BE40,9,142,631.0,566.1869615939781
BE40,9,143,1693.0,362.0795874243995
BE40,9,144,1144.0,432.11885596743355
BE40,9,145,1570.0,509.9703425381876
BE40,9,146,1228.0,847.9137666756178
BE40,9,147,1037.0,478.7156428594229
BE40,9,148,1540.0,437.1340657576433
BE40,9,149,1645.0,486.38138545921834
BE40,9,150,1551.0,705.9359032818213
BE40,9,151,953.0,191.7565450097658
BE40,9,152,820.0,410.1597863784858
BE40,9,153,1573.0,672.7958267239497
BE40,9,154,1485.0,952.098880572458
BE40,9,155,848.0,332.47531790172565
BE40,9,156,740.0,175.39966772324527
BE40,9,157,1192.0,298.0338369595957
BE40,9,158,502.0,169.54954927810692
BE40,9,159,1233.0,465.5323884001265
BE40,9,160,938.0,259.624732553534
BE40,9,161,1177.0,327.3214489352134
BE40,9,162,960.0,563.5960922727949
BE40,9,163,945.0,651.0648257384032
BE40,9,164,1413.0,753.3682193959371
BE40,9,165,1235.0,531.0181106601093
BE40,9,166,1456.0,681.7165707526482
BE40,9,167,861.0,435.41361913109915
BE40,9,168,1320.0,454.4855809091585
BE40,9,169,1469.0,563.140492516725
BE40,9,170,1342.0,608.2557498112944
BE40,9,171,1181.0,629.5751134060152
BE40,9,172,438.0,-63.20078272720517
BE40,9,173,1470.0,695.2577206741553
BE40,9,174,778.0,175.61755489061832
BE40,9,175,957.0,599.8974408882599
BE40,9,176,1105.0,276.25683416570587
BE40,9,177,813.0,657.679906079683
BE40,9,178,1341.0,305.23396745922287
BE40,9,179,504.0,208.47977282835038
BE40,9,180,1071.0,226.87764864534384
BE40,9,181,1194.0,831.5772742242186
BE40,9,182,1315.0,862.270446677104
BE40,9,183,1430.0,406.2309189044965
BE40,9,184,896.0,624.4915535823186
BE40,9,185,820.0,373.0097863784859
BE40,9,186,2040.0,471.33794276299085
BE40,9,187,1198.0,333.61696908136463
BE40,9,188,919.0,378.969692426948
BE40,9,189,1393.0,768.1047927693251
BE40,9,190,1423.0,367.77087339835117
BE40,9,191,1425.0,446.52412955349655
BE40,9,192,1134.0,902.4720567789677
BE40,9,193,683.0,416.92708452511306
BE40,9,194,824.0,707.1151557841216
BE40,9,195,1087.0,709.7547523847237
BE40,9,196,1228.0,571.7948741674745
BE40,9,197,597.0,418.77241660277815
BE40,9,198,390.0,62.24280701638457
BE40,9,199,1065.0,619.5297337047197
BE40,9,200,701.0,309.8253703873931
BE40,9,201,727.0,460.00921268774215
BE40,9,202,449.0,151.49260999736796
BE40,9,203,1026.0,537.3820632766934
BE40,9,204,1137.0,510.9768777829091
BE40,9,205,1027.0,95.2876950397536
BE40,9,206,989.0,885.6418192276313
BE40,9,207,882.0,797.2810766832257
BE40,9,208,836.0,490.743395901184
BE40,9,209,1843.0,271.873914324703
BE40,9,210,1135.0,328.97072975443945
BE40,9,211,1206.0,460.43022888141843
BE40,9,212,1050.0,338.1306458442234
BE40,9,213,1256.0,294.848845722901
BE40,9,214,1457.0,272.46382491406683
BE40,9,215,690.0,107.63834770757744
BE40,9,216,831.0,86.43820644246995
BE40,9,217,961.0,140.92790266995058
BE40,9,218,831.0,470.2625145050452
BE40,9,219,794.0,49.54019124424739
BE40,9,220,939.0,674.4978328212507
BE40,9,221,769.0,439.447678477823
BE40,9,222,790.0,220.50639026857547
BE40,9,223,1495.0,291.7735762471538
BE40,9,224,1506.0,297.4904523325558
BE40,9,225,607.0,12.373626937814045
BE40,9,226,1186.0,309.7188350355829
BE40,9,227,1252.0,748.4195580608673
BE40,9,228,1750.0,218.1355982251758
BE40,9,229,1297.0,144.09502811833582
BE40,9,230,960.0,205.32942560612815
BE40,9,231,1191.0,473.5825925876563
BE40,9,232,1203.0,329.7385356435346
BE40,9,233,1112.0,57.335488256008254
BE40,9,234,595.0,123.3583209142514
BE40,9,235,1305.0,-4.197717593105553
BE40,9,236,754.0,335.28286006678246
BE40,9,237,296.0,-82.3010079524304
